company_code,company_name,job_title,posting_count,job_ids,source_sheets,source_rows,risk_score,score_repeatability,score_rule_clarity,score_data_structuredness,score_complex_communication,score_responsibility_judgment,score_compliance_trust,score_cross_function_coordination,evidence_repeatability,evidence_rule_clarity,evidence_data_structuredness,evidence_complex_communication,evidence_responsibility_judgment,evidence_compliance_trust,evidence_cross_function_coordination,risk_band,rubric
600446.SH,金证股份,Java开发工程师（深圳国泰海通）,1,JOB_0135,1-4,139,94.3,4.0,5.0,4.0,1.0,1.0,1.0,1.0,测试、文档,流程、规范、测试、SQL,SQL、数据库,,,,,高,七维等权研究设计：任务重复性、规则明确性、数据结构化程度为正向项；复杂沟通、责任判断、合规或信任责任、跨部门协调为反向项。每项按命中词数映射为1/3/4/5分（0/1/2-3/4个及以上）；替代风险评分=100*[三项正向得分之和+四项(6-反向得分)之和]/35。评分仅反映本研究词典与岗位文本下的任务自动化潜力，不是实际替代概率。
300059.SZ,东方财富,JAVA服务端开发工程师 (财务系统-外包),1,JOB_0113,1-4,116,88.6,3.0,4.0,4.0,1.0,1.0,1.0,1.0,脚本,SQL、脚本,SQL、数据库,,,,,高,七维等权研究设计：任务重复性、规则明确性、数据结构化程度为正向项；复杂沟通、责任判断、合规或信任责任、跨部门协调为反向项。每项按命中词数映射为1/3/4/5分（0/1/2-3/4个及以上）；替代风险评分=100*[三项正向得分之和+四项(6-反向得分)之和]/35。评分仅反映本研究词典与岗位文本下的任务自动化潜力，不是实际替代概率。
300059.SZ,东方财富,数据编辑,1,JOB_0100,1-4,103,88.6,4.0,3.0,4.0,1.0,1.0,1.0,1.0,录入、数据处理,SQL,SQL、数据处理,,,,,高,七维等权研究设计：任务重复性、规则明确性、数据结构化程度为正向项；复杂沟通、责任判断、合规或信任责任、跨部门协调为反向项。每项按命中词数映射为1/3/4/5分（0/1/2-3/4个及以上）；替代风险评分=100*[三项正向得分之和+四项(6-反向得分)之和]/35。评分仅反映本研究词典与岗位文本下的任务自动化潜力，不是实际替代概率。
300059.SZ,东方财富,数据编辑 (MJ001940),1,JOB_0098,1-4,101,88.6,4.0,3.0,4.0,1.0,1.0,1.0,1.0,录入、数据处理,SQL,SQL、数据处理,,,,,高,七维等权研究设计：任务重复性、规则明确性、数据结构化程度为正向项；复杂沟通、责任判断、合规或信任责任、跨部门协调为反向项。每项按命中词数映射为1/3/4/5分（0/1/2-3/4个及以上）；替代风险评分=100*[三项正向得分之和+四项(6-反向得分)之和]/35。评分仅反映本研究词典与岗位文本下的任务自动化潜力，不是实际替代概率。
300059.SZ,东方财富,数据编辑 (MJ001945),1,JOB_0114,1-4,117,88.6,4.0,3.0,4.0,1.0,1.0,1.0,1.0,录入、数据处理,SQL,SQL、数据处理,,,,,高,七维等权研究设计：任务重复性、规则明确性、数据结构化程度为正向项；复杂沟通、责任判断、合规或信任责任、跨部门协调为反向项。每项按命中词数映射为1/3/4/5分（0/1/2-3/4个及以上）；替代风险评分=100*[三项正向得分之和+四项(6-反向得分)之和]/35。评分仅反映本研究词典与岗位文本下的任务自动化潜力，不是实际替代概率。
300059.SZ,东方财富,数据编辑专员,1,JOB_0115,1-4,118,88.6,4.0,3.0,4.0,1.0,1.0,1.0,1.0,录入、数据处理,SQL,SQL、数据处理,,,,,高,七维等权研究设计：任务重复性、规则明确性、数据结构化程度为正向项；复杂沟通、责任判断、合规或信任责任、跨部门协调为反向项。每项按命中词数映射为1/3/4/5分（0/1/2-3/4个及以上）；替代风险评分=100*[三项正向得分之和+四项(6-反向得分)之和]/35。评分仅反映本研究词典与岗位文本下的任务自动化潜力，不是实际替代概率。
300674.SZ,宇信科技,【校招】大数据开发工程师(J12463),1,JOB_0225,5-8,32,88.6,3.0,3.0,5.0,1.0,1.0,1.0,1.0,数据处理,SQL,SQL、数据仓库、数据处理、数据建模,,,,,高,七维等权研究设计：任务重复性、规则明确性、数据结构化程度为正向项；复杂沟通、责任判断、合规或信任责任、跨部门协调为反向项。每项按命中词数映射为1/3/4/5分（0/1/2-3/4个及以上）；替代风险评分=100*[三项正向得分之和+四项(6-反向得分)之和]/35。评分仅反映本研究词典与岗位文本下的任务自动化潜力，不是实际替代概率。
600446.SH,金证股份,Java开发工程师（上海国泰海通项目）,1,JOB_0139,1-4,143,88.6,3.0,4.0,4.0,1.0,1.0,1.0,1.0,测试,规范、测试、SQL,SQL、数据库,,,,,高,七维等权研究设计：任务重复性、规则明确性、数据结构化程度为正向项；复杂沟通、责任判断、合规或信任责任、跨部门协调为反向项。每项按命中词数映射为1/3/4/5分（0/1/2-3/4个及以上）；替代风险评分=100*[三项正向得分之和+四项(6-反向得分)之和]/35。评分仅反映本研究词典与岗位文本下的任务自动化潜力，不是实际替代概率。
600446.SH,金证股份,Python开发,1,JOB_0125,1-4,129,88.6,3.0,3.0,5.0,1.0,1.0,1.0,1.0,数据处理,SQL,SQL、数据库、数据处理、交易,,,,,高,七维等权研究设计：任务重复性、规则明确性、数据结构化程度为正向项；复杂沟通、责任判断、合规或信任责任、跨部门协调为反向项。每项按命中词数映射为1/3/4/5分（0/1/2-3/4个及以上）；替代风险评分=100*[三项正向得分之和+四项(6-反向得分)之和]/35。评分仅反映本研究词典与岗位文本下的任务自动化潜力，不是实际替代概率。
300033.SZ,同花顺,数据分析,1,JOB_0024,1-4,26,85.7,3.0,3.0,4.0,1.0,1.0,1.0,1.0,数据处理,SQL,SQL、数据处理、统计,,,,,高,七维等权研究设计：任务重复性、规则明确性、数据结构化程度为正向项；复杂沟通、责任判断、合规或信任责任、跨部门协调为反向项。每项按命中词数映射为1/3/4/5分（0/1/2-3/4个及以上）；替代风险评分=100*[三项正向得分之和+四项(6-反向得分)之和]/35。评分仅反映本研究词典与岗位文本下的任务自动化潜力，不是实际替代概率。
300674.SZ,宇信科技,【实习】大数据开发工程师（有转正机会）(J12571),1,JOB_0229,5-8,36,85.7,3.0,3.0,4.0,1.0,1.0,1.0,1.0,数据处理,SQL,SQL、数据仓库、数据处理,,,,,高,七维等权研究设计：任务重复性、规则明确性、数据结构化程度为正向项；复杂沟通、责任判断、合规或信任责任、跨部门协调为反向项。每项按命中词数映射为1/3/4/5分（0/1/2-3/4个及以上）；替代风险评分=100*[三项正向得分之和+四项(6-反向得分)之和]/35。评分仅反映本研究词典与岗位文本下的任务自动化潜力，不是实际替代概率。
300033.SZ,同花顺,数据录入,1,JOB_0017,1-4,19,82.9,3.0,3.0,3.0,1.0,1.0,1.0,1.0,录入,SQL,SQL,,,,,高,七维等权研究设计：任务重复性、规则明确性、数据结构化程度为正向项；复杂沟通、责任判断、合规或信任责任、跨部门协调为反向项。每项按命中词数映射为1/3/4/5分（0/1/2-3/4个及以上）；替代风险评分=100*[三项正向得分之和+四项(6-反向得分)之和]/35。评分仅反映本研究词典与岗位文本下的任务自动化潜力，不是实际替代概率。
300872.SZ,天阳科技,Java 开发（银行驻场）,1,JOB_0164,9-12,3,82.9,4.0,5.0,5.0,3.0,1.0,1.0,4.0,脚本、文档,流程、规范、SQL、脚本,SQL、数据库、ETL、数据建模,驻场,,,协同、驻场,高,七维等权研究设计：任务重复性、规则明确性、数据结构化程度为正向项；复杂沟通、责任判断、合规或信任责任、跨部门协调为反向项。每项按命中词数映射为1/3/4/5分（0/1/2-3/4个及以上）；替代风险评分=100*[三项正向得分之和+四项(6-反向得分)之和]/35。评分仅反映本研究词典与岗位文本下的任务自动化潜力，不是实际替代概率。
600446.SH,金证股份,Java开发工程师（海通证券）,1,JOB_0126,1-4,130,82.9,3.0,4.0,4.0,1.0,3.0,1.0,1.0,清算,清算、SQL,SQL、交易、清算,,设计,,,高,七维等权研究设计：任务重复性、规则明确性、数据结构化程度为正向项；复杂沟通、责任判断、合规或信任责任、跨部门协调为反向项。每项按命中词数映射为1/3/4/5分（0/1/2-3/4个及以上）；替代风险评分=100*[三项正向得分之和+四项(6-反向得分)之和]/35。评分仅反映本研究词典与岗位文本下的任务自动化潜力，不是实际替代概率。
600446.SH,金证股份,高级Java开发工程师（深圳国泰海通项目）,1,JOB_0129,1-4,133,82.9,1.0,4.0,4.0,1.0,1.0,1.0,1.0,,规范、SQL,SQL、数据库,,,,,高,七维等权研究设计：任务重复性、规则明确性、数据结构化程度为正向项；复杂沟通、责任判断、合规或信任责任、跨部门协调为反向项。每项按命中词数映射为1/3/4/5分（0/1/2-3/4个及以上）；替代风险评分=100*[三项正向得分之和+四项(6-反向得分)之和]/35。评分仅反映本研究词典与岗位文本下的任务自动化潜力，不是实际替代概率。
603927.SH,中科软,大数据开发工程师,1,JOB_0187,9-12,26,80.0,4.0,4.0,4.0,3.0,1.0,1.0,3.0,数据处理、脚本,SQL、脚本,SQL、数据处理,沟通,,,沟通,高,七维等权研究设计：任务重复性、规则明确性、数据结构化程度为正向项；复杂沟通、责任判断、合规或信任责任、跨部门协调为反向项。每项按命中词数映射为1/3/4/5分（0/1/2-3/4个及以上）；替代风险评分=100*[三项正向得分之和+四项(6-反向得分)之和]/35。评分仅反映本研究词典与岗位文本下的任务自动化潜力，不是实际替代概率。
300674.SZ,宇信科技,【实习】JAVA开发工程师（有转正机会）(J12753),1,JOB_0228,5-8,35,80.0,1.0,3.0,4.0,1.0,1.0,1.0,1.0,,SQL,SQL、数据库,,,,,高,七维等权研究设计：任务重复性、规则明确性、数据结构化程度为正向项；复杂沟通、责任判断、合规或信任责任、跨部门协调为反向项。每项按命中词数映射为1/3/4/5分（0/1/2-3/4个及以上）；替代风险评分=100*[三项正向得分之和+四项(6-反向得分)之和]/35。评分仅反映本研究词典与岗位文本下的任务自动化潜力，不是实际替代概率。
300674.SZ,宇信科技,【校招】JAVA开发工程师(J12462),1,JOB_0224,5-8,31,80.0,1.0,3.0,4.0,1.0,1.0,1.0,1.0,,SQL,SQL、数据库,,,,,高,七维等权研究设计：任务重复性、规则明确性、数据结构化程度为正向项；复杂沟通、责任判断、合规或信任责任、跨部门协调为反向项。每项按命中词数映射为1/3/4/5分（0/1/2-3/4个及以上）；替代风险评分=100*[三项正向得分之和+四项(6-反向得分)之和]/35。评分仅反映本研究词典与岗位文本下的任务自动化潜力，不是实际替代概率。
300674.SZ,宇信科技,中级系统工程师(J11841),1,JOB_0213,5-8,20,80.0,4.0,3.0,4.0,1.0,4.0,1.0,1.0,监控、运维,SQL,SQL、数据库,,策略、问题解决、管理,,,高,七维等权研究设计：任务重复性、规则明确性、数据结构化程度为正向项；复杂沟通、责任判断、合规或信任责任、跨部门协调为反向项。每项按命中词数映射为1/3/4/5分（0/1/2-3/4个及以上）；替代风险评分=100*[三项正向得分之和+四项(6-反向得分)之和]/35。评分仅反映本研究词典与岗位文本下的任务自动化潜力，不是实际替代概率。
688590.SH,新致软件,中级测试工程师,1,JOB_0147,13-15,6,80.0,4.0,4.0,4.0,3.0,1.0,1.0,3.0,测试、测试用例、维护,测试、测试用例、SQL,SQL、数据库,沟通,,,沟通,高,七维等权研究设计：任务重复性、规则明确性、数据结构化程度为正向项；复杂沟通、责任判断、合规或信任责任、跨部门协调为反向项。每项按命中词数映射为1/3/4/5分（0/1/2-3/4个及以上）；替代风险评分=100*[三项正向得分之和+四项(6-反向得分)之和]/35。评分仅反映本研究词典与岗位文本下的任务自动化潜力，不是实际替代概率。
000555.SZ,神州信息,高级java组长(J16069),1,JOB_0230,5-8,37,80.0,3.0,4.0,4.0,1.0,4.0,1.0,1.0,运维,流程、SQL,SQL、数据库,,架构、设计、需求分析,,,高,七维等权研究设计：任务重复性、规则明确性、数据结构化程度为正向项；复杂沟通、责任判断、合规或信任责任、跨部门协调为反向项。每项按命中词数映射为1/3/4/5分（0/1/2-3/4个及以上）；替代风险评分=100*[三项正向得分之和+四项(6-反向得分)之和]/35。评分仅反映本研究词典与岗位文本下的任务自动化潜力，不是实际替代概率。
002230.SZ,科大讯飞,高级 Java 开发工程师（科大讯飞）,1,JOB_0151,13-15,10,80.0,3.0,5.0,3.0,1.0,4.0,1.0,1.0,测试,流程、规范、测试、SQL,SQL,,架构、方案、设计,,,高,七维等权研究设计：任务重复性、规则明确性、数据结构化程度为正向项；复杂沟通、责任判断、合规或信任责任、跨部门协调为反向项。每项按命中词数映射为1/3/4/5分（0/1/2-3/4个及以上）；替代风险评分=100*[三项正向得分之和+四项(6-反向得分)之和]/35。评分仅反映本研究词典与岗位文本下的任务自动化潜力，不是实际替代概率。
300377.SZ,赢时胜,软件测试实习生,2,JOB_0198、JOB_0199,5-8,5、6,77.1,4.0,4.0,1.0,1.0,3.0,1.0,1.0,测试、测试用例,测试、测试用例,,,设计,,,高,七维等权研究设计：任务重复性、规则明确性、数据结构化程度为正向项；复杂沟通、责任判断、合规或信任责任、跨部门协调为反向项。每项按命中词数映射为1/3/4/5分（0/1/2-3/4个及以上）；替代风险评分=100*[三项正向得分之和+四项(6-反向得分)之和]/35。评分仅反映本研究词典与岗位文本下的任务自动化潜力，不是实际替代概率。
300059.SZ,东方财富,Java服务端开发工程师（证券）,1,JOB_0123,1-4,126,77.1,4.0,4.0,4.0,1.0,4.0,1.0,3.0,测试、文档,测试、SQL,SQL、数据库,,架构、方案、设计,,产品,高,七维等权研究设计：任务重复性、规则明确性、数据结构化程度为正向项；复杂沟通、责任判断、合规或信任责任、跨部门协调为反向项。每项按命中词数映射为1/3/4/5分（0/1/2-3/4个及以上）；替代风险评分=100*[三项正向得分之和+四项(6-反向得分)之和]/35。评分仅反映本研究词典与岗位文本下的任务自动化潜力，不是实际替代概率。
300033.SZ,同花顺,测试开发工程师,1,JOB_0025,1-4,27,77.1,3.0,3.0,1.0,1.0,1.0,1.0,1.0,测试,测试,,,,,,高,七维等权研究设计：任务重复性、规则明确性、数据结构化程度为正向项；复杂沟通、责任判断、合规或信任责任、跨部门协调为反向项。每项按命中词数映射为1/3/4/5分（0/1/2-3/4个及以上）；替代风险评分=100*[三项正向得分之和+四项(6-反向得分)之和]/35。评分仅反映本研究词典与岗位文本下的任务自动化潜力，不是实际替代概率。
300033.SZ,同花顺,行情后台开发工程师,1,JOB_0043,1-4,45,77.1,3.0,1.0,3.0,1.0,1.0,1.0,1.0,数据处理,,数据处理,,,,,高,七维等权研究设计：任务重复性、规则明确性、数据结构化程度为正向项；复杂沟通、责任判断、合规或信任责任、跨部门协调为反向项。每项按命中词数映射为1/3/4/5分（0/1/2-3/4个及以上）；替代风险评分=100*[三项正向得分之和+四项(6-反向得分)之和]/35。评分仅反映本研究词典与岗位文本下的任务自动化潜力，不是实际替代概率。
300872.SZ,天阳科技,金融测试工程师,1,JOB_0167,9-12,6,77.1,4.0,4.0,3.0,3.0,1.0,1.0,3.0,测试、脚本,测试、SQL、脚本,SQL,沟通,,,沟通,高,七维等权研究设计：任务重复性、规则明确性、数据结构化程度为正向项；复杂沟通、责任判断、合规或信任责任、跨部门协调为反向项。每项按命中词数映射为1/3/4/5分（0/1/2-3/4个及以上）；替代风险评分=100*[三项正向得分之和+四项(6-反向得分)之和]/35。评分仅反映本研究词典与岗位文本下的任务自动化潜力，不是实际替代概率。
688590.SH,新致软件,测试工程师,1,JOB_0145,13-15,4,77.1,3.0,3.0,1.0,1.0,1.0,1.0,1.0,测试,测试,,,,,,高,七维等权研究设计：任务重复性、规则明确性、数据结构化程度为正向项；复杂沟通、责任判断、合规或信任责任、跨部门协调为反向项。每项按命中词数映射为1/3/4/5分（0/1/2-3/4个及以上）；替代风险评分=100*[三项正向得分之和+四项(6-反向得分)之和]/35。评分仅反映本研究词典与岗位文本下的任务自动化潜力，不是实际替代概率。
000555.SZ,神州信息,软件测试工程师(J22212),1,JOB_0239,5-8,46,77.1,4.0,4.0,3.0,3.0,1.0,1.0,3.0,测试、脚本,测试、SQL、脚本,SQL,沟通,,,沟通,高,七维等权研究设计：任务重复性、规则明确性、数据结构化程度为正向项；复杂沟通、责任判断、合规或信任责任、跨部门协调为反向项。每项按命中词数映射为1/3/4/5分（0/1/2-3/4个及以上）；替代风险评分=100*[三项正向得分之和+四项(6-反向得分)之和]/35。评分仅反映本研究词典与岗位文本下的任务自动化潜力，不是实际替代概率。
600446.SH,金证股份,DevOps工程师,1,JOB_0124,1-4,128,77.1,4.0,3.0,3.0,1.0,4.0,1.0,1.0,数据处理、监控,流程,数据处理,,架构、设计、管理,,,高,七维等权研究设计：任务重复性、规则明确性、数据结构化程度为正向项；复杂沟通、责任判断、合规或信任责任、跨部门协调为反向项。每项按命中词数映射为1/3/4/5分（0/1/2-3/4个及以上）；替代风险评分=100*[三项正向得分之和+四项(6-反向得分)之和]/35。评分仅反映本研究词典与岗位文本下的任务自动化潜力，不是实际替代概率。
300059.SZ,东方财富,服务端工程师 (Java),1,JOB_0111,1-4,114,74.3,1.0,3.0,4.0,1.0,3.0,1.0,1.0,,SQL,SQL、数据库,,创新,,,高,七维等权研究设计：任务重复性、规则明确性、数据结构化程度为正向项；复杂沟通、责任判断、合规或信任责任、跨部门协调为反向项。每项按命中词数映射为1/3/4/5分（0/1/2-3/4个及以上）；替代风险评分=100*[三项正向得分之和+四项(6-反向得分)之和]/35。评分仅反映本研究词典与岗位文本下的任务自动化潜力，不是实际替代概率。
300059.SZ,东方财富,服务端开发工程师Java (证券交易),1,JOB_0112,1-4,115,74.3,1.0,3.0,4.0,1.0,1.0,3.0,1.0,,SQL,SQL、数据库、交易,,,证券交易,,高,七维等权研究设计：任务重复性、规则明确性、数据结构化程度为正向项；复杂沟通、责任判断、合规或信任责任、跨部门协调为反向项。每项按命中词数映射为1/3/4/5分（0/1/2-3/4个及以上）；替代风险评分=100*[三项正向得分之和+四项(6-反向得分)之和]/35。评分仅反映本研究词典与岗位文本下的任务自动化潜力，不是实际替代概率。
300872.SZ,天阳科技,ETL 开发工程师,1,JOB_0172,9-12,11,74.3,1.0,4.0,5.0,3.0,1.0,1.0,3.0,,流程、SQL,SQL、数据库、数据仓库、ETL,沟通,,,沟通,高,七维等权研究设计：任务重复性、规则明确性、数据结构化程度为正向项；复杂沟通、责任判断、合规或信任责任、跨部门协调为反向项。每项按命中词数映射为1/3/4/5分（0/1/2-3/4个及以上）；替代风险评分=100*[三项正向得分之和+四项(6-反向得分)之和]/35。评分仅反映本研究词典与岗位文本下的任务自动化潜力，不是实际替代概率。
688590.SH,新致软件,软件测试工程师（含 4 级功能测试 / 5 级数据测试 / 4-5 级自动化测试方向）,1,JOB_0143,13-15,2,74.3,4.0,5.0,5.0,3.0,5.0,1.0,3.0,测试、脚本,流程、测试、SQL、脚本,SQL、数据库、数据仓库、ETL、数据平台,沟通,架构、方案、设计、管理,,沟通,高,七维等权研究设计：任务重复性、规则明确性、数据结构化程度为正向项；复杂沟通、责任判断、合规或信任责任、跨部门协调为反向项。每项按命中词数映射为1/3/4/5分（0/1/2-3/4个及以上）；替代风险评分=100*[三项正向得分之和+四项(6-反向得分)之和]/35。评分仅反映本研究词典与岗位文本下的任务自动化潜力，不是实际替代概率。
002987.SZ,京北方,高级全栈开发工程师,1,JOB_0182,9-12,21,71.4,1.0,4.0,4.0,1.0,5.0,1.0,1.0,,规范、SQL,SQL、数据库,,架构、方案、设计、算法,,,高,七维等权研究设计：任务重复性、规则明确性、数据结构化程度为正向项；复杂沟通、责任判断、合规或信任责任、跨部门协调为反向项。每项按命中词数映射为1/3/4/5分（0/1/2-3/4个及以上）；替代风险评分=100*[三项正向得分之和+四项(6-反向得分)之和]/35。评分仅反映本研究词典与岗位文本下的任务自动化潜力，不是实际替代概率。
300033.SZ,同花顺,AIME人才计划算法工程师,1,JOB_0027,1-4,29,71.4,3.0,1.0,3.0,1.0,3.0,1.0,1.0,数据处理,,数据处理,,算法,,,高,七维等权研究设计：任务重复性、规则明确性、数据结构化程度为正向项；复杂沟通、责任判断、合规或信任责任、跨部门协调为反向项。每项按命中词数映射为1/3/4/5分（0/1/2-3/4个及以上）；替代风险评分=100*[三项正向得分之和+四项(6-反向得分)之和]/35。评分仅反映本研究词典与岗位文本下的任务自动化潜力，不是实际替代概率。
300674.SZ,宇信科技,东部数据一部服务类(J11846),1,JOB_0216,5-8,23,71.4,4.0,4.0,4.0,3.0,4.0,1.0,3.0,脚本、维护,流程、SQL、脚本,SQL、数据库、数据仓库,沟通,设计、需求分析,,沟通,高,七维等权研究设计：任务重复性、规则明确性、数据结构化程度为正向项；复杂沟通、责任判断、合规或信任责任、跨部门协调为反向项。每项按命中词数映射为1/3/4/5分（0/1/2-3/4个及以上）；替代风险评分=100*[三项正向得分之和+四项(6-反向得分)之和]/35。评分仅反映本研究词典与岗位文本下的任务自动化潜力，不是实际替代概率。
300377.SZ,赢时胜,需求分析实习生,3,JOB_0195、JOB_0196、JOB_0197,5-8,2、3、4,68.6,4.0,4.0,4.0,3.0,4.0,1.0,4.0,清算、核算、文档,核算、清算、指标,指标、清算、核算,需求调研,设计、需求分析,,需求调研、产品,高,七维等权研究设计：任务重复性、规则明确性、数据结构化程度为正向项；复杂沟通、责任判断、合规或信任责任、跨部门协调为反向项。每项按命中词数映射为1/3/4/5分（0/1/2-3/4个及以上）；替代风险评分=100*[三项正向得分之和+四项(6-反向得分)之和]/35。评分仅反映本研究词典与岗位文本下的任务自动化潜力，不是实际替代概率。
300033.SZ,同花顺,Java开发工程师,2,JOB_0045、JOB_0052,1-4,47、54,68.6,1.0,2.0,2.0,1.0,2.0,1.0,1.0,,SQL,SQL,,架构,,,高,七维等权研究设计：任务重复性、规则明确性、数据结构化程度为正向项；复杂沟通、责任判断、合规或信任责任、跨部门协调为反向项。每项按命中词数映射为1/3/4/5分（0/1/2-3/4个及以上）；替代风险评分=100*[三项正向得分之和+四项(6-反向得分)之和]/35。评分仅反映本研究词典与岗位文本下的任务自动化潜力，不是实际替代概率。
300059.SZ,东方财富,资深服务端开发工程师-Java (MJ00...),1,JOB_0117,1-4,120,68.6,1.0,3.0,3.0,1.0,4.0,1.0,1.0,,规范,交易,,架构、设计,,,高,七维等权研究设计：任务重复性、规则明确性、数据结构化程度为正向项；复杂沟通、责任判断、合规或信任责任、跨部门协调为反向项。每项按命中词数映射为1/3/4/5分（0/1/2-3/4个及以上）；替代风险评分=100*[三项正向得分之和+四项(6-反向得分)之和]/35。评分仅反映本研究词典与岗位文本下的任务自动化潜力，不是实际替代概率。
300033.SZ,同花顺,量化策略研发工程师,1,JOB_0047,1-4,49,68.6,1.0,3.0,3.0,1.0,4.0,1.0,1.0,,SQL,SQL,,架构、设计、策略,,,高,七维等权研究设计：任务重复性、规则明确性、数据结构化程度为正向项；复杂沟通、责任判断、合规或信任责任、跨部门协调为反向项。每项按命中词数映射为1/3/4/5分（0/1/2-3/4个及以上）；替代风险评分=100*[三项正向得分之和+四项(6-反向得分)之和]/35。评分仅反映本研究词典与岗位文本下的任务自动化潜力，不是实际替代概率。
300674.SZ,宇信科技,中级测试工程师(J11889),1,JOB_0218,5-8,25,68.6,4.0,4.0,3.0,3.0,4.0,1.0,3.0,测试、脚本,测试、SQL、脚本,SQL,沟通,方案、评估,,沟通,高,七维等权研究设计：任务重复性、规则明确性、数据结构化程度为正向项；复杂沟通、责任判断、合规或信任责任、跨部门协调为反向项。每项按命中词数映射为1/3/4/5分（0/1/2-3/4个及以上）；替代风险评分=100*[三项正向得分之和+四项(6-反向得分)之和]/35。评分仅反映本研究词典与岗位文本下的任务自动化潜力，不是实际替代概率。
600570.SH,恒生电子,数据开发工程师,1,JOB_0001,1-4,2,68.6,1.0,3.0,4.0,3.0,1.0,1.0,3.0,,SQL,SQL、数据平台,沟通,,,沟通,高,七维等权研究设计：任务重复性、规则明确性、数据结构化程度为正向项；复杂沟通、责任判断、合规或信任责任、跨部门协调为反向项。每项按命中词数映射为1/3/4/5分（0/1/2-3/4个及以上）；替代风险评分=100*[三项正向得分之和+四项(6-反向得分)之和]/35。评分仅反映本研究词典与岗位文本下的任务自动化潜力，不是实际替代概率。
688590.SH,新致软件,测试工程师（兴业银行外包）,1,JOB_0146,13-15,5,68.6,4.0,4.0,4.0,4.0,3.0,1.0,4.0,测试、维护,规范、测试、SQL,SQL、数据库,沟通、协调,管理,,协调、沟通,高,七维等权研究设计：任务重复性、规则明确性、数据结构化程度为正向项；复杂沟通、责任判断、合规或信任责任、跨部门协调为反向项。每项按命中词数映射为1/3/4/5分（0/1/2-3/4个及以上）；替代风险评分=100*[三项正向得分之和+四项(6-反向得分)之和]/35。评分仅反映本研究词典与岗位文本下的任务自动化潜力，不是实际替代概率。
688590.SH,新致软件,测试工程师（外派保险）,1,JOB_0149,13-15,8,68.6,4.0,5.0,4.0,4.0,4.0,1.0,4.0,测试、测试用例,流程、测试、测试用例、SQL,SQL、数据库,沟通、团队协作,设计、需求分析,,团队协作、沟通,高,七维等权研究设计：任务重复性、规则明确性、数据结构化程度为正向项；复杂沟通、责任判断、合规或信任责任、跨部门协调为反向项。每项按命中词数映射为1/3/4/5分（0/1/2-3/4个及以上）；替代风险评分=100*[三项正向得分之和+四项(6-反向得分)之和]/35。评分仅反映本研究词典与岗位文本下的任务自动化潜力，不是实际替代概率。
000555.SZ,神州信息,软件工程师(J22130),1,JOB_0240,5-8,47,68.6,4.0,3.0,4.0,3.0,4.0,1.0,3.0,部署、运维,SQL,SQL、数据库,沟通,设计、算法,,沟通,高,七维等权研究设计：任务重复性、规则明确性、数据结构化程度为正向项；复杂沟通、责任判断、合规或信任责任、跨部门协调为反向项。每项按命中词数映射为1/3/4/5分（0/1/2-3/4个及以上）；替代风险评分=100*[三项正向得分之和+四项(6-反向得分)之和]/35。评分仅反映本研究词典与岗位文本下的任务自动化潜力，不是实际替代概率。
600446.SH,金证股份,2026届C++开发实习生,1,JOB_0140,1-4,144,68.6,1.0,3.0,4.0,3.0,1.0,1.0,3.0,,SQL,SQL、数据库,沟通,,,沟通,高,七维等权研究设计：任务重复性、规则明确性、数据结构化程度为正向项；复杂沟通、责任判断、合规或信任责任、跨部门协调为反向项。每项按命中词数映射为1/3/4/5分（0/1/2-3/4个及以上）；替代风险评分=100*[三项正向得分之和+四项(6-反向得分)之和]/35。评分仅反映本研究词典与岗位文本下的任务自动化潜力，不是实际替代概率。
600446.SH,金证股份,C++开发工程师,1,JOB_0136,1-4,140,68.6,4.0,4.0,4.0,4.0,3.0,1.0,4.0,测试、文档、维护,测试、SQL,SQL、数据库,沟通、客户、团队协作,设计,,团队协作、客户、沟通,高,七维等权研究设计：任务重复性、规则明确性、数据结构化程度为正向项；复杂沟通、责任判断、合规或信任责任、跨部门协调为反向项。每项按命中词数映射为1/3/4/5分（0/1/2-3/4个及以上）；替代风险评分=100*[三项正向得分之和+四项(6-反向得分)之和]/35。评分仅反映本研究词典与岗位文本下的任务自动化潜力，不是实际替代概率。
600446.SH,金证股份,C++高级开发工程师（平台/AI方向）,1,JOB_0128,1-4,132,68.6,1.0,3.0,4.0,1.0,5.0,1.0,1.0,,SQL,SQL、数据库、交易,,架构、设计、算法、管理,,,高,七维等权研究设计：任务重复性、规则明确性、数据结构化程度为正向项；复杂沟通、责任判断、合规或信任责任、跨部门协调为反向项。每项按命中词数映射为1/3/4/5分（0/1/2-3/4个及以上）；替代风险评分=100*[三项正向得分之和+四项(6-反向得分)之和]/35。评分仅反映本研究词典与岗位文本下的任务自动化潜力，不是实际替代概率。
600446.SH,金证股份,【2027届】C/C++开发实习生,1,JOB_0141,1-4,145,68.6,1.0,3.0,4.0,3.0,1.0,1.0,3.0,,SQL,SQL、数据库,沟通,,,沟通,高,七维等权研究设计：任务重复性、规则明确性、数据结构化程度为正向项；复杂沟通、责任判断、合规或信任责任、跨部门协调为反向项。每项按命中词数映射为1/3/4/5分（0/1/2-3/4个及以上）；替代风险评分=100*[三项正向得分之和+四项(6-反向得分)之和]/35。评分仅反映本研究词典与岗位文本下的任务自动化潜力，不是实际替代概率。
600446.SH,金证股份,Java开发工程师,4,JOB_0127、JOB_0130、JOB_0137、JOB_0138,1-4,131、134、141、142,67.2,1.8,3.0,3.2,2.2,2.5,1.5,2.2,监控、运维,SQL、规范、SQL,SQL、交易、SQL、数据库,沟通、沟通、团队协作,架构、设计、架构、设计、需求分析,合规,团队协作、沟通、沟通,高,七维等权研究设计：任务重复性、规则明确性、数据结构化程度为正向项；复杂沟通、责任判断、合规或信任责任、跨部门协调为反向项。每项按命中词数映射为1/3/4/5分（0/1/2-3/4个及以上）；替代风险评分=100*[三项正向得分之和+四项(6-反向得分)之和]/35。评分仅反映本研究词典与岗位文本下的任务自动化潜力，不是实际替代概率。
300059.SZ,东方财富,C++服务端开发工程师 (证券),2,JOB_0106、JOB_0108,1-4,109、111,65.7,1.0,1.0,1.0,1.0,1.0,1.0,1.0,,,,,,,,中,七维等权研究设计：任务重复性、规则明确性、数据结构化程度为正向项；复杂沟通、责任判断、合规或信任责任、跨部门协调为反向项。每项按命中词数映射为1/3/4/5分（0/1/2-3/4个及以上）；替代风险评分=100*[三项正向得分之和+四项(6-反向得分)之和]/35。评分仅反映本研究词典与岗位文本下的任务自动化潜力，不是实际替代概率。
300033.SZ,同花顺,C/C++ 开发工程师,2,JOB_0049、JOB_0050,1-4,51、52,65.7,1.0,1.0,1.0,1.0,1.0,1.0,1.0,,,,,,,,中,七维等权研究设计：任务重复性、规则明确性、数据结构化程度为正向项；复杂沟通、责任判断、合规或信任责任、跨部门协调为反向项。每项按命中词数映射为1/3/4/5分（0/1/2-3/4个及以上）；替代风险评分=100*[三项正向得分之和+四项(6-反向得分)之和]/35。评分仅反映本研究词典与岗位文本下的任务自动化潜力，不是实际替代概率。
300229.SZ,拓尔思,数据分析实习生,2,JOB_0158、JOB_0162,13-15,17、21,65.7,2.0,3.0,3.5,3.0,2.5,1.0,3.0,数据清洗,SQL,SQL、SQL、数据清洗,沟通,方案、设计,,沟通,中,七维等权研究设计：任务重复性、规则明确性、数据结构化程度为正向项；复杂沟通、责任判断、合规或信任责任、跨部门协调为反向项。每项按命中词数映射为1/3/4/5分（0/1/2-3/4个及以上）；替代风险评分=100*[三项正向得分之和+四项(6-反向得分)之和]/35。评分仅反映本研究词典与岗位文本下的任务自动化潜力，不是实际替代概率。
300059.SZ,东方财富,AI应用工程师 (证券),1,JOB_0105,1-4,108,65.7,1.0,1.0,1.0,1.0,1.0,1.0,1.0,,,,,,,,中,七维等权研究设计：任务重复性、规则明确性、数据结构化程度为正向项；复杂沟通、责任判断、合规或信任责任、跨部门协调为反向项。每项按命中词数映射为1/3/4/5分（0/1/2-3/4个及以上）；替代风险评分=100*[三项正向得分之和+四项(6-反向得分)之和]/35。评分仅反映本研究词典与岗位文本下的任务自动化潜力，不是实际替代概率。
300059.SZ,东方财富,AI应用工程师（证券）,1,JOB_0101,1-4,104,65.7,1.0,1.0,1.0,1.0,1.0,1.0,1.0,,,,,,,,中,七维等权研究设计：任务重复性、规则明确性、数据结构化程度为正向项；复杂沟通、责任判断、合规或信任责任、跨部门协调为反向项。每项按命中词数映射为1/3/4/5分（0/1/2-3/4个及以上）；替代风险评分=100*[三项正向得分之和+四项(6-反向得分)之和]/35。评分仅反映本研究词典与岗位文本下的任务自动化潜力，不是实际替代概率。
300059.SZ,东方财富,java服务端开发工程师,1,JOB_0107,1-4,110,65.7,1.0,1.0,1.0,1.0,1.0,1.0,1.0,,,,,,,,中,七维等权研究设计：任务重复性、规则明确性、数据结构化程度为正向项；复杂沟通、责任判断、合规或信任责任、跨部门协调为反向项。每项按命中词数映射为1/3/4/5分（0/1/2-3/4个及以上）；替代风险评分=100*[三项正向得分之和+四项(6-反向得分)之和]/35。评分仅反映本研究词典与岗位文本下的任务自动化潜力，不是实际替代概率。
300059.SZ,东方财富,信息安全岗 (MJ002671),1,JOB_0102,1-4,105,65.7,1.0,1.0,1.0,1.0,1.0,1.0,1.0,,,,,,,,中,七维等权研究设计：任务重复性、规则明确性、数据结构化程度为正向项；复杂沟通、责任判断、合规或信任责任、跨部门协调为反向项。每项按命中词数映射为1/3/4/5分（0/1/2-3/4个及以上）；替代风险评分=100*[三项正向得分之和+四项(6-反向得分)之和]/35。评分仅反映本研究词典与岗位文本下的任务自动化潜力，不是实际替代概率。
300059.SZ,东方财富,经营分析岗,1,JOB_0097,1-4,100,65.7,1.0,1.0,1.0,1.0,1.0,1.0,1.0,,,,,,,,中,七维等权研究设计：任务重复性、规则明确性、数据结构化程度为正向项；复杂沟通、责任判断、合规或信任责任、跨部门协调为反向项。每项按命中词数映射为1/3/4/5分（0/1/2-3/4个及以上）；替代风险评分=100*[三项正向得分之和+四项(6-反向得分)之和]/35。评分仅反映本研究词典与岗位文本下的任务自动化潜力，不是实际替代概率。
603927.SH,中科软,Java 开发工程师,1,JOB_0184,9-12,23,65.7,1.0,4.0,4.0,4.0,1.0,1.0,4.0,,规范、SQL,SQL、数据库,沟通、团队协作,,,团队协作、沟通,中,七维等权研究设计：任务重复性、规则明确性、数据结构化程度为正向项；复杂沟通、责任判断、合规或信任责任、跨部门协调为反向项。每项按命中词数映射为1/3/4/5分（0/1/2-3/4个及以上）；替代风险评分=100*[三项正向得分之和+四项(6-反向得分)之和]/35。评分仅反映本研究词典与岗位文本下的任务自动化潜力，不是实际替代概率。
603927.SH,中科软,测试工程师,1,JOB_0190,9-12,29,65.7,4.0,4.0,1.0,4.0,1.0,1.0,4.0,测试、文档,流程、测试,,沟通、团队协作,,,团队协作、沟通,中,七维等权研究设计：任务重复性、规则明确性、数据结构化程度为正向项；复杂沟通、责任判断、合规或信任责任、跨部门协调为反向项。每项按命中词数映射为1/3/4/5分（0/1/2-3/4个及以上）；替代风险评分=100*[三项正向得分之和+四项(6-反向得分)之和]/35。评分仅反映本研究词典与岗位文本下的任务自动化潜力，不是实际替代概率。
603927.SH,中科软,自动化测试开发工程师,1,JOB_0189,9-12,28,65.7,4.0,4.0,1.0,4.0,1.0,1.0,4.0,测试、脚本,测试、脚本,,沟通、团队协作,,,团队协作、沟通,中,七维等权研究设计：任务重复性、规则明确性、数据结构化程度为正向项；复杂沟通、责任判断、合规或信任责任、跨部门协调为反向项。每项按命中词数映射为1/3/4/5分（0/1/2-3/4个及以上）；替代风险评分=100*[三项正向得分之和+四项(6-反向得分)之和]/35。评分仅反映本研究词典与岗位文本下的任务自动化潜力，不是实际替代概率。
300033.SZ,同花顺,ACM专项岗位—AI工程师,1,JOB_0030,1-4,32,65.7,1.0,1.0,1.0,1.0,1.0,1.0,1.0,,,,,,,,中,七维等权研究设计：任务重复性、规则明确性、数据结构化程度为正向项；复杂沟通、责任判断、合规或信任责任、跨部门协调为反向项。每项按命中词数映射为1/3/4/5分（0/1/2-3/4个及以上）；替代风险评分=100*[三项正向得分之和+四项(6-反向得分)之和]/35。评分仅反映本研究词典与岗位文本下的任务自动化潜力，不是实际替代概率。
300033.SZ,同花顺,AI Builder（云原生PaaS与C++）,1,JOB_0090,1-4,92,65.7,1.0,1.0,1.0,1.0,1.0,1.0,1.0,,,,,,,,中,七维等权研究设计：任务重复性、规则明确性、数据结构化程度为正向项；复杂沟通、责任判断、合规或信任责任、跨部门协调为反向项。每项按命中词数映射为1/3/4/5分（0/1/2-3/4个及以上）；替代风险评分=100*[三项正向得分之和+四项(6-反向得分)之和]/35。评分仅反映本研究词典与岗位文本下的任务自动化潜力，不是实际替代概率。
300033.SZ,同花顺,AI infra（云原生、沙箱、GPU）,1,JOB_0065,1-4,67,65.7,1.0,1.0,1.0,1.0,1.0,1.0,1.0,,,,,,,,中,七维等权研究设计：任务重复性、规则明确性、数据结构化程度为正向项；复杂沟通、责任判断、合规或信任责任、跨部门协调为反向项。每项按命中词数映射为1/3/4/5分（0/1/2-3/4个及以上）；替代风险评分=100*[三项正向得分之和+四项(6-反向得分)之和]/35。评分仅反映本研究词典与岗位文本下的任务自动化潜力，不是实际替代概率。
300033.SZ,同花顺,AI应用工程师,1,JOB_0085,1-4,87,65.7,1.0,1.0,1.0,1.0,1.0,1.0,1.0,,,,,,,,中,七维等权研究设计：任务重复性、规则明确性、数据结构化程度为正向项；复杂沟通、责任判断、合规或信任责任、跨部门协调为反向项。每项按命中词数映射为1/3/4/5分（0/1/2-3/4个及以上）；替代风险评分=100*[三项正向得分之和+四项(6-反向得分)之和]/35。评分仅反映本研究词典与岗位文本下的任务自动化潜力，不是实际替代概率。
300033.SZ,同花顺,AI应用开发工程师,1,JOB_0042,1-4,44,65.7,1.0,1.0,1.0,1.0,1.0,1.0,1.0,,,,,,,,中,七维等权研究设计：任务重复性、规则明确性、数据结构化程度为正向项；复杂沟通、责任判断、合规或信任责任、跨部门协调为反向项。每项按命中词数映射为1/3/4/5分（0/1/2-3/4个及以上）；替代风险评分=100*[三项正向得分之和+四项(6-反向得分)之和]/35。评分仅反映本研究词典与岗位文本下的任务自动化潜力，不是实际替代概率。
300033.SZ,同花顺,AI开发工程师,1,JOB_0071,1-4,73,65.7,1.0,1.0,1.0,1.0,1.0,1.0,1.0,,,,,,,,中,七维等权研究设计：任务重复性、规则明确性、数据结构化程度为正向项；复杂沟通、责任判断、合规或信任责任、跨部门协调为反向项。每项按命中词数映射为1/3/4/5分（0/1/2-3/4个及以上）；替代风险评分=100*[三项正向得分之和+四项(6-反向得分)之和]/35。评分仅反映本研究词典与岗位文本下的任务自动化潜力，不是实际替代概率。
300033.SZ,同花顺,Agent开发工程师,1,JOB_0061,1-4,63,65.7,1.0,1.0,1.0,1.0,1.0,1.0,1.0,,,,,,,,中,七维等权研究设计：任务重复性、规则明确性、数据结构化程度为正向项；复杂沟通、责任判断、合规或信任责任、跨部门协调为反向项。每项按命中词数映射为1/3/4/5分（0/1/2-3/4个及以上）；替代风险评分=100*[三项正向得分之和+四项(6-反向得分)之和]/35。评分仅反映本研究词典与岗位文本下的任务自动化潜力，不是实际替代概率。
300033.SZ,同花顺,Java技术专家/主管,1,JOB_0078,1-4,80,65.7,1.0,3.0,3.0,1.0,5.0,1.0,1.0,,SQL,SQL,,主管、架构、设计、管理,,,中,七维等权研究设计：任务重复性、规则明确性、数据结构化程度为正向项；复杂沟通、责任判断、合规或信任责任、跨部门协调为反向项。每项按命中词数映射为1/3/4/5分（0/1/2-3/4个及以上）；替代风险评分=100*[三项正向得分之和+四项(6-反向得分)之和]/35。评分仅反映本研究词典与岗位文本下的任务自动化潜力，不是实际替代概率。
300033.SZ,同花顺,LLM推理引擎研发工程师,1,JOB_0094,1-4,96,65.7,1.0,1.0,1.0,1.0,1.0,1.0,1.0,,,,,,,,中,七维等权研究设计：任务重复性、规则明确性、数据结构化程度为正向项；复杂沟通、责任判断、合规或信任责任、跨部门协调为反向项。每项按命中词数映射为1/3/4/5分（0/1/2-3/4个及以上）；替代风险评分=100*[三项正向得分之和+四项(6-反向得分)之和]/35。评分仅反映本研究词典与岗位文本下的任务自动化潜力，不是实际替代概率。
300033.SZ,同花顺,大模型推理加速专家,1,JOB_0015,1-4,17,65.7,1.0,1.0,1.0,1.0,1.0,1.0,1.0,,,,,,,,中,七维等权研究设计：任务重复性、规则明确性、数据结构化程度为正向项；复杂沟通、责任判断、合规或信任责任、跨部门协调为反向项。每项按命中词数映射为1/3/4/5分（0/1/2-3/4个及以上）；替代风险评分=100*[三项正向得分之和+四项(6-反向得分)之和]/35。评分仅反映本研究词典与岗位文本下的任务自动化潜力，不是实际替代概率。
300033.SZ,同花顺,安全开发专家,1,JOB_0041,1-4,43,65.7,1.0,1.0,1.0,1.0,1.0,1.0,1.0,,,,,,,,中,七维等权研究设计：任务重复性、规则明确性、数据结构化程度为正向项；复杂沟通、责任判断、合规或信任责任、跨部门协调为反向项。每项按命中词数映射为1/3/4/5分（0/1/2-3/4个及以上）；替代风险评分=100*[三项正向得分之和+四项(6-反向得分)之和]/35。评分仅反映本研究词典与岗位文本下的任务自动化潜力，不是实际替代概率。
300033.SZ,同花顺,容器与算力平台稳定性开发工程师,1,JOB_0068,1-4,70,65.7,1.0,1.0,1.0,1.0,1.0,1.0,1.0,,,,,,,,中,七维等权研究设计：任务重复性、规则明确性、数据结构化程度为正向项；复杂沟通、责任判断、合规或信任责任、跨部门协调为反向项。每项按命中词数映射为1/3/4/5分（0/1/2-3/4个及以上）；替代风险评分=100*[三项正向得分之和+四项(6-反向得分)之和]/35。评分仅反映本研究词典与岗位文本下的任务自动化潜力，不是实际替代概率。
300033.SZ,同花顺,推理优化算法专家,1,JOB_0037,1-4,39,65.7,3.0,1.0,1.0,1.0,3.0,1.0,1.0,部署,,,,算法,,,中,七维等权研究设计：任务重复性、规则明确性、数据结构化程度为正向项；复杂沟通、责任判断、合规或信任责任、跨部门协调为反向项。每项按命中词数映射为1/3/4/5分（0/1/2-3/4个及以上）；替代风险评分=100*[三项正向得分之和+四项(6-反向得分)之和]/35。评分仅反映本研究词典与岗位文本下的任务自动化潜力，不是实际替代概率。
300033.SZ,同花顺,推理引擎开发专家/优化专家（算力方向）,1,JOB_0091,1-4,93,65.7,1.0,1.0,1.0,1.0,1.0,1.0,1.0,,,,,,,,中,七维等权研究设计：任务重复性、规则明确性、数据结构化程度为正向项；复杂沟通、责任判断、合规或信任责任、跨部门协调为反向项。每项按命中词数映射为1/3/4/5分（0/1/2-3/4个及以上）；替代风险评分=100*[三项正向得分之和+四项(6-反向得分)之和]/35。评分仅反映本研究词典与岗位文本下的任务自动化潜力，不是实际替代概率。
300033.SZ,同花顺,语音引擎开发工程师,1,JOB_0039,1-4,41,65.7,1.0,1.0,1.0,1.0,1.0,1.0,1.0,,,,,,,,中,七维等权研究设计：任务重复性、规则明确性、数据结构化程度为正向项；复杂沟通、责任判断、合规或信任责任、跨部门协调为反向项。每项按命中词数映射为1/3/4/5分（0/1/2-3/4个及以上）；替代风险评分=100*[三项正向得分之和+四项(6-反向得分)之和]/35。评分仅反映本研究词典与岗位文本下的任务自动化潜力，不是实际替代概率。
300033.SZ,同花顺,资深Java研发工程师/专家/TL,1,JOB_0089,1-4,91,65.7,1.0,1.0,1.0,1.0,1.0,1.0,1.0,,,,,,,,中,七维等权研究设计：任务重复性、规则明确性、数据结构化程度为正向项；复杂沟通、责任判断、合规或信任责任、跨部门协调为反向项。每项按命中词数映射为1/3/4/5分（0/1/2-3/4个及以上）；替代风险评分=100*[三项正向得分之和+四项(6-反向得分)之和]/35。评分仅反映本研究词典与岗位文本下的任务自动化潜力，不是实际替代概率。
300033.SZ,同花顺,量化研究员,1,JOB_0022,1-4,24,65.7,1.0,1.0,3.0,1.0,3.0,1.0,1.0,,,数据建模,,研究,,,中,七维等权研究设计：任务重复性、规则明确性、数据结构化程度为正向项；复杂沟通、责任判断、合规或信任责任、跨部门协调为反向项。每项按命中词数映射为1/3/4/5分（0/1/2-3/4个及以上）；替代风险评分=100*[三项正向得分之和+四项(6-反向得分)之和]/35。评分仅反映本研究词典与岗位文本下的任务自动化潜力，不是实际替代概率。
300033.SZ,同花顺,高级AI开发/主管,1,JOB_0073,1-4,75,65.7,1.0,3.0,3.0,1.0,5.0,1.0,1.0,,SQL,SQL,,主管、架构、设计、管理,,,中,七维等权研究设计：任务重复性、规则明确性、数据结构化程度为正向项；复杂沟通、责任判断、合规或信任责任、跨部门协调为反向项。每项按命中词数映射为1/3/4/5分（0/1/2-3/4个及以上）；替代风险评分=100*[三项正向得分之和+四项(6-反向得分)之和]/35。评分仅反映本研究词典与岗位文本下的任务自动化潜力，不是实际替代概率。
300872.SZ,天阳科技,初级 java 开发工程师,1,JOB_0165,9-12,4,65.7,3.0,3.0,4.0,3.0,4.0,1.0,3.0,文档,SQL,SQL、交易,沟通,架构、业务理解,,沟通,中,七维等权研究设计：任务重复性、规则明确性、数据结构化程度为正向项；复杂沟通、责任判断、合规或信任责任、跨部门协调为反向项。每项按命中词数映射为1/3/4/5分（0/1/2-3/4个及以上）；替代风险评分=100*[三项正向得分之和+四项(6-反向得分)之和]/35。评分仅反映本研究词典与岗位文本下的任务自动化潜力，不是实际替代概率。
300872.SZ,天阳科技,功能测试工程师,1,JOB_0169,9-12,8,65.7,4.0,4.0,1.0,3.0,3.0,1.0,3.0,测试、测试用例,测试、测试用例,,沟通,管理,,沟通,中,七维等权研究设计：任务重复性、规则明确性、数据结构化程度为正向项；复杂沟通、责任判断、合规或信任责任、跨部门协调为反向项。每项按命中词数映射为1/3/4/5分（0/1/2-3/4个及以上）；替代风险评分=100*[三项正向得分之和+四项(6-反向得分)之和]/35。评分仅反映本研究词典与岗位文本下的任务自动化潜力，不是实际替代概率。
300674.SZ,宇信科技,【实习】大模型应用开发工程师（2027届，有留用机会）(J12974),1,JOB_0227,5-8,34,65.7,1.0,1.0,1.0,1.0,1.0,1.0,1.0,,,,,,,,中,七维等权研究设计：任务重复性、规则明确性、数据结构化程度为正向项；复杂沟通、责任判断、合规或信任责任、跨部门协调为反向项。每项按命中词数映射为1/3/4/5分（0/1/2-3/4个及以上）；替代风险评分=100*[三项正向得分之和+四项(6-反向得分)之和]/35。评分仅反映本研究词典与岗位文本下的任务自动化潜力，不是实际替代概率。
300674.SZ,宇信科技,【校招-高潜人才】大模型应用开发工程师(J12429),1,JOB_0221,5-8,28,65.7,1.0,1.0,1.0,1.0,1.0,1.0,1.0,,,,,,,,中,七维等权研究设计：任务重复性、规则明确性、数据结构化程度为正向项；复杂沟通、责任判断、合规或信任责任、跨部门协调为反向项。每项按命中词数映射为1/3/4/5分（0/1/2-3/4个及以上）；替代风险评分=100*[三项正向得分之和+四项(6-反向得分)之和]/35。评分仅反映本研究词典与岗位文本下的任务自动化潜力，不是实际替代概率。
600570.SH,恒生电子,Java开发工程师-机构服务,1,JOB_0008,1-4,9,65.7,1.0,3.0,3.0,3.0,1.0,1.0,3.0,,SQL,SQL,沟通,,,沟通,中,七维等权研究设计：任务重复性、规则明确性、数据结构化程度为正向项；复杂沟通、责任判断、合规或信任责任、跨部门协调为反向项。每项按命中词数映射为1/3/4/5分（0/1/2-3/4个及以上）；替代风险评分=100*[三项正向得分之和+四项(6-反向得分)之和]/35。评分仅反映本研究词典与岗位文本下的任务自动化潜力，不是实际替代概率。
688590.SH,新致软件,投资经理（AI+MCN 方向）,1,JOB_0144,13-15,3,65.7,1.0,3.0,1.0,1.0,3.0,1.0,1.0,,流程,,,评估,,,中,七维等权研究设计：任务重复性、规则明确性、数据结构化程度为正向项；复杂沟通、责任判断、合规或信任责任、跨部门协调为反向项。每项按命中词数映射为1/3/4/5分（0/1/2-3/4个及以上）；替代风险评分=100*[三项正向得分之和+四项(6-反向得分)之和]/35。评分仅反映本研究词典与岗位文本下的任务自动化潜力，不是实际替代概率。
000555.SZ,神州信息,软件工程师(J22429),1,JOB_0233,5-8,40,65.7,3.0,4.0,4.0,4.0,3.0,1.0,4.0,测试,测试、SQL,SQL、数据库,沟通、协调、团队协作,管理,,团队协作、协调、沟通,中,七维等权研究设计：任务重复性、规则明确性、数据结构化程度为正向项；复杂沟通、责任判断、合规或信任责任、跨部门协调为反向项。每项按命中词数映射为1/3/4/5分（0/1/2-3/4个及以上）；替代风险评分=100*[三项正向得分之和+四项(6-反向得分)之和]/35。评分仅反映本研究词典与岗位文本下的任务自动化潜力，不是实际替代概率。
002230.SZ,科大讯飞,智慧信贷研发组长（科大讯飞）,1,JOB_0152,13-15,11,65.7,4.0,4.0,1.0,1.0,5.0,3.0,1.0,测试、审核,流程、规范、测试,,,架构、方案、设计、管理,授信,,中,七维等权研究设计：任务重复性、规则明确性、数据结构化程度为正向项；复杂沟通、责任判断、合规或信任责任、跨部门协调为反向项。每项按命中词数映射为1/3/4/5分（0/1/2-3/4个及以上）；替代风险评分=100*[三项正向得分之和+四项(6-反向得分)之和]/35。评分仅反映本研究词典与岗位文本下的任务自动化潜力，不是实际替代概率。
600446.SH,金证股份,JAVA开发工程师,1,JOB_0142,1-4,146,65.7,1.0,1.0,1.0,1.0,1.0,1.0,1.0,,,,,,,,中,七维等权研究设计：任务重复性、规则明确性、数据结构化程度为正向项；复杂沟通、责任判断、合规或信任责任、跨部门协调为反向项。每项按命中词数映射为1/3/4/5分（0/1/2-3/4个及以上）；替代风险评分=100*[三项正向得分之和+四项(6-反向得分)之和]/35。评分仅反映本研究词典与岗位文本下的任务自动化潜力，不是实际替代概率。
300674.SZ,宇信科技,中级软件工程师(J11919),2,JOB_0205、JOB_0208,5-8,12、15,62.9,1.0,3.0,4.0,3.0,3.0,1.0,3.0,,SQL,SQL、数据库,沟通,问题解决,,沟通,中,七维等权研究设计：任务重复性、规则明确性、数据结构化程度为正向项；复杂沟通、责任判断、合规或信任责任、跨部门协调为反向项。每项按命中词数映射为1/3/4/5分（0/1/2-3/4个及以上）；替代风险评分=100*[三项正向得分之和+四项(6-反向得分)之和]/35。评分仅反映本研究词典与岗位文本下的任务自动化潜力，不是实际替代概率。
300059.SZ,东方财富,Java服务端开发工程师 (AI应用方向),1,JOB_0109,1-4,112,62.9,1.0,3.0,4.0,3.0,3.0,1.0,3.0,,SQL,SQL、数据库、交易,沟通,设计,,沟通,中,七维等权研究设计：任务重复性、规则明确性、数据结构化程度为正向项；复杂沟通、责任判断、合规或信任责任、跨部门协调为反向项。每项按命中词数映射为1/3/4/5分（0/1/2-3/4个及以上）；替代风险评分=100*[三项正向得分之和+四项(6-反向得分)之和]/35。评分仅反映本研究词典与岗位文本下的任务自动化潜力，不是实际替代概率。
603927.SH,中科软,Python 开发工程师,1,JOB_0186,9-12,25,62.9,1.0,3.0,4.0,4.0,1.0,1.0,4.0,,SQL,SQL、数据库,沟通、团队协作,,,团队协作、沟通,中,七维等权研究设计：任务重复性、规则明确性、数据结构化程度为正向项；复杂沟通、责任判断、合规或信任责任、跨部门协调为反向项。每项按命中词数映射为1/3/4/5分（0/1/2-3/4个及以上）；替代风险评分=100*[三项正向得分之和+四项(6-反向得分)之和]/35。评分仅反映本研究词典与岗位文本下的任务自动化潜力，不是实际替代概率。
603927.SH,中科软,数据分析师,1,JOB_0188,9-12,27,62.9,1.0,3.0,4.0,3.0,3.0,1.0,3.0,,SQL,SQL、数据库,沟通,问题解决,,沟通,中,七维等权研究设计：任务重复性、规则明确性、数据结构化程度为正向项；复杂沟通、责任判断、合规或信任责任、跨部门协调为反向项。每项按命中词数映射为1/3/4/5分（0/1/2-3/4个及以上）；替代风险评分=100*[三项正向得分之和+四项(6-反向得分)之和]/35。评分仅反映本研究词典与岗位文本下的任务自动化潜力，不是实际替代概率。
300033.SZ,同花顺,算法博士（实习/社招）,1,JOB_0046,1-4,48,62.9,1.0,1.0,3.0,1.0,4.0,1.0,1.0,,,统计,,研究、算法,,,中,七维等权研究设计：任务重复性、规则明确性、数据结构化程度为正向项；复杂沟通、责任判断、合规或信任责任、跨部门协调为反向项。每项按命中词数映射为1/3/4/5分（0/1/2-3/4个及以上）；替代风险评分=100*[三项正向得分之和+四项(6-反向得分)之和]/35。评分仅反映本研究词典与岗位文本下的任务自动化潜力，不是实际替代概率。
300674.SZ,宇信科技,中级软件工程师(J11963),1,JOB_0219,5-8,26,62.9,3.0,3.0,4.0,3.0,5.0,1.0,3.0,脚本,脚本,数据库、ETL,团队协作,方案、设计、问题解决、需求分析,,团队协作,中,七维等权研究设计：任务重复性、规则明确性、数据结构化程度为正向项；复杂沟通、责任判断、合规或信任责任、跨部门协调为反向项。每项按命中词数映射为1/3/4/5分（0/1/2-3/4个及以上）；替代风险评分=100*[三项正向得分之和+四项(6-反向得分)之和]/35。评分仅反映本研究词典与岗位文本下的任务自动化潜力，不是实际替代概率。
300674.SZ,宇信科技,高级软件工程师(J11802),1,JOB_0217,5-8,24,62.9,3.0,3.0,4.0,3.0,5.0,1.0,3.0,脚本,脚本,数据库、ETL,团队协作,方案、设计、问题解决、需求分析,,团队协作,中,七维等权研究设计：任务重复性、规则明确性、数据结构化程度为正向项；复杂沟通、责任判断、合规或信任责任、跨部门协调为反向项。每项按命中词数映射为1/3/4/5分（0/1/2-3/4个及以上）；替代风险评分=100*[三项正向得分之和+四项(6-反向得分)之和]/35。评分仅反映本研究词典与岗位文本下的任务自动化潜力，不是实际替代概率。
688590.SH,新致软件,Java 实习生,1,JOB_0150,13-15,9,62.9,1.0,3.0,4.0,3.0,3.0,1.0,3.0,,SQL,SQL、数据库,团队协作,算法,,团队协作,中,七维等权研究设计：任务重复性、规则明确性、数据结构化程度为正向项；复杂沟通、责任判断、合规或信任责任、跨部门协调为反向项。每项按命中词数映射为1/3/4/5分（0/1/2-3/4个及以上）；替代风险评分=100*[三项正向得分之和+四项(6-反向得分)之和]/35。评分仅反映本研究词典与岗位文本下的任务自动化潜力，不是实际替代概率。
000555.SZ,神州信息,27届提前批-Java开发工程师（上海）(J22222),1,JOB_0241,5-8,48,62.9,1.0,3.0,4.0,3.0,3.0,1.0,3.0,,SQL,SQL、数据库,沟通,设计,,沟通,中,七维等权研究设计：任务重复性、规则明确性、数据结构化程度为正向项；复杂沟通、责任判断、合规或信任责任、跨部门协调为反向项。每项按命中词数映射为1/3/4/5分（0/1/2-3/4个及以上）；替代风险评分=100*[三项正向得分之和+四项(6-反向得分)之和]/35。评分仅反映本研究词典与岗位文本下的任务自动化潜力，不是实际替代概率。
000555.SZ,神州信息,27届提前批-Java开发工程师（北京）(J21821),1,JOB_0243,5-8,50,62.9,1.0,3.0,4.0,3.0,3.0,1.0,3.0,,SQL,SQL、数据库,沟通,设计,,沟通,中,七维等权研究设计：任务重复性、规则明确性、数据结构化程度为正向项；复杂沟通、责任判断、合规或信任责任、跨部门协调为反向项。每项按命中词数映射为1/3/4/5分（0/1/2-3/4个及以上）；替代风险评分=100*[三项正向得分之和+四项(6-反向得分)之和]/35。评分仅反映本研究词典与岗位文本下的任务自动化潜力，不是实际替代概率。
000555.SZ,神州信息,27届提前批-Java开发工程师（西安）(J21822),1,JOB_0242,5-8,49,62.9,1.0,3.0,4.0,3.0,3.0,1.0,3.0,,SQL,SQL、数据库,沟通,设计,,沟通,中,七维等权研究设计：任务重复性、规则明确性、数据结构化程度为正向项；复杂沟通、责任判断、合规或信任责任、跨部门协调为反向项。每项按命中词数映射为1/3/4/5分（0/1/2-3/4个及以上）；替代风险评分=100*[三项正向得分之和+四项(6-反向得分)之和]/35。评分仅反映本研究词典与岗位文本下的任务自动化潜力，不是实际替代概率。
000555.SZ,神州信息,中级java开发工程师(J17189),1,JOB_0231,5-8,38,62.9,4.0,4.0,4.0,4.0,5.0,1.0,4.0,测试、运维,流程、测试、SQL,SQL、数据库,沟通、协调、团队协作,架构、设计、需求分析、管理,,团队协作、协调、沟通,中,七维等权研究设计：任务重复性、规则明确性、数据结构化程度为正向项；复杂沟通、责任判断、合规或信任责任、跨部门协调为反向项。每项按命中词数映射为1/3/4/5分（0/1/2-3/4个及以上）；替代风险评分=100*[三项正向得分之和+四项(6-反向得分)之和]/35。评分仅反映本研究词典与岗位文本下的任务自动化潜力，不是实际替代概率。
300663.SZ,科蓝软件,初级 JAVA 开发工程师,1,JOB_0176,9-12,15,62.9,4.0,4.0,1.0,3.0,4.0,1.0,3.0,测试、文档,流程、规范、测试,,团队协作,架构、设计,,团队协作,中,七维等权研究设计：任务重复性、规则明确性、数据结构化程度为正向项；复杂沟通、责任判断、合规或信任责任、跨部门协调为反向项。每项按命中词数映射为1/3/4/5分（0/1/2-3/4个及以上）；替代风险评分=100*[三项正向得分之和+四项(6-反向得分)之和]/35。评分仅反映本研究词典与岗位文本下的任务自动化潜力，不是实际替代概率。
600446.SH,金证股份,C/C++开发工程师,1,JOB_0134,1-4,138,62.9,1.0,3.0,4.0,3.0,3.0,1.0,3.0,,SQL,SQL、数据库,沟通,创新,,沟通,中,七维等权研究设计：任务重复性、规则明确性、数据结构化程度为正向项；复杂沟通、责任判断、合规或信任责任、跨部门协调为反向项。每项按命中词数映射为1/3/4/5分（0/1/2-3/4个及以上）；替代风险评分=100*[三项正向得分之和+四项(6-反向得分)之和]/35。评分仅反映本研究词典与岗位文本下的任务自动化潜力，不是实际替代概率。
300033.SZ,同花顺,ACM工程开发——摘星计划,2,JOB_0036、JOB_0062,1-4,38、64,62.8,1.0,1.0,1.0,1.0,2.0,1.0,1.0,,,,,策略,,,中,七维等权研究设计：任务重复性、规则明确性、数据结构化程度为正向项；复杂沟通、责任判断、合规或信任责任、跨部门协调为反向项。每项按命中词数映射为1/3/4/5分（0/1/2-3/4个及以上）；替代风险评分=100*[三项正向得分之和+四项(6-反向得分)之和]/35。评分仅反映本研究词典与岗位文本下的任务自动化潜力，不是实际替代概率。
300033.SZ,同花顺,大模型算法工程师,3,JOB_0028、JOB_0055、JOB_0057,1-4,30、57、59,60.0,1.0,1.0,1.0,1.0,3.0,1.0,1.0,,,,,算法,,,中,七维等权研究设计：任务重复性、规则明确性、数据结构化程度为正向项；复杂沟通、责任判断、合规或信任责任、跨部门协调为反向项。每项按命中词数映射为1/3/4/5分（0/1/2-3/4个及以上）；替代风险评分=100*[三项正向得分之和+四项(6-反向得分)之和]/35。评分仅反映本研究词典与岗位文本下的任务自动化潜力，不是实际替代概率。
300033.SZ,同花顺,多模态算法工程师,2,JOB_0023、JOB_0053,1-4,25、55,60.0,1.0,1.0,1.0,1.0,3.0,1.0,1.0,,,,,算法,,,中,七维等权研究设计：任务重复性、规则明确性、数据结构化程度为正向项；复杂沟通、责任判断、合规或信任责任、跨部门协调为反向项。每项按命中词数映射为1/3/4/5分（0/1/2-3/4个及以上）；替代风险评分=100*[三项正向得分之和+四项(6-反向得分)之和]/35。评分仅反映本研究词典与岗位文本下的任务自动化潜力，不是实际替代概率。
300059.SZ,东方财富,C++服务端开发工程师（证券交易）,1,JOB_0122,1-4,125,60.0,1.0,1.0,3.0,1.0,3.0,3.0,1.0,,,交易,,管理,证券交易,,中,七维等权研究设计：任务重复性、规则明确性、数据结构化程度为正向项；复杂沟通、责任判断、合规或信任责任、跨部门协调为反向项。每项按命中词数映射为1/3/4/5分（0/1/2-3/4个及以上）；替代风险评分=100*[三项正向得分之和+四项(6-反向得分)之和]/35。评分仅反映本研究词典与岗位文本下的任务自动化潜力，不是实际替代概率。
300059.SZ,东方财富,服务端-AI应用开发-南京-27届暑期实习,1,JOB_0099,1-4,102,60.0,1.0,1.0,1.0,1.0,3.0,1.0,1.0,,,,,算法,,,中,七维等权研究设计：任务重复性、规则明确性、数据结构化程度为正向项；复杂沟通、责任判断、合规或信任责任、跨部门协调为反向项。每项按命中词数映射为1/3/4/5分（0/1/2-3/4个及以上）；替代风险评分=100*[三项正向得分之和+四项(6-反向得分)之和]/35。评分仅反映本研究词典与岗位文本下的任务自动化潜力，不是实际替代概率。
300059.SZ,东方财富,算法工程师 (MJ002932),1,JOB_0104,1-4,107,60.0,1.0,1.0,1.0,1.0,3.0,1.0,1.0,,,,,算法,,,中,七维等权研究设计：任务重复性、规则明确性、数据结构化程度为正向项；复杂沟通、责任判断、合规或信任责任、跨部门协调为反向项。每项按命中词数映射为1/3/4/5分（0/1/2-3/4个及以上）；替代风险评分=100*[三项正向得分之和+四项(6-反向得分)之和]/35。评分仅反映本研究词典与岗位文本下的任务自动化潜力，不是实际替代概率。
300059.SZ,东方财富,算法工程师 (大模型方向),1,JOB_0118,1-4,121,60.0,1.0,1.0,1.0,1.0,3.0,1.0,1.0,,,,,算法,,,中,七维等权研究设计：任务重复性、规则明确性、数据结构化程度为正向项；复杂沟通、责任判断、合规或信任责任、跨部门协调为反向项。每项按命中词数映射为1/3/4/5分（0/1/2-3/4个及以上）；替代风险评分=100*[三项正向得分之和+四项(6-反向得分)之和]/35。评分仅反映本研究词典与岗位文本下的任务自动化潜力，不是实际替代概率。
300033.SZ,同花顺,ACM专项—大模型开发工程师,1,JOB_0059,1-4,61,60.0,1.0,1.0,1.0,1.0,3.0,1.0,1.0,,,,,算法,,,中,七维等权研究设计：任务重复性、规则明确性、数据结构化程度为正向项；复杂沟通、责任判断、合规或信任责任、跨部门协调为反向项。每项按命中词数映射为1/3/4/5分（0/1/2-3/4个及以上）；替代风险评分=100*[三项正向得分之和+四项(6-反向得分)之和]/35。评分仅反映本研究词典与岗位文本下的任务自动化潜力，不是实际替代概率。
300033.SZ,同花顺,ACM专项—算法、AI开发、AI工程,1,JOB_0077,1-4,79,60.0,1.0,1.0,1.0,1.0,3.0,1.0,1.0,,,,,算法,,,中,七维等权研究设计：任务重复性、规则明确性、数据结构化程度为正向项；复杂沟通、责任判断、合规或信任责任、跨部门协调为反向项。每项按命中词数映射为1/3/4/5分（0/1/2-3/4个及以上）；替代风险评分=100*[三项正向得分之和+四项(6-反向得分)之和]/35。评分仅反映本研究词典与岗位文本下的任务自动化潜力，不是实际替代概率。
300033.SZ,同花顺,ACM专项招聘,1,JOB_0033,1-4,35,60.0,1.0,1.0,1.0,1.0,3.0,1.0,1.0,,,,,算法,,,中,七维等权研究设计：任务重复性、规则明确性、数据结构化程度为正向项；复杂沟通、责任判断、合规或信任责任、跨部门协调为反向项。每项按命中词数映射为1/3/4/5分（0/1/2-3/4个及以上）；替代风险评分=100*[三项正向得分之和+四项(6-反向得分)之和]/35。评分仅反映本研究词典与岗位文本下的任务自动化潜力，不是实际替代概率。
300033.SZ,同花顺,AI Agent 工程师 / 全栈,1,JOB_0029,1-4,31,60.0,1.0,1.0,3.0,3.0,1.0,1.0,3.0,,,交易,交付,,,交付,中,七维等权研究设计：任务重复性、规则明确性、数据结构化程度为正向项；复杂沟通、责任判断、合规或信任责任、跨部门协调为反向项。每项按命中词数映射为1/3/4/5分（0/1/2-3/4个及以上）；替代风险评分=100*[三项正向得分之和+四项(6-反向得分)之和]/35。评分仅反映本研究词典与岗位文本下的任务自动化潜力，不是实际替代概率。
300033.SZ,同花顺,AI Agent工程师,1,JOB_0060,1-4,62,60.0,1.0,1.0,1.0,1.0,3.0,1.0,1.0,,,,,算法,,,中,七维等权研究设计：任务重复性、规则明确性、数据结构化程度为正向项；复杂沟通、责任判断、合规或信任责任、跨部门协调为反向项。每项按命中词数映射为1/3/4/5分（0/1/2-3/4个及以上）；替代风险评分=100*[三项正向得分之和+四项(6-反向得分)之和]/35。评分仅反映本研究词典与岗位文本下的任务自动化潜力，不是实际替代概率。
300033.SZ,同花顺,AI infra算法工程师,1,JOB_0086,1-4,88,60.0,1.0,1.0,1.0,1.0,3.0,1.0,1.0,,,,,算法,,,中,七维等权研究设计：任务重复性、规则明确性、数据结构化程度为正向项；复杂沟通、责任判断、合规或信任责任、跨部门协调为反向项。每项按命中词数映射为1/3/4/5分（0/1/2-3/4个及以上）；替代风险评分=100*[三项正向得分之和+四项(6-反向得分)之和]/35。评分仅反映本研究词典与岗位文本下的任务自动化潜力，不是实际替代概率。
300033.SZ,同花顺,AIME人才计划算法（LLM方向）,1,JOB_0075,1-4,77,60.0,1.0,1.0,1.0,1.0,3.0,1.0,1.0,,,,,算法,,,中,七维等权研究设计：任务重复性、规则明确性、数据结构化程度为正向项；复杂沟通、责任判断、合规或信任责任、跨部门协调为反向项。每项按命中词数映射为1/3/4/5分（0/1/2-3/4个及以上）；替代风险评分=100*[三项正向得分之和+四项(6-反向得分)之和]/35。评分仅反映本研究词典与岗位文本下的任务自动化潜力，不是实际替代概率。
300033.SZ,同花顺,AI研发-寻找ACMer,1,JOB_0040,1-4,42,60.0,1.0,1.0,1.0,1.0,3.0,1.0,1.0,,,,,策略,,,中,七维等权研究设计：任务重复性、规则明确性、数据结构化程度为正向项；复杂沟通、责任判断、合规或信任责任、跨部门协调为反向项。每项按命中词数映射为1/3/4/5分（0/1/2-3/4个及以上）；替代风险评分=100*[三项正向得分之和+四项(6-反向得分)之和]/35。评分仅反映本研究词典与岗位文本下的任务自动化潜力，不是实际替代概率。
300033.SZ,同花顺,Agent算法工程师,1,JOB_0088,1-4,90,60.0,1.0,1.0,1.0,1.0,3.0,1.0,1.0,,,,,算法,,,中,七维等权研究设计：任务重复性、规则明确性、数据结构化程度为正向项；复杂沟通、责任判断、合规或信任责任、跨部门协调为反向项。每项按命中词数映射为1/3/4/5分（0/1/2-3/4个及以上）；替代风险评分=100*[三项正向得分之和+四项(6-反向得分)之和]/35。评分仅反映本研究词典与岗位文本下的任务自动化潜力，不是实际替代概率。
300033.SZ,同花顺,C++开发工程师（ACM计划）,1,JOB_0064,1-4,66,60.0,1.0,1.0,1.0,1.0,3.0,1.0,1.0,,,,,算法,,,中,七维等权研究设计：任务重复性、规则明确性、数据结构化程度为正向项；复杂沟通、责任判断、合规或信任责任、跨部门协调为反向项。每项按命中词数映射为1/3/4/5分（0/1/2-3/4个及以上）；替代风险评分=100*[三项正向得分之和+四项(6-反向得分)之和]/35。评分仅反映本研究词典与岗位文本下的任务自动化潜力，不是实际替代概率。
300033.SZ,同花顺,C/C++ 研发工程师,1,JOB_0048,1-4,50,60.0,1.0,1.0,1.0,1.0,3.0,1.0,1.0,,,,,算法,,,中,七维等权研究设计：任务重复性、规则明确性、数据结构化程度为正向项；复杂沟通、责任判断、合规或信任责任、跨部门协调为反向项。每项按命中词数映射为1/3/4/5分（0/1/2-3/4个及以上）；替代风险评分=100*[三项正向得分之和+四项(6-反向得分)之和]/35。评分仅反映本研究词典与岗位文本下的任务自动化潜力，不是实际替代概率。
300033.SZ,同花顺,NLP大模型算法专家（总部岗位）,1,JOB_0012,1-4,14,60.0,1.0,1.0,1.0,1.0,3.0,1.0,1.0,,,,,算法,,,中,七维等权研究设计：任务重复性、规则明确性、数据结构化程度为正向项；复杂沟通、责任判断、合规或信任责任、跨部门协调为反向项。每项按命中词数映射为1/3/4/5分（0/1/2-3/4个及以上）；替代风险评分=100*[三项正向得分之和+四项(6-反向得分)之和]/35。评分仅反映本研究词典与岗位文本下的任务自动化潜力，不是实际替代概率。
300033.SZ,同花顺,VLA算法工程师,1,JOB_0038,1-4,40,60.0,1.0,1.0,1.0,1.0,3.0,1.0,1.0,,,,,算法,,,中,七维等权研究设计：任务重复性、规则明确性、数据结构化程度为正向项；复杂沟通、责任判断、合规或信任责任、跨部门协调为反向项。每项按命中词数映射为1/3/4/5分（0/1/2-3/4个及以上）；替代风险评分=100*[三项正向得分之和+四项(6-反向得分)之和]/35。评分仅反映本研究词典与岗位文本下的任务自动化潜力，不是实际替代概率。
300033.SZ,同花顺,golang高级开发工程师,1,JOB_0032,1-4,34,60.0,1.0,1.0,1.0,1.0,3.0,1.0,1.0,,,,,架构,,,中,七维等权研究设计：任务重复性、规则明确性、数据结构化程度为正向项；复杂沟通、责任判断、合规或信任责任、跨部门协调为反向项。每项按命中词数映射为1/3/4/5分（0/1/2-3/4个及以上）；替代风险评分=100*[三项正向得分之和+四项(6-反向得分)之和]/35。评分仅反映本研究词典与岗位文本下的任务自动化潜力，不是实际替代概率。
300033.SZ,同花顺,大模型推理内核工程师（GPU算力）,1,JOB_0079,1-4,81,60.0,1.0,1.0,1.0,1.0,3.0,1.0,1.0,,,,,架构,,,中,七维等权研究设计：任务重复性、规则明确性、数据结构化程度为正向项；复杂沟通、责任判断、合规或信任责任、跨部门协调为反向项。每项按命中词数映射为1/3/4/5分（0/1/2-3/4个及以上）；替代风险评分=100*[三项正向得分之和+四项(6-反向得分)之和]/35。评分仅反映本研究词典与岗位文本下的任务自动化潜力，不是实际替代概率。
300033.SZ,同花顺,大模型算法工程师-AIME计划,1,JOB_0014,1-4,16,60.0,1.0,1.0,1.0,1.0,3.0,1.0,1.0,,,,,算法,,,中,七维等权研究设计：任务重复性、规则明确性、数据结构化程度为正向项；复杂沟通、责任判断、合规或信任责任、跨部门协调为反向项。每项按命中词数映射为1/3/4/5分（0/1/2-3/4个及以上）；替代风险评分=100*[三项正向得分之和+四项(6-反向得分)之和]/35。评分仅反映本研究词典与岗位文本下的任务自动化潜力，不是实际替代概率。
300033.SZ,同花顺,实习算法工程师【博士专项】,1,JOB_0020,1-4,22,60.0,1.0,1.0,1.0,1.0,3.0,1.0,1.0,,,,,算法,,,中,七维等权研究设计：任务重复性、规则明确性、数据结构化程度为正向项；复杂沟通、责任判断、合规或信任责任、跨部门协调为反向项。每项按命中词数映射为1/3/4/5分（0/1/2-3/4个及以上）；替代风险评分=100*[三项正向得分之和+四项(6-反向得分)之和]/35。评分仅反映本研究词典与岗位文本下的任务自动化潜力，不是实际替代概率。
300033.SZ,同花顺,推广推荐算法工程师,1,JOB_0021,1-4,23,60.0,1.0,1.0,1.0,1.0,3.0,1.0,1.0,,,,,算法,,,中,七维等权研究设计：任务重复性、规则明确性、数据结构化程度为正向项；复杂沟通、责任判断、合规或信任责任、跨部门协调为反向项。每项按命中词数映射为1/3/4/5分（0/1/2-3/4个及以上）；替代风险评分=100*[三项正向得分之和+四项(6-反向得分)之和]/35。评分仅反映本研究词典与岗位文本下的任务自动化潜力，不是实际替代概率。
300033.SZ,同花顺,推理加速专家/主管,1,JOB_0031,1-4,33,60.0,1.0,1.0,1.0,1.0,3.0,1.0,1.0,,,,,主管,,,中,七维等权研究设计：任务重复性、规则明确性、数据结构化程度为正向项；复杂沟通、责任判断、合规或信任责任、跨部门协调为反向项。每项按命中词数映射为1/3/4/5分（0/1/2-3/4个及以上）；替代风险评分=100*[三项正向得分之和+四项(6-反向得分)之和]/35。评分仅反映本研究词典与岗位文本下的任务自动化潜力，不是实际替代概率。
300033.SZ,同花顺,推荐营销算法,1,JOB_0087,1-4,89,60.0,1.0,1.0,1.0,1.0,3.0,1.0,1.0,,,,,算法,,,中,七维等权研究设计：任务重复性、规则明确性、数据结构化程度为正向项；复杂沟通、责任判断、合规或信任责任、跨部门协调为反向项。每项按命中词数映射为1/3/4/5分（0/1/2-3/4个及以上）；替代风险评分=100*[三项正向得分之和+四项(6-反向得分)之和]/35。评分仅反映本研究词典与岗位文本下的任务自动化潜力，不是实际替代概率。
300033.SZ,同花顺,搜索算法专家,1,JOB_0056,1-4,58,60.0,1.0,1.0,1.0,1.0,3.0,1.0,1.0,,,,,算法,,,中,七维等权研究设计：任务重复性、规则明确性、数据结构化程度为正向项；复杂沟通、责任判断、合规或信任责任、跨部门协调为反向项。每项按命中词数映射为1/3/4/5分（0/1/2-3/4个及以上）；替代风险评分=100*[三项正向得分之和+四项(6-反向得分)之和]/35。评分仅反映本研究词典与岗位文本下的任务自动化潜力，不是实际替代概率。
300033.SZ,同花顺,算法专家（NER/命名实体识别）,1,JOB_0070,1-4,72,60.0,1.0,1.0,1.0,1.0,3.0,1.0,1.0,,,,,算法,,,中,七维等权研究设计：任务重复性、规则明确性、数据结构化程度为正向项；复杂沟通、责任判断、合规或信任责任、跨部门协调为反向项。每项按命中词数映射为1/3/4/5分（0/1/2-3/4个及以上）；替代风险评分=100*[三项正向得分之和+四项(6-反向得分)之和]/35。评分仅反映本研究词典与岗位文本下的任务自动化潜力，不是实际替代概率。
300033.SZ,同花顺,算法专家（大模型/AIGC等需求方向）,1,JOB_0076,1-4,78,60.0,1.0,1.0,1.0,1.0,3.0,1.0,1.0,,,,,算法,,,中,七维等权研究设计：任务重复性、规则明确性、数据结构化程度为正向项；复杂沟通、责任判断、合规或信任责任、跨部门协调为反向项。每项按命中词数映射为1/3/4/5分（0/1/2-3/4个及以上）；替代风险评分=100*[三项正向得分之和+四项(6-反向得分)之和]/35。评分仅反映本研究词典与岗位文本下的任务自动化潜力，不是实际替代概率。
300033.SZ,同花顺,算法博士专项【NLP/语音/多模态/图像】,1,JOB_0066,1-4,68,60.0,1.0,1.0,1.0,1.0,3.0,1.0,1.0,,,,,算法,,,中,七维等权研究设计：任务重复性、规则明确性、数据结构化程度为正向项；复杂沟通、责任判断、合规或信任责任、跨部门协调为反向项。每项按命中词数映射为1/3/4/5分（0/1/2-3/4个及以上）；替代风险评分=100*[三项正向得分之和+四项(6-反向得分)之和]/35。评分仅反映本研究词典与岗位文本下的任务自动化潜力，不是实际替代概率。
300033.SZ,同花顺,算法博士（全球AIME计划）,1,JOB_0054,1-4,56,60.0,1.0,1.0,1.0,1.0,3.0,1.0,1.0,,,,,算法,,,中,七维等权研究设计：任务重复性、规则明确性、数据结构化程度为正向项；复杂沟通、责任判断、合规或信任责任、跨部门协调为反向项。每项按命中词数映射为1/3/4/5分（0/1/2-3/4个及以上）；替代风险评分=100*[三项正向得分之和+四项(6-反向得分)之和]/35。评分仅反映本研究词典与岗位文本下的任务自动化潜力，不是实际替代概率。
300033.SZ,同花顺,算法实习生,1,JOB_0034,1-4,36,60.0,1.0,1.0,1.0,1.0,3.0,1.0,1.0,,,,,算法,,,中,七维等权研究设计：任务重复性、规则明确性、数据结构化程度为正向项；复杂沟通、责任判断、合规或信任责任、跨部门协调为反向项。每项按命中词数映射为1/3/4/5分（0/1/2-3/4个及以上）；替代风险评分=100*[三项正向得分之和+四项(6-反向得分)之和]/35。评分仅反映本研究词典与岗位文本下的任务自动化潜力，不是实际替代概率。
300033.SZ,同花顺,算法工程师（人才计划 金融Agent）,1,JOB_0093,1-4,95,60.0,1.0,1.0,1.0,1.0,3.0,1.0,1.0,,,,,算法,,,中,七维等权研究设计：任务重复性、规则明确性、数据结构化程度为正向项；复杂沟通、责任判断、合规或信任责任、跨部门协调为反向项。每项按命中词数映射为1/3/4/5分（0/1/2-3/4个及以上）；替代风险评分=100*[三项正向得分之和+四项(6-反向得分)之和]/35。评分仅反映本研究词典与岗位文本下的任务自动化潜力，不是实际替代概率。
300033.SZ,同花顺,视频生成算法,1,JOB_0081,1-4,83,60.0,1.0,1.0,1.0,1.0,3.0,1.0,1.0,,,,,算法,,,中,七维等权研究设计：任务重复性、规则明确性、数据结构化程度为正向项；复杂沟通、责任判断、合规或信任责任、跨部门协调为反向项。每项按命中词数映射为1/3/4/5分（0/1/2-3/4个及以上）；替代风险评分=100*[三项正向得分之和+四项(6-反向得分)之和]/35。评分仅反映本研究词典与岗位文本下的任务自动化潜力，不是实际替代概率。
300033.SZ,同花顺,视频生成算法工程师,1,JOB_0072,1-4,74,60.0,1.0,1.0,1.0,1.0,3.0,1.0,1.0,,,,,算法,,,中,七维等权研究设计：任务重复性、规则明确性、数据结构化程度为正向项；复杂沟通、责任判断、合规或信任责任、跨部门协调为反向项。每项按命中词数映射为1/3/4/5分（0/1/2-3/4个及以上）；替代风险评分=100*[三项正向得分之和+四项(6-反向得分)之和]/35。评分仅反映本研究词典与岗位文本下的任务自动化潜力，不是实际替代概率。
300872.SZ,天阳科技,前端开发工程师,1,JOB_0171,9-12,10,60.0,1.0,3.0,1.0,3.0,1.0,1.0,3.0,,规范,,团队协作,,,团队协作,中,七维等权研究设计：任务重复性、规则明确性、数据结构化程度为正向项；复杂沟通、责任判断、合规或信任责任、跨部门协调为反向项。每项按命中词数映射为1/3/4/5分（0/1/2-3/4个及以上）；替代风险评分=100*[三项正向得分之和+四项(6-反向得分)之和]/35。评分仅反映本研究词典与岗位文本下的任务自动化潜力，不是实际替代概率。
300872.SZ,天阳科技,财务系统实施顾问,1,JOB_0175,9-12,14,60.0,4.0,4.0,4.0,5.0,4.0,1.0,5.0,核算、文档,流程、核算、数据治理,数据治理、核算,沟通、客户、需求调研、驻场、交付,需求分析、管理,,项目管理、客户、驻场、交付、沟通、需求调研,中,七维等权研究设计：任务重复性、规则明确性、数据结构化程度为正向项；复杂沟通、责任判断、合规或信任责任、跨部门协调为反向项。每项按命中词数映射为1/3/4/5分（0/1/2-3/4个及以上）；替代风险评分=100*[三项正向得分之和+四项(6-反向得分)之和]/35。评分仅反映本研究词典与岗位文本下的任务自动化潜力，不是实际替代概率。
300674.SZ,宇信科技,【校招】业务分析师(J12465),1,JOB_0226,5-8,33,60.0,1.0,3.0,1.0,1.0,3.0,1.0,3.0,,流程,,,需求分析,,产品,中,七维等权研究设计：任务重复性、规则明确性、数据结构化程度为正向项；复杂沟通、责任判断、合规或信任责任、跨部门协调为反向项。每项按命中词数映射为1/3/4/5分（0/1/2-3/4个及以上）；替代风险评分=100*[三项正向得分之和+四项(6-反向得分)之和]/35。评分仅反映本研究词典与岗位文本下的任务自动化潜力，不是实际替代概率。
300674.SZ,宇信科技,中级软件工程师(J11969),1,JOB_0215,5-8,22,60.0,1.0,3.0,4.0,3.0,4.0,1.0,3.0,,SQL,SQL、数据库、数据建模,团队协作,设计、问题解决,,团队协作,中,七维等权研究设计：任务重复性、规则明确性、数据结构化程度为正向项；复杂沟通、责任判断、合规或信任责任、跨部门协调为反向项。每项按命中词数映射为1/3/4/5分（0/1/2-3/4个及以上）；替代风险评分=100*[三项正向得分之和+四项(6-反向得分)之和]/35。评分仅反映本研究词典与岗位文本下的任务自动化潜力，不是实际替代概率。
300674.SZ,宇信科技,高级业务分析师(J11985),1,JOB_0212,5-8,19,60.0,1.0,3.0,3.0,3.0,3.0,1.0,3.0,,指标,指标,沟通,方案,,沟通,中,七维等权研究设计：任务重复性、规则明确性、数据结构化程度为正向项；复杂沟通、责任判断、合规或信任责任、跨部门协调为反向项。每项按命中词数映射为1/3/4/5分（0/1/2-3/4个及以上）；替代风险评分=100*[三项正向得分之和+四项(6-反向得分)之和]/35。评分仅反映本研究词典与岗位文本下的任务自动化潜力，不是实际替代概率。
600570.SH,恒生电子,智能体开发工程师-研究院,1,JOB_0002,1-4,3,60.0,1.0,1.0,1.0,1.0,3.0,1.0,1.0,,,,,研究,,,中,七维等权研究设计：任务重复性、规则明确性、数据结构化程度为正向项；复杂沟通、责任判断、合规或信任责任、跨部门协调为反向项。每项按命中词数映射为1/3/4/5分（0/1/2-3/4个及以上）；替代风险评分=100*[三项正向得分之和+四项(6-反向得分)之和]/35。评分仅反映本研究词典与岗位文本下的任务自动化潜力，不是实际替代概率。
300229.SZ,拓尔思,初级数据分析师（正式）,1,JOB_0155,13-15,14,60.0,1.0,3.0,3.0,3.0,3.0,1.0,3.0,,SQL,SQL,沟通,需求分析,,沟通,中,七维等权研究设计：任务重复性、规则明确性、数据结构化程度为正向项；复杂沟通、责任判断、合规或信任责任、跨部门协调为反向项。每项按命中词数映射为1/3/4/5分（0/1/2-3/4个及以上）；替代风险评分=100*[三项正向得分之和+四项(6-反向得分)之和]/35。评分仅反映本研究词典与岗位文本下的任务自动化潜力，不是实际替代概率。
300229.SZ,拓尔思,高级数据分析师（正式）,1,JOB_0161,13-15,20,60.0,1.0,3.0,3.0,3.0,3.0,1.0,3.0,,SQL,SQL,沟通,需求分析,,沟通,中,七维等权研究设计：任务重复性、规则明确性、数据结构化程度为正向项；复杂沟通、责任判断、合规或信任责任、跨部门协调为反向项。每项按命中词数映射为1/3/4/5分（0/1/2-3/4个及以上）；替代风险评分=100*[三项正向得分之和+四项(6-反向得分)之和]/35。评分仅反映本研究词典与岗位文本下的任务自动化潜力，不是实际替代概率。
000555.SZ,神州信息,软件工程师(J22248),1,JOB_0237,5-8,44,60.0,3.0,3.0,3.0,4.0,3.0,1.0,4.0,脚本,脚本,数据库,沟通、协调、团队协作,架构,,团队协作、协调、沟通,中,七维等权研究设计：任务重复性、规则明确性、数据结构化程度为正向项；复杂沟通、责任判断、合规或信任责任、跨部门协调为反向项。每项按命中词数映射为1/3/4/5分（0/1/2-3/4个及以上）；替代风险评分=100*[三项正向得分之和+四项(6-反向得分)之和]/35。评分仅反映本研究词典与岗位文本下的任务自动化潜力，不是实际替代概率。
000555.SZ,神州信息,软件工程师(J22380),1,JOB_0234,5-8,41,60.0,3.0,3.0,3.0,4.0,3.0,1.0,4.0,脚本,脚本,数据库,沟通、协调、团队协作,架构,,团队协作、协调、沟通,中,七维等权研究设计：任务重复性、规则明确性、数据结构化程度为正向项；复杂沟通、责任判断、合规或信任责任、跨部门协调为反向项。每项按命中词数映射为1/3/4/5分（0/1/2-3/4个及以上）；替代风险评分=100*[三项正向得分之和+四项(6-反向得分)之和]/35。评分仅反映本研究词典与岗位文本下的任务自动化潜力，不是实际替代概率。
300663.SZ,科蓝软件,中级 JAVA 开发工程师,1,JOB_0177,9-12,16,60.0,4.0,4.0,1.0,3.0,4.0,1.0,4.0,测试、文档,规范、测试,,团队协作,架构、问题解决,,团队协作、项目推进,中,七维等权研究设计：任务重复性、规则明确性、数据结构化程度为正向项；复杂沟通、责任判断、合规或信任责任、跨部门协调为反向项。每项按命中词数映射为1/3/4/5分（0/1/2-3/4个及以上）；替代风险评分=100*[三项正向得分之和+四项(6-反向得分)之和]/35。评分仅反映本研究词典与岗位文本下的任务自动化潜力，不是实际替代概率。
600446.SH,金证股份,高级java开发,1,JOB_0133,1-4,137,60.0,1.0,3.0,3.0,3.0,3.0,1.0,3.0,,SQL,SQL,沟通,设计,,沟通,中,七维等权研究设计：任务重复性、规则明确性、数据结构化程度为正向项；复杂沟通、责任判断、合规或信任责任、跨部门协调为反向项。每项按命中词数映射为1/3/4/5分（0/1/2-3/4个及以上）；替代风险评分=100*[三项正向得分之和+四项(6-反向得分)之和]/35。评分仅反映本研究词典与岗位文本下的任务自动化潜力，不是实际替代概率。
300059.SZ,东方财富,服务端开发工程师 (Java),1,JOB_0110,1-4,113,57.1,1.0,1.0,1.0,1.0,4.0,1.0,1.0,,,,,架构、设计、算法,,,中,七维等权研究设计：任务重复性、规则明确性、数据结构化程度为正向项；复杂沟通、责任判断、合规或信任责任、跨部门协调为反向项。每项按命中词数映射为1/3/4/5分（0/1/2-3/4个及以上）；替代风险评分=100*[三项正向得分之和+四项(6-反向得分)之和]/35。评分仅反映本研究词典与岗位文本下的任务自动化潜力，不是实际替代概率。
300033.SZ,同花顺,AI agent开发（base总部）,1,JOB_0018,1-4,20,57.1,1.0,1.0,1.0,1.0,4.0,1.0,1.0,,,,,架构、设计,,,中,七维等权研究设计：任务重复性、规则明确性、数据结构化程度为正向项；复杂沟通、责任判断、合规或信任责任、跨部门协调为反向项。每项按命中词数映射为1/3/4/5分（0/1/2-3/4个及以上）；替代风险评分=100*[三项正向得分之和+四项(6-反向得分)之和]/35。评分仅反映本研究词典与岗位文本下的任务自动化潜力，不是实际替代概率。
300033.SZ,同花顺,C++开发专家,1,JOB_0016,1-4,18,57.1,1.0,1.0,1.0,1.0,4.0,1.0,1.0,,,,,架构、设计,,,中,七维等权研究设计：任务重复性、规则明确性、数据结构化程度为正向项；复杂沟通、责任判断、合规或信任责任、跨部门协调为反向项。每项按命中词数映射为1/3/4/5分（0/1/2-3/4个及以上）；替代风险评分=100*[三项正向得分之和+四项(6-反向得分)之和]/35。评分仅反映本研究词典与岗位文本下的任务自动化潜力，不是实际替代概率。
300033.SZ,同花顺,agent工程开发,1,JOB_0063,1-4,65,57.1,1.0,1.0,1.0,1.0,4.0,1.0,1.0,,,,,架构、设计,,,中,七维等权研究设计：任务重复性、规则明确性、数据结构化程度为正向项；复杂沟通、责任判断、合规或信任责任、跨部门协调为反向项。每项按命中词数映射为1/3/4/5分（0/1/2-3/4个及以上）；替代风险评分=100*[三项正向得分之和+四项(6-反向得分)之和]/35。评分仅反映本研究词典与岗位文本下的任务自动化潜力，不是实际替代概率。
300033.SZ,同花顺,博士算法研究员,1,JOB_0051,1-4,53,57.1,1.0,1.0,1.0,1.0,4.0,1.0,1.0,,,,,研究、算法,,,中,七维等权研究设计：任务重复性、规则明确性、数据结构化程度为正向项；复杂沟通、责任判断、合规或信任责任、跨部门协调为反向项。每项按命中词数映射为1/3/4/5分（0/1/2-3/4个及以上）；替代风险评分=100*[三项正向得分之和+四项(6-反向得分)之和]/35。评分仅反映本研究词典与岗位文本下的任务自动化潜力，不是实际替代概率。
300033.SZ,同花顺,大模型基座算法工程师,1,JOB_0069,1-4,71,57.1,1.0,1.0,1.0,1.0,4.0,1.0,1.0,,,,,策略、算法,,,中,七维等权研究设计：任务重复性、规则明确性、数据结构化程度为正向项；复杂沟通、责任判断、合规或信任责任、跨部门协调为反向项。每项按命中词数映射为1/3/4/5分（0/1/2-3/4个及以上）；替代风险评分=100*[三项正向得分之和+四项(6-反向得分)之和]/35。评分仅反映本研究词典与岗位文本下的任务自动化潜力，不是实际替代概率。
300033.SZ,同花顺,大模型算法工程师（大模型Agent方向）,1,JOB_0019,1-4,21,57.1,1.0,1.0,1.0,1.0,4.0,1.0,1.0,,,,,规划、算法、管理,,,中,七维等权研究设计：任务重复性、规则明确性、数据结构化程度为正向项；复杂沟通、责任判断、合规或信任责任、跨部门协调为反向项。每项按命中词数映射为1/3/4/5分（0/1/2-3/4个及以上）；替代风险评分=100*[三项正向得分之和+四项(6-反向得分)之和]/35。评分仅反映本研究词典与岗位文本下的任务自动化潜力，不是实际替代概率。
300033.SZ,同花顺,推荐算法专家,1,JOB_0083,1-4,85,57.1,1.0,1.0,1.0,1.0,4.0,1.0,1.0,,,,,策略、算法,,,中,七维等权研究设计：任务重复性、规则明确性、数据结构化程度为正向项；复杂沟通、责任判断、合规或信任责任、跨部门协调为反向项。每项按命中词数映射为1/3/4/5分（0/1/2-3/4个及以上）；替代风险评分=100*[三项正向得分之和+四项(6-反向得分)之和]/35。评分仅反映本研究词典与岗位文本下的任务自动化潜力，不是实际替代概率。
300033.SZ,同花顺,算法专家（AIME人才计划）,1,JOB_0092,1-4,94,57.1,1.0,1.0,1.0,1.0,4.0,1.0,1.0,,,,,研究、算法,,,中,七维等权研究设计：任务重复性、规则明确性、数据结构化程度为正向项；复杂沟通、责任判断、合规或信任责任、跨部门协调为反向项。每项按命中词数映射为1/3/4/5分（0/1/2-3/4个及以上）；替代风险评分=100*[三项正向得分之和+四项(6-反向得分)之和]/35。评分仅反映本研究词典与岗位文本下的任务自动化潜力，不是实际替代概率。
300033.SZ,同花顺,算法博士（NLP/CV/语音/博士专项）,1,JOB_0013,1-4,15,57.1,1.0,1.0,1.0,1.0,4.0,1.0,1.0,,,,,研究、算法,,,中,七维等权研究设计：任务重复性、规则明确性、数据结构化程度为正向项；复杂沟通、责任判断、合规或信任责任、跨部门协调为反向项。每项按命中词数映射为1/3/4/5分（0/1/2-3/4个及以上）；替代风险评分=100*[三项正向得分之和+四项(6-反向得分)之和]/35。评分仅反映本研究词典与岗位文本下的任务自动化潜力，不是实际替代概率。
300033.SZ,同花顺,算法博士（算法研究，量化）,1,JOB_0084,1-4,86,57.1,1.0,1.0,1.0,1.0,4.0,1.0,1.0,,,,,策略、研究、算法,,,中,七维等权研究设计：任务重复性、规则明确性、数据结构化程度为正向项；复杂沟通、责任判断、合规或信任责任、跨部门协调为反向项。每项按命中词数映射为1/3/4/5分（0/1/2-3/4个及以上）；替代风险评分=100*[三项正向得分之和+四项(6-反向得分)之和]/35。评分仅反映本研究词典与岗位文本下的任务自动化潜力，不是实际替代概率。
300033.SZ,同花顺,算法工程师（AIME人才计划）,1,JOB_0074,1-4,76,57.1,1.0,1.0,1.0,1.0,4.0,1.0,1.0,,,,,研究、算法,,,中,七维等权研究设计：任务重复性、规则明确性、数据结构化程度为正向项；复杂沟通、责任判断、合规或信任责任、跨部门协调为反向项。每项按命中词数映射为1/3/4/5分（0/1/2-3/4个及以上）；替代风险评分=100*[三项正向得分之和+四项(6-反向得分)之和]/35。评分仅反映本研究词典与岗位文本下的任务自动化潜力，不是实际替代概率。
300872.SZ,天阳科技,版本管理工程师（配置管理 / DevOps）,1,JOB_0168,9-12,7,57.1,4.0,1.0,1.0,3.0,3.0,1.0,3.0,文档、发布,,,沟通,管理,,沟通,中,七维等权研究设计：任务重复性、规则明确性、数据结构化程度为正向项；复杂沟通、责任判断、合规或信任责任、跨部门协调为反向项。每项按命中词数映射为1/3/4/5分（0/1/2-3/4个及以上）；替代风险评分=100*[三项正向得分之和+四项(6-反向得分)之和]/35。评分仅反映本研究词典与岗位文本下的任务自动化潜力，不是实际替代概率。
600570.SH,恒生电子,模型后训练技术负责人（团队负责人）,1,JOB_0010,1-4,11,57.1,1.0,1.0,1.0,1.0,4.0,1.0,1.0,,,,,负责人、领导、管理,,,中,七维等权研究设计：任务重复性、规则明确性、数据结构化程度为正向项；复杂沟通、责任判断、合规或信任责任、跨部门协调为反向项。每项按命中词数映射为1/3/4/5分（0/1/2-3/4个及以上）；替代风险评分=100*[三项正向得分之和+四项(6-反向得分)之和]/35。评分仅反映本研究词典与岗位文本下的任务自动化潜力，不是实际替代概率。
000555.SZ,神州信息,软件工程师(J22215),1,JOB_0238,5-8,45,57.1,4.0,4.0,1.0,3.0,5.0,1.0,4.0,测试、文档,流程、测试,,对接,方案、设计、规划、创新、管理,,对接、产品,中,七维等权研究设计：任务重复性、规则明确性、数据结构化程度为正向项；复杂沟通、责任判断、合规或信任责任、跨部门协调为反向项。每项按命中词数映射为1/3/4/5分（0/1/2-3/4个及以上）；替代风险评分=100*[三项正向得分之和+四项(6-反向得分)之和]/35。评分仅反映本研究词典与岗位文本下的任务自动化潜力，不是实际替代概率。
300663.SZ,科蓝软件,架构师,1,JOB_0179,9-12,18,57.1,1.0,4.0,4.0,4.0,4.0,1.0,4.0,,规则、SQL,SQL、数据库,沟通、团队协作,架构、设计、问题解决,,团队协作、沟通,中,七维等权研究设计：任务重复性、规则明确性、数据结构化程度为正向项；复杂沟通、责任判断、合规或信任责任、跨部门协调为反向项。每项按命中词数映射为1/3/4/5分（0/1/2-3/4个及以上）；替代风险评分=100*[三项正向得分之和+四项(6-反向得分)之和]/35。评分仅反映本研究词典与岗位文本下的任务自动化潜力，不是实际替代概率。
600570.SH,恒生电子,C++开发工程师-经纪业务,5,JOB_0004、JOB_0006、JOB_0007、JOB_0009、JOB_0011,1-4,10、12、5、7、8,55.4,1.8,1.6,3.8,3.0,4.0,1.8,3.0,清算、部署,清算、SQL,SQL、数据库、清算、数据库、数据库、交易,沟通,设计、管理,证券交易,沟通,中,七维等权研究设计：任务重复性、规则明确性、数据结构化程度为正向项；复杂沟通、责任判断、合规或信任责任、跨部门协调为反向项。每项按命中词数映射为1/3/4/5分（0/1/2-3/4个及以上）；替代风险评分=100*[三项正向得分之和+四项(6-反向得分)之和]/35。评分仅反映本研究词典与岗位文本下的任务自动化潜力，不是实际替代概率。
300059.SZ,东方财富,AI应用工程师（证券）(MJ002957),1,JOB_0121,1-4,124,54.3,1.0,1.0,1.0,1.0,5.0,1.0,1.0,,,,,方案、设计、规划、创新、需求分析、用户体验、管理,,,中,七维等权研究设计：任务重复性、规则明确性、数据结构化程度为正向项；复杂沟通、责任判断、合规或信任责任、跨部门协调为反向项。每项按命中词数映射为1/3/4/5分（0/1/2-3/4个及以上）；替代风险评分=100*[三项正向得分之和+四项(6-反向得分)之和]/35。评分仅反映本研究词典与岗位文本下的任务自动化潜力，不是实际替代概率。
300059.SZ,东方财富,算法工程师（推荐/搜索方向）,1,JOB_0120,1-4,123,54.3,1.0,3.0,3.0,3.0,5.0,1.0,3.0,,指标,指标,沟通,方案、设计、策略、算法,,沟通,中,七维等权研究设计：任务重复性、规则明确性、数据结构化程度为正向项；复杂沟通、责任判断、合规或信任责任、跨部门协调为反向项。每项按命中词数映射为1/3/4/5分（0/1/2-3/4个及以上）；替代风险评分=100*[三项正向得分之和+四项(6-反向得分)之和]/35。评分仅反映本研究词典与岗位文本下的任务自动化潜力，不是实际替代概率。
002987.SZ,京北方,中级 Java 开发工程师,1,JOB_0183,9-12,22,54.3,4.0,4.0,1.0,4.0,3.0,3.0,4.0,测试、脚本、文档,测试、脚本,,沟通、团队协作,算法,支付,团队协作、沟通,中,七维等权研究设计：任务重复性、规则明确性、数据结构化程度为正向项；复杂沟通、责任判断、合规或信任责任、跨部门协调为反向项。每项按命中词数映射为1/3/4/5分（0/1/2-3/4个及以上）；替代风险评分=100*[三项正向得分之和+四项(6-反向得分)之和]/35。评分仅反映本研究词典与岗位文本下的任务自动化潜力，不是实际替代概率。
300033.SZ,同花顺,AI技术总监,1,JOB_0058,1-4,60,54.3,1.0,1.0,1.0,1.0,5.0,1.0,1.0,,,,,总监、架构、设计、管理,,,中,七维等权研究设计：任务重复性、规则明确性、数据结构化程度为正向项；复杂沟通、责任判断、合规或信任责任、跨部门协调为反向项。每项按命中词数映射为1/3/4/5分（0/1/2-3/4个及以上）；替代风险评分=100*[三项正向得分之和+四项(6-反向得分)之和]/35。评分仅反映本研究词典与岗位文本下的任务自动化潜力，不是实际替代概率。
300033.SZ,同花顺,agent算法/合伙人/专家（多模态/大模型）,1,JOB_0035,1-4,37,54.3,1.0,1.0,1.0,1.0,3.0,1.0,3.0,,,,,算法,,产品,中,七维等权研究设计：任务重复性、规则明确性、数据结构化程度为正向项；复杂沟通、责任判断、合规或信任责任、跨部门协调为反向项。每项按命中词数映射为1/3/4/5分（0/1/2-3/4个及以上）；替代风险评分=100*[三项正向得分之和+四项(6-反向得分)之和]/35。评分仅反映本研究词典与岗位文本下的任务自动化潜力，不是实际替代概率。
300033.SZ,同花顺,技术负责人（AIGC出海业务技术）,1,JOB_0026,1-4,28,54.3,1.0,1.0,1.0,1.0,5.0,1.0,1.0,,,,,负责人、架构、设计、管理,,,中,七维等权研究设计：任务重复性、规则明确性、数据结构化程度为正向项；复杂沟通、责任判断、合规或信任责任、跨部门协调为反向项。每项按命中词数映射为1/3/4/5分（0/1/2-3/4个及以上）；替代风险评分=100*[三项正向得分之和+四项(6-反向得分)之和]/35。评分仅反映本研究词典与岗位文本下的任务自动化潜力，不是实际替代概率。
300033.SZ,同花顺,高级推荐算法工程师,1,JOB_0082,1-4,84,54.3,1.0,1.0,1.0,1.0,3.0,1.0,3.0,,,,,算法,,协同,中,七维等权研究设计：任务重复性、规则明确性、数据结构化程度为正向项；复杂沟通、责任判断、合规或信任责任、跨部门协调为反向项。每项按命中词数映射为1/3/4/5分（0/1/2-3/4个及以上）；替代风险评分=100*[三项正向得分之和+四项(6-反向得分)之和]/35。评分仅反映本研究词典与岗位文本下的任务自动化潜力，不是实际替代概率。
300872.SZ,天阳科技,资深数据治理工程师（咨询方向）,1,JOB_0173,9-12,12,54.3,1.0,5.0,4.0,5.0,4.0,1.0,5.0,,流程、标准、数据治理、指标,数据治理、指标,沟通、协调、客户、咨询、访谈、对接,方案、管理、评估,,对接、项目管理、客户、协调、沟通、访谈,中,七维等权研究设计：任务重复性、规则明确性、数据结构化程度为正向项；复杂沟通、责任判断、合规或信任责任、跨部门协调为反向项。每项按命中词数映射为1/3/4/5分（0/1/2-3/4个及以上）；替代风险评分=100*[三项正向得分之和+四项(6-反向得分)之和]/35。评分仅反映本研究词典与岗位文本下的任务自动化潜力，不是实际替代概率。
300674.SZ,宇信科技,【校招-高潜人才】业务分析师(J12428),1,JOB_0222,5-8,29,54.3,1.0,1.0,1.0,1.0,3.0,1.0,3.0,,,,,需求分析,,产品,中,七维等权研究设计：任务重复性、规则明确性、数据结构化程度为正向项；复杂沟通、责任判断、合规或信任责任、跨部门协调为反向项。每项按命中词数映射为1/3/4/5分（0/1/2-3/4个及以上）；替代风险评分=100*[三项正向得分之和+四项(6-反向得分)之和]/35。评分仅反映本研究词典与岗位文本下的任务自动化潜力，不是实际替代概率。
300674.SZ,宇信科技,【校招】销售管培生(J12452),1,JOB_0223,5-8,30,54.3,1.0,3.0,1.0,4.0,1.0,1.0,4.0,,流程,,商务、谈判、销售,,,商务、销售,中,七维等权研究设计：任务重复性、规则明确性、数据结构化程度为正向项；复杂沟通、责任判断、合规或信任责任、跨部门协调为反向项。每项按命中词数映射为1/3/4/5分（0/1/2-3/4个及以上）；替代风险评分=100*[三项正向得分之和+四项(6-反向得分)之和]/35。评分仅反映本研究词典与岗位文本下的任务自动化潜力，不是实际替代概率。
300663.SZ,科蓝软件,金融业务分析师,1,JOB_0180,9-12,19,54.3,4.0,4.0,1.0,4.0,4.0,1.0,5.0,测试、文档,流程、测试,,沟通、咨询、跨部门,设计、创新、用户体验,,跨部门、协同、项目推进、沟通、产品,中,七维等权研究设计：任务重复性、规则明确性、数据结构化程度为正向项；复杂沟通、责任判断、合规或信任责任、跨部门协调为反向项。每项按命中词数映射为1/3/4/5分（0/1/2-3/4个及以上）；替代风险评分=100*[三项正向得分之和+四项(6-反向得分)之和]/35。评分仅反映本研究词典与岗位文本下的任务自动化潜力，不是实际替代概率。
600446.SH,金证股份,C++主管开发工程师,1,JOB_0131,1-4,135,54.3,1.0,3.0,4.0,4.0,4.0,1.0,4.0,,SQL,SQL、数据库,沟通、团队协作,主管、设计,,团队协作、沟通,中,七维等权研究设计：任务重复性、规则明确性、数据结构化程度为正向项；复杂沟通、责任判断、合规或信任责任、跨部门协调为反向项。每项按命中词数映射为1/3/4/5分（0/1/2-3/4个及以上）；替代风险评分=100*[三项正向得分之和+四项(6-反向得分)之和]/35。评分仅反映本研究词典与岗位文本下的任务自动化潜力，不是实际替代概率。
300059.SZ,东方财富,算法工程师（大模型方向）,1,JOB_0119,1-4,122,51.4,3.0,1.0,1.0,3.0,4.0,1.0,3.0,维护,,,沟通,架构、算法,,沟通,中,七维等权研究设计：任务重复性、规则明确性、数据结构化程度为正向项；复杂沟通、责任判断、合规或信任责任、跨部门协调为反向项。每项按命中词数映射为1/3/4/5分（0/1/2-3/4个及以上）；替代风险评分=100*[三项正向得分之和+四项(6-反向得分)之和]/35。评分仅反映本研究词典与岗位文本下的任务自动化潜力，不是实际替代概率。
603927.SH,中科软,产品经理,1,JOB_0191,9-12,30,51.4,3.0,3.0,1.0,3.0,5.0,1.0,4.0,文档,流程,,沟通,设计、规划、策略、问题解决,,协同、沟通、产品,中,七维等权研究设计：任务重复性、规则明确性、数据结构化程度为正向项；复杂沟通、责任判断、合规或信任责任、跨部门协调为反向项。每项按命中词数映射为1/3/4/5分（0/1/2-3/4个及以上）；替代风险评分=100*[三项正向得分之和+四项(6-反向得分)之和]/35。评分仅反映本研究词典与岗位文本下的任务自动化潜力，不是实际替代概率。
300033.SZ,同花顺,AI算法合伙人/专家/负责人,1,JOB_0067,1-4,69,51.4,1.0,1.0,1.0,1.0,4.0,1.0,3.0,,,,,负责人、架构、算法,,产品,中,七维等权研究设计：任务重复性、规则明确性、数据结构化程度为正向项；复杂沟通、责任判断、合规或信任责任、跨部门协调为反向项。每项按命中词数映射为1/3/4/5分（0/1/2-3/4个及以上）；替代风险评分=100*[三项正向得分之和+四项(6-反向得分)之和]/35。评分仅反映本研究词典与岗位文本下的任务自动化潜力，不是实际替代概率。
300872.SZ,天阳科技,UI 设计师,1,JOB_0166,9-12,5,51.4,1.0,3.0,1.0,3.0,4.0,1.0,3.0,,规范,,沟通,设计、创新、用户体验,,沟通,中,七维等权研究设计：任务重复性、规则明确性、数据结构化程度为正向项；复杂沟通、责任判断、合规或信任责任、跨部门协调为反向项。每项按命中词数映射为1/3/4/5分（0/1/2-3/4个及以上）；替代风险评分=100*[三项正向得分之和+四项(6-反向得分)之和]/35。评分仅反映本研究词典与岗位文本下的任务自动化潜力，不是实际替代概率。
300872.SZ,天阳科技,java 中级开发工程师,1,JOB_0174,9-12,13,51.4,3.0,3.0,1.0,4.0,4.0,1.0,4.0,测试,测试,,沟通、团队协作,设计、需求分析,,团队协作、沟通,中,七维等权研究设计：任务重复性、规则明确性、数据结构化程度为正向项；复杂沟通、责任判断、合规或信任责任、跨部门协调为反向项。每项按命中词数映射为1/3/4/5分（0/1/2-3/4个及以上）；替代风险评分=100*[三项正向得分之和+四项(6-反向得分)之和]/35。评分仅反映本研究词典与岗位文本下的任务自动化潜力，不是实际替代概率。
300674.SZ,宇信科技,信贷部门-技术岗(J11782),1,JOB_0210,5-8,17,51.4,3.0,1.0,1.0,3.0,4.0,1.0,3.0,部署,,,沟通,架构、设计、规划,,沟通,中,七维等权研究设计：任务重复性、规则明确性、数据结构化程度为正向项；复杂沟通、责任判断、合规或信任责任、跨部门协调为反向项。每项按命中词数映射为1/3/4/5分（0/1/2-3/4个及以上）；替代风险评分=100*[三项正向得分之和+四项(6-反向得分)之和]/35。评分仅反映本研究词典与岗位文本下的任务自动化潜力，不是实际替代概率。
300674.SZ,宇信科技,初级系统工程师(J11995),1,JOB_0220,5-8,27,51.4,4.0,1.0,1.0,4.0,3.0,1.0,4.0,监控、批处理、运维,,,沟通、团队协作,管理,,团队协作、沟通,中,七维等权研究设计：任务重复性、规则明确性、数据结构化程度为正向项；复杂沟通、责任判断、合规或信任责任、跨部门协调为反向项。每项按命中词数映射为1/3/4/5分（0/1/2-3/4个及以上）；替代风险评分=100*[三项正向得分之和+四项(6-反向得分)之和]/35。评分仅反映本研究词典与岗位文本下的任务自动化潜力，不是实际替代概率。
300674.SZ,宇信科技,监管报送产品经理(J11557),1,JOB_0211,5-8,18,51.4,3.0,4.0,4.0,5.0,5.0,3.0,4.0,文档,报送、SQL,SQL、数据仓库,沟通、演讲、宣讲、产品演示,方案、设计、规划、问题解决,监管,沟通、产品,中,七维等权研究设计：任务重复性、规则明确性、数据结构化程度为正向项；复杂沟通、责任判断、合规或信任责任、跨部门协调为反向项。每项按命中词数映射为1/3/4/5分（0/1/2-3/4个及以上）；替代风险评分=100*[三项正向得分之和+四项(6-反向得分)之和]/35。评分仅反映本研究词典与岗位文本下的任务自动化潜力，不是实际替代概率。
600570.SH,恒生电子,高级C++开发工程师,1,JOB_0003,1-4,4,51.4,1.0,1.0,3.0,3.0,4.0,1.0,3.0,,,数据库,沟通,设计、管理,,沟通,中,七维等权研究设计：任务重复性、规则明确性、数据结构化程度为正向项；复杂沟通、责任判断、合规或信任责任、跨部门协调为反向项。每项按命中词数映射为1/3/4/5分（0/1/2-3/4个及以上）；替代风险评分=100*[三项正向得分之和+四项(6-反向得分)之和]/35。评分仅反映本研究词典与岗位文本下的任务自动化潜力，不是实际替代概率。
300348.SZ,长亮科技,销售经理（大数据产品）,1,JOB_0244,5-8,51,51.4,3.0,3.0,4.0,5.0,5.0,1.0,5.0,维护,数据治理,数据仓库、数据治理,沟通、协调、客户、商务、销售,方案、需求分析、风险管理、管理,,客户、协调、沟通、商务、销售、产品,中,七维等权研究设计：任务重复性、规则明确性、数据结构化程度为正向项；复杂沟通、责任判断、合规或信任责任、跨部门协调为反向项。每项按命中词数映射为1/3/4/5分（0/1/2-3/4个及以上）；替代风险评分=100*[三项正向得分之和+四项(6-反向得分)之和]/35。评分仅反映本研究词典与岗位文本下的任务自动化潜力，不是实际替代概率。
300059.SZ,东方财富,客户端开发工程师 (MJ002707),1,JOB_0103,1-4,106,48.6,1.0,3.0,1.0,4.0,3.0,1.0,4.0,,规范,,客户、团队协作,复杂问题,,团队协作、客户,中,七维等权研究设计：任务重复性、规则明确性、数据结构化程度为正向项；复杂沟通、责任判断、合规或信任责任、跨部门协调为反向项。每项按命中词数映射为1/3/4/5分（0/1/2-3/4个及以上）；替代风险评分=100*[三项正向得分之和+四项(6-反向得分)之和]/35。评分仅反映本研究词典与岗位文本下的任务自动化潜力，不是实际替代概率。
300059.SZ,东方财富,算法实习生-大模型/Agent方向,1,JOB_0096,1-4,99,48.6,1.0,1.0,1.0,3.0,3.0,1.0,3.0,,,,沟通,算法,,沟通,中,七维等权研究设计：任务重复性、规则明确性、数据结构化程度为正向项；复杂沟通、责任判断、合规或信任责任、跨部门协调为反向项。每项按命中词数映射为1/3/4/5分（0/1/2-3/4个及以上）；替代风险评分=100*[三项正向得分之和+四项(6-反向得分)之和]/35。评分仅反映本研究词典与岗位文本下的任务自动化潜力，不是实际替代概率。
300059.SZ,东方财富,算法实习生（大模型/Agent方向）,1,JOB_0095,1-4,98,48.6,1.0,1.0,1.0,3.0,3.0,1.0,3.0,,,,沟通,算法,,沟通,中,七维等权研究设计：任务重复性、规则明确性、数据结构化程度为正向项；复杂沟通、责任判断、合规或信任责任、跨部门协调为反向项。每项按命中词数映射为1/3/4/5分（0/1/2-3/4个及以上）；替代风险评分=100*[三项正向得分之和+四项(6-反向得分)之和]/35。评分仅反映本研究词典与岗位文本下的任务自动化潜力，不是实际替代概率。
002987.SZ,京北方,测试专家,1,JOB_0181,9-12,20,48.6,3.0,4.0,1.0,5.0,5.0,1.0,4.0,测试,流程、测试,,沟通、协调、咨询、售前,架构、方案、设计、规划、管理,,协调、沟通,中,七维等权研究设计：任务重复性、规则明确性、数据结构化程度为正向项；复杂沟通、责任判断、合规或信任责任、跨部门协调为反向项。每项按命中词数映射为1/3/4/5分（0/1/2-3/4个及以上）；替代风险评分=100*[三项正向得分之和+四项(6-反向得分)之和]/35。评分仅反映本研究词典与岗位文本下的任务自动化潜力，不是实际替代概率。
300872.SZ,天阳科技,金融工程师,1,JOB_0163,9-12,2,48.6,1.0,1.0,4.0,4.0,4.0,1.0,4.0,,,统计、数据建模,沟通、团队协作,方案、模型验证、复杂问题,,团队协作、沟通,中,七维等权研究设计：任务重复性、规则明确性、数据结构化程度为正向项；复杂沟通、责任判断、合规或信任责任、跨部门协调为反向项。每项按命中词数映射为1/3/4/5分（0/1/2-3/4个及以上）；替代风险评分=100*[三项正向得分之和+四项(6-反向得分)之和]/35。评分仅反映本研究词典与岗位文本下的任务自动化潜力，不是实际替代概率。
300674.SZ,宇信科技,中级业务分析师(J11833),1,JOB_0204,5-8,11,48.6,1.0,3.0,4.0,4.0,5.0,1.0,5.0,,SQL,SQL、Excel,沟通、协调、需求调研,设计、规划、策略、创新、需求分析,,协调、沟通、需求调研、产品,中,七维等权研究设计：任务重复性、规则明确性、数据结构化程度为正向项；复杂沟通、责任判断、合规或信任责任、跨部门协调为反向项。每项按命中词数映射为1/3/4/5分（0/1/2-3/4个及以上）；替代风险评分=100*[三项正向得分之和+四项(6-反向得分)之和]/35。评分仅反映本研究词典与岗位文本下的任务自动化潜力，不是实际替代概率。
300229.SZ,拓尔思,AI 产品工程师,1,JOB_0153,13-15,12,48.6,1.0,3.0,1.0,3.0,4.0,1.0,4.0,,流程,,沟通,设计、需求分析,,沟通、产品,中,七维等权研究设计：任务重复性、规则明确性、数据结构化程度为正向项；复杂沟通、责任判断、合规或信任责任、跨部门协调为反向项。每项按命中词数映射为1/3/4/5分（0/1/2-3/4个及以上）；替代风险评分=100*[三项正向得分之和+四项(6-反向得分)之和]/35。评分仅反映本研究词典与岗位文本下的任务自动化潜力，不是实际替代概率。
300229.SZ,拓尔思,AI 产品经理,1,JOB_0156,13-15,15,48.6,1.0,3.0,1.0,3.0,4.0,1.0,4.0,,流程,,沟通,设计、需求分析,,沟通、产品,中,七维等权研究设计：任务重复性、规则明确性、数据结构化程度为正向项；复杂沟通、责任判断、合规或信任责任、跨部门协调为反向项。每项按命中词数映射为1/3/4/5分（0/1/2-3/4个及以上）；替代风险评分=100*[三项正向得分之和+四项(6-反向得分)之和]/35。评分仅反映本研究词典与岗位文本下的任务自动化潜力，不是实际替代概率。
300229.SZ,拓尔思,交互设计师（可转岗产品经理）,1,JOB_0159,13-15,18,48.6,1.0,3.0,1.0,3.0,4.0,1.0,4.0,,流程,,沟通,设计、需求分析,,沟通、产品,中,七维等权研究设计：任务重复性、规则明确性、数据结构化程度为正向项；复杂沟通、责任判断、合规或信任责任、跨部门协调为反向项。每项按命中词数映射为1/3/4/5分（0/1/2-3/4个及以上）；替代风险评分=100*[三项正向得分之和+四项(6-反向得分)之和]/35。评分仅反映本研究词典与岗位文本下的任务自动化潜力，不是实际替代概率。
000555.SZ,神州信息,软件工程师(J12245),1,JOB_0232,5-8,39,48.6,1.0,1.0,1.0,3.0,3.0,1.0,3.0,,,,沟通,设计,,沟通,中,七维等权研究设计：任务重复性、规则明确性、数据结构化程度为正向项；复杂沟通、责任判断、合规或信任责任、跨部门协调为反向项。每项按命中词数映射为1/3/4/5分（0/1/2-3/4个及以上）；替代风险评分=100*[三项正向得分之和+四项(6-反向得分)之和]/35。评分仅反映本研究词典与岗位文本下的任务自动化潜力，不是实际替代概率。
000555.SZ,神州信息,软件工程师(J22337),1,JOB_0236,5-8,43,48.6,1.0,1.0,1.0,4.0,1.0,1.0,4.0,,,,沟通、协调、团队协作,,,团队协作、协调、沟通,中,七维等权研究设计：任务重复性、规则明确性、数据结构化程度为正向项；复杂沟通、责任判断、合规或信任责任、跨部门协调为反向项。每项按命中词数映射为1/3/4/5分（0/1/2-3/4个及以上）；替代风险评分=100*[三项正向得分之和+四项(6-反向得分)之和]/35。评分仅反映本研究词典与岗位文本下的任务自动化潜力，不是实际替代概率。
000555.SZ,神州信息,软件工程师(J22342),1,JOB_0235,5-8,42,48.6,1.0,1.0,1.0,4.0,1.0,1.0,4.0,,,,沟通、协调、团队协作,,,团队协作、协调、沟通,中,七维等权研究设计：任务重复性、规则明确性、数据结构化程度为正向项；复杂沟通、责任判断、合规或信任责任、跨部门协调为反向项。每项按命中词数映射为1/3/4/5分（0/1/2-3/4个及以上）；替代风险评分=100*[三项正向得分之和+四项(6-反向得分)之和]/35。评分仅反映本研究词典与岗位文本下的任务自动化潜力，不是实际替代概率。
300033.SZ,同花顺,C++开发主管（PC客户端）,1,JOB_0044,1-4,46,45.7,1.0,1.0,1.0,3.0,4.0,1.0,3.0,,,,客户,主管、架构、设计,,客户,中,七维等权研究设计：任务重复性、规则明确性、数据结构化程度为正向项；复杂沟通、责任判断、合规或信任责任、跨部门协调为反向项。每项按命中词数映射为1/3/4/5分（0/1/2-3/4个及以上）；替代风险评分=100*[三项正向得分之和+四项(6-反向得分)之和]/35。评分仅反映本研究词典与岗位文本下的任务自动化潜力，不是实际替代概率。
603927.SH,中科软,前端开发工程师,1,JOB_0185,9-12,24,42.9,1.0,1.0,1.0,4.0,3.0,1.0,4.0,,,,沟通、对接,问题解决,,对接、沟通,中,七维等权研究设计：任务重复性、规则明确性、数据结构化程度为正向项；复杂沟通、责任判断、合规或信任责任、跨部门协调为反向项。每项按命中词数映射为1/3/4/5分（0/1/2-3/4个及以上）；替代风险评分=100*[三项正向得分之和+四项(6-反向得分)之和]/35。评分仅反映本研究词典与岗位文本下的任务自动化潜力，不是实际替代概率。
300033.SZ,同花顺,技术专家/架构师,1,JOB_0080,1-4,82,42.9,1.0,1.0,1.0,3.0,5.0,1.0,3.0,,,,跨团队,架构、设计、规划、管理,,跨团队,中,七维等权研究设计：任务重复性、规则明确性、数据结构化程度为正向项；复杂沟通、责任判断、合规或信任责任、跨部门协调为反向项。每项按命中词数映射为1/3/4/5分（0/1/2-3/4个及以上）；替代风险评分=100*[三项正向得分之和+四项(6-反向得分)之和]/35。评分仅反映本研究词典与岗位文本下的任务自动化潜力，不是实际替代概率。
300872.SZ,天阳科技,大数据开发工程师,1,JOB_0170,9-12,9,42.9,1.0,1.0,1.0,4.0,3.0,1.0,4.0,,,,跨团队、团队协作,架构,,跨团队、团队协作,中,七维等权研究设计：任务重复性、规则明确性、数据结构化程度为正向项；复杂沟通、责任判断、合规或信任责任、跨部门协调为反向项。每项按命中词数映射为1/3/4/5分（0/1/2-3/4个及以上）；替代风险评分=100*[三项正向得分之和+四项(6-反向得分)之和]/35。评分仅反映本研究词典与岗位文本下的任务自动化潜力，不是实际替代概率。
300674.SZ,宇信科技,资深业务专家(J11984),1,JOB_0203,5-8,10,42.9,3.0,1.0,1.0,5.0,4.0,1.0,4.0,文档,,,客户、商务、咨询、交付,方案、管理,,客户、交付、商务,中,七维等权研究设计：任务重复性、规则明确性、数据结构化程度为正向项；复杂沟通、责任判断、合规或信任责任、跨部门协调为反向项。每项按命中词数映射为1/3/4/5分（0/1/2-3/4个及以上）；替代风险评分=100*[三项正向得分之和+四项(6-反向得分)之和]/35。评分仅反映本研究词典与岗位文本下的任务自动化潜力，不是实际替代概率。
300348.SZ,长亮科技,销售经理,1,JOB_0245,5-8,52,42.9,3.0,1.0,1.0,5.0,3.0,1.0,5.0,维护,,,沟通、客户、商务、销售,方案,,客户、沟通、商务、销售、产品,中,七维等权研究设计：任务重复性、规则明确性、数据结构化程度为正向项；复杂沟通、责任判断、合规或信任责任、跨部门协调为反向项。每项按命中词数映射为1/3/4/5分（0/1/2-3/4个及以上）；替代风险评分=100*[三项正向得分之和+四项(6-反向得分)之和]/35。评分仅反映本研究词典与岗位文本下的任务自动化潜力，不是实际替代概率。
300229.SZ,拓尔思,产品经理,2,JOB_0157、JOB_0160,13-15,16、19,41.4,1.0,2.0,1.0,3.5,4.5,1.0,4.5,,流程,,沟通、沟通、团队协作、交付,设计、规划、需求分析、管理、设计、需求分析,,团队协作、交付、沟通、产品、沟通、产品,中,七维等权研究设计：任务重复性、规则明确性、数据结构化程度为正向项；复杂沟通、责任判断、合规或信任责任、跨部门协调为反向项。每项按命中词数映射为1/3/4/5分（0/1/2-3/4个及以上）；替代风险评分=100*[三项正向得分之和+四项(6-反向得分)之和]/35。评分仅反映本研究词典与岗位文本下的任务自动化潜力，不是实际替代概率。
300059.SZ,东方财富,AI Agent 架构师 (MJ002936),1,JOB_0116,1-4,119,40.0,1.0,1.0,1.0,4.0,4.0,1.0,4.0,,,,沟通、协调、跨团队,架构、设计、规划,,跨团队、协调、沟通,中,七维等权研究设计：任务重复性、规则明确性、数据结构化程度为正向项；复杂沟通、责任判断、合规或信任责任、跨部门协调为反向项。每项按命中词数映射为1/3/4/5分（0/1/2-3/4个及以上）；替代风险评分=100*[三项正向得分之和+四项(6-反向得分)之和]/35。评分仅反映本研究词典与岗位文本下的任务自动化潜力，不是实际替代概率。
603927.SH,中科软,UI 设计师,1,JOB_0192,9-12,31,40.0,1.0,1.0,1.0,4.0,4.0,1.0,4.0,,,,沟通、交付,设计、用户体验,,交付、沟通,中,七维等权研究设计：任务重复性、规则明确性、数据结构化程度为正向项；复杂沟通、责任判断、合规或信任责任、跨部门协调为反向项。每项按命中词数映射为1/3/4/5分（0/1/2-3/4个及以上）；替代风险评分=100*[三项正向得分之和+四项(6-反向得分)之和]/35。评分仅反映本研究词典与岗位文本下的任务自动化潜力，不是实际替代概率。
603927.SH,中科软,运营副总,1,JOB_0193,9-12,32,40.0,1.0,1.0,1.0,4.0,4.0,1.0,4.0,,,,沟通、商务、谈判,规划、领导、管理,,沟通、商务,中,七维等权研究设计：任务重复性、规则明确性、数据结构化程度为正向项；复杂沟通、责任判断、合规或信任责任、跨部门协调为反向项。每项按命中词数映射为1/3/4/5分（0/1/2-3/4个及以上）；替代风险评分=100*[三项正向得分之和+四项(6-反向得分)之和]/35。评分仅反映本研究词典与岗位文本下的任务自动化潜力，不是实际替代概率。
300674.SZ,宇信科技,信贷业务专家(J11646),1,JOB_0209,5-8,16,40.0,1.0,1.0,1.0,4.0,4.0,1.0,4.0,,,,沟通、售前,方案、设计、管理,,项目管理、沟通、产品,中,七维等权研究设计：任务重复性、规则明确性、数据结构化程度为正向项；复杂沟通、责任判断、合规或信任责任、跨部门协调为反向项。每项按命中词数映射为1/3/4/5分（0/1/2-3/4个及以上）；替代风险评分=100*[三项正向得分之和+四项(6-反向得分)之和]/35。评分仅反映本研究词典与岗位文本下的任务自动化潜力，不是实际替代概率。
300674.SZ,宇信科技,高级UED设计师(J11847),1,JOB_0214,5-8,21,40.0,1.0,1.0,1.0,3.0,5.0,1.0,4.0,,,,沟通,方案、设计、创新、用户体验,,沟通、产品,中,七维等权研究设计：任务重复性、规则明确性、数据结构化程度为正向项；复杂沟通、责任判断、合规或信任责任、跨部门协调为反向项。每项按命中词数映射为1/3/4/5分（0/1/2-3/4个及以上）；替代风险评分=100*[三项正向得分之和+四项(6-反向得分)之和]/35。评分仅反映本研究词典与岗位文本下的任务自动化潜力，不是实际替代概率。
600570.SH,恒生电子,Java技术专家-资产管理,1,JOB_0005,1-4,6,40.0,1.0,1.0,1.0,4.0,4.0,1.0,4.0,,,,沟通、协调,架构、设计、管理,,协调、沟通,中,七维等权研究设计：任务重复性、规则明确性、数据结构化程度为正向项；复杂沟通、责任判断、合规或信任责任、跨部门协调为反向项。每项按命中词数映射为1/3/4/5分（0/1/2-3/4个及以上）；替代风险评分=100*[三项正向得分之和+四项(6-反向得分)之和]/35。评分仅反映本研究词典与岗位文本下的任务自动化潜力，不是实际替代概率。
300229.SZ,拓尔思,金融行业大客户经理,1,JOB_0154,13-15,13,40.0,1.0,1.0,1.0,4.0,1.0,3.0,5.0,,,,客户、商务、销售,,消保,客户、商务、销售、产品,中,七维等权研究设计：任务重复性、规则明确性、数据结构化程度为正向项；复杂沟通、责任判断、合规或信任责任、跨部门协调为反向项。每项按命中词数映射为1/3/4/5分（0/1/2-3/4个及以上）；替代风险评分=100*[三项正向得分之和+四项(6-反向得分)之和]/35。评分仅反映本研究词典与岗位文本下的任务自动化潜力，不是实际替代概率。
300663.SZ,科蓝软件,Android 开发工程师,1,JOB_0178,9-12,17,40.0,1.0,1.0,1.0,3.0,5.0,1.0,4.0,,,,团队协作,架构、方案、设计、创新、问题解决,,团队协作、产品,中,七维等权研究设计：任务重复性、规则明确性、数据结构化程度为正向项；复杂沟通、责任判断、合规或信任责任、跨部门协调为反向项。每项按命中词数映射为1/3/4/5分（0/1/2-3/4个及以上）；替代风险评分=100*[三项正向得分之和+四项(6-反向得分)之和]/35。评分仅反映本研究词典与岗位文本下的任务自动化潜力，不是实际替代概率。
603927.SH,中科软,业务经理,1,JOB_0194,9-12,33,37.1,1.0,1.0,1.0,5.0,3.0,1.0,5.0,,,,沟通、协调、客户、商务、对接,策略,,对接、客户、协调、沟通、商务,中,七维等权研究设计：任务重复性、规则明确性、数据结构化程度为正向项；复杂沟通、责任判断、合规或信任责任、跨部门协调为反向项。每项按命中词数映射为1/3/4/5分（0/1/2-3/4个及以上）；替代风险评分=100*[三项正向得分之和+四项(6-反向得分)之和]/35。评分仅反映本研究词典与岗位文本下的任务自动化潜力，不是实际替代概率。
300674.SZ,宇信科技,高级业务专家,1,JOB_0200,5-8,7,37.1,1.0,1.0,1.0,4.0,5.0,1.0,4.0,,,,客户、售前,方案、设计、规划、创新、研究、用户体验、领导,,客户、产品,中,七维等权研究设计：任务重复性、规则明确性、数据结构化程度为正向项；复杂沟通、责任判断、合规或信任责任、跨部门协调为反向项。每项按命中词数映射为1/3/4/5分（0/1/2-3/4个及以上）；替代风险评分=100*[三项正向得分之和+四项(6-反向得分)之和]/35。评分仅反映本研究词典与岗位文本下的任务自动化潜力，不是实际替代概率。
300674.SZ,宇信科技,高级业务专家(J11951),1,JOB_0201,5-8,8,31.4,1.0,1.0,1.0,5.0,5.0,1.0,5.0,,,,沟通、协调、售前、跨部门,方案、设计、规划、创新、领导、管理,,跨部门、协调、沟通、产品,低,七维等权研究设计：任务重复性、规则明确性、数据结构化程度为正向项；复杂沟通、责任判断、合规或信任责任、跨部门协调为反向项。每项按命中词数映射为1/3/4/5分（0/1/2-3/4个及以上）；替代风险评分=100*[三项正向得分之和+四项(6-反向得分)之和]/35。评分仅反映本研究词典与岗位文本下的任务自动化潜力，不是实际替代概率。
688590.SH,新致软件,AI 产品经理,1,JOB_0148,13-15,7,31.4,1.0,1.0,1.0,4.0,5.0,3.0,4.0,,,,协调、跨团队,方案、设计、规划、管理,支付,跨团队、协调、产品,低,七维等权研究设计：任务重复性、规则明确性、数据结构化程度为正向项；复杂沟通、责任判断、合规或信任责任、跨部门协调为反向项。每项按命中词数映射为1/3/4/5分（0/1/2-3/4个及以上）；替代风险评分=100*[三项正向得分之和+四项(6-反向得分)之和]/35。评分仅反映本研究词典与岗位文本下的任务自动化潜力，不是实际替代概率。
300674.SZ,宇信科技,中级业务分析师(J11964),1,JOB_0202,5-8,9,25.7,1.0,1.0,1.0,5.0,5.0,3.0,5.0,,,,沟通、协调、售前、跨部门,方案、设计、规划、创新、需求分析,合规,跨部门、协调、沟通、产品,低,七维等权研究设计：任务重复性、规则明确性、数据结构化程度为正向项；复杂沟通、责任判断、合规或信任责任、跨部门协调为反向项。每项按命中词数映射为1/3/4/5分（0/1/2-3/4个及以上）；替代风险评分=100*[三项正向得分之和+四项(6-反向得分)之和]/35。评分仅反映本研究词典与岗位文本下的任务自动化潜力，不是实际替代概率。
