recommendation_rank,job_id,company_name,company_code,job_title,source_sheet,source_row,matched_profile_skills,simulated_skill_fit_reward,bandit_q_value,selection_count,target_profile,reward_definition,method_boundary
1,JOB_0137,金证股份,600446.SH,Java开发工程师,1-4,141,SQL、金融、风控、机器学习、大模型,0.625,0.625,3690,金融数据与AI应用学习者（模拟画像）,每个候选岗位在职位名称+技能要求中命中的模拟画像技能数 / 8；不使用真实点击、投递或录用反馈。,epsilon-greedy 多臂老虎机模拟；奖励是确定性技能匹配，非真实用户反馈。
2,JOB_0161,拓尔思,300229.SZ,高级数据分析师（正式）,13-15,20,Python、SQL、金融、数据分析,0.5,0.33616,5,金融数据与AI应用学习者（模拟画像）,每个候选岗位在职位名称+技能要求中命中的模拟画像技能数 / 8；不使用真实点击、投递或录用反馈。,epsilon-greedy 多臂老虎机模拟；奖励是确定性技能匹配，非真实用户反馈。
3,JOB_0163,天阳科技,300872.SZ,金融工程师,9-12,2,Python、金融、统计,0.375,0.324668,9,金融数据与AI应用学习者（模拟画像）,每个候选岗位在职位名称+技能要求中命中的模拟画像技能数 / 8；不使用真实点击、投递或录用反馈。,epsilon-greedy 多臂老虎机模拟；奖励是确定性技能匹配，非真实用户反馈。
4,JOB_0126,金证股份,600446.SH,Java开发工程师（海通证券）,1-4,130,SQL、金融、风控,0.375,0.296357,7,金融数据与AI应用学习者（模拟画像）,每个候选岗位在职位名称+技能要求中命中的模拟画像技能数 / 8；不使用真实点击、投递或录用反馈。,epsilon-greedy 多臂老虎机模拟；奖励是确定性技能匹配，非真实用户反馈。
5,JOB_0119,东方财富,300059.SZ,算法工程师（大模型方向）,1-4,122,Python、金融、机器学习、大模型,0.5,0.2952,4,金融数据与AI应用学习者（模拟画像）,每个候选岗位在职位名称+技能要求中命中的模拟画像技能数 / 8；不使用真实点击、投递或录用反馈。,epsilon-greedy 多臂老虎机模拟；奖励是确定性技能匹配，非真实用户反馈。
6,JOB_0146,新致软件,688590.SH,测试工程师（兴业银行外包）,13-15,5,Python、SQL、金融、风控,0.5,0.2952,4,金融数据与AI应用学习者（模拟画像）,每个候选岗位在职位名称+技能要求中命中的模拟画像技能数 / 8；不使用真实点击、投递或录用反馈。,epsilon-greedy 多臂老虎机模拟；奖励是确定性技能匹配，非真实用户反馈。
7,JOB_0162,拓尔思,300229.SZ,数据分析实习生,13-15,21,Python、SQL、金融、数据分析,0.5,0.2952,4,金融数据与AI应用学习者（模拟画像）,每个候选岗位在职位名称+技能要求中命中的模拟画像技能数 / 8；不使用真实点击、投递或录用反馈。,epsilon-greedy 多臂老虎机模拟；奖励是确定性技能匹配，非真实用户反馈。
8,JOB_0072,同花顺,300033.SZ,视频生成算法工程师,1-4,74,Python、机器学习、大模型,0.375,0.276696,6,金融数据与AI应用学习者（模拟画像）,每个候选岗位在职位名称+技能要求中命中的模拟画像技能数 / 8；不使用真实点击、投递或录用反馈。,epsilon-greedy 多臂老虎机模拟；奖励是确定性技能匹配，非真实用户反馈。
9,JOB_0149,新致软件,688590.SH,测试工程师（外派保险）,13-15,8,Python、SQL、金融,0.375,0.276696,6,金融数据与AI应用学习者（模拟画像）,每个候选岗位在职位名称+技能要求中命中的模拟画像技能数 / 8；不使用真实点击、投递或录用反馈。,epsilon-greedy 多臂老虎机模拟；奖励是确定性技能匹配，非真实用户反馈。
10,JOB_0158,拓尔思,300229.SZ,数据分析实习生,13-15,17,Python、SQL、数据分析,0.375,0.276696,6,金融数据与AI应用学习者（模拟画像）,每个候选岗位在职位名称+技能要求中命中的模拟画像技能数 / 8；不使用真实点击、投递或录用反馈。,epsilon-greedy 多臂老虎机模拟；奖励是确定性技能匹配，非真实用户反馈。
11,JOB_0167,天阳科技,300872.SZ,金融测试工程师,9-12,6,Python、SQL、金融,0.375,0.276696,6,金融数据与AI应用学习者（模拟画像）,每个候选岗位在职位名称+技能要求中命中的模拟画像技能数 / 8；不使用真实点击、投递或录用反馈。,epsilon-greedy 多臂老虎机模拟；奖励是确定性技能匹配，非真实用户反馈。
12,JOB_0012,同花顺,300033.SZ,NLP大模型算法专家（总部岗位）,1-4,14,Python、机器学习、大模型,0.375,0.25212,5,金融数据与AI应用学习者（模拟画像）,每个候选岗位在职位名称+技能要求中命中的模拟画像技能数 / 8；不使用真实点击、投递或录用反馈。,epsilon-greedy 多臂老虎机模拟；奖励是确定性技能匹配，非真实用户反馈。
13,JOB_0147,新致软件,688590.SH,中级测试工程师,13-15,6,Python、SQL、金融,0.375,0.25212,5,金融数据与AI应用学习者（模拟画像）,每个候选岗位在职位名称+技能要求中命中的模拟画像技能数 / 8；不使用真实点击、投递或录用反馈。,epsilon-greedy 多臂老虎机模拟；奖励是确定性技能匹配，非真实用户反馈。
14,JOB_0151,科大讯飞,002230.SZ,高级 Java 开发工程师（科大讯飞）,13-15,10,Python、SQL、风控,0.375,0.25212,5,金融数据与AI应用学习者（模拟画像）,每个候选岗位在职位名称+技能要求中命中的模拟画像技能数 / 8；不使用真实点击、投递或录用反馈。,epsilon-greedy 多臂老虎机模拟；奖励是确定性技能匹配，非真实用户反馈。
15,JOB_0187,中科软,603927.SH,大数据开发工程师,9-12,26,Python、SQL、数据分析,0.375,0.25212,5,金融数据与AI应用学习者（模拟画像）,每个候选岗位在职位名称+技能要求中命中的模拟画像技能数 / 8；不使用真实点击、投递或录用反馈。,epsilon-greedy 多臂老虎机模拟；奖励是确定性技能匹配，非真实用户反馈。
16,JOB_0227,宇信科技,300674.SZ,【实习】大模型应用开发工程师（2027届，有留用机会）(J12974),5-8,34,Python、金融、大模型,0.375,0.25212,5,金融数据与AI应用学习者（模拟画像）,每个候选岗位在职位名称+技能要求中命中的模拟画像技能数 / 8；不使用真实点击、投递或录用反馈。,epsilon-greedy 多臂老虎机模拟；奖励是确定性技能匹配，非真实用户反馈。
17,JOB_0204,宇信科技,300674.SZ,中级业务分析师(J11833),5-8,11,SQL、金融,0.25,0.25,372,金融数据与AI应用学习者（模拟画像）,每个候选岗位在职位名称+技能要求中命中的模拟画像技能数 / 8；不使用真实点击、投递或录用反馈。,epsilon-greedy 多臂老虎机模拟；奖励是确定性技能匹配，非真实用户反馈。
18,JOB_0022,同花顺,300033.SZ,量化研究员,1-4,24,金融、机器学习、大模型,0.375,0.2214,4,金融数据与AI应用学习者（模拟画像）,每个候选岗位在职位名称+技能要求中命中的模拟画像技能数 / 8；不使用真实点击、投递或录用反馈。,epsilon-greedy 多臂老虎机模拟；奖励是确定性技能匹配，非真实用户反馈。
19,JOB_0060,同花顺,300033.SZ,AI Agent工程师,1-4,62,Python、机器学习、大模型,0.375,0.2214,4,金融数据与AI应用学习者（模拟画像）,每个候选岗位在职位名称+技能要求中命中的模拟画像技能数 / 8；不使用真实点击、投递或录用反馈。,epsilon-greedy 多臂老虎机模拟；奖励是确定性技能匹配，非真实用户反馈。
20,JOB_0188,中科软,603927.SH,数据分析师,9-12,27,Python、SQL、数据分析,0.375,0.2214,4,金融数据与AI应用学习者（模拟画像）,每个候选岗位在职位名称+技能要求中命中的模拟画像技能数 / 8；不使用真实点击、投递或录用反馈。,epsilon-greedy 多臂老虎机模拟；奖励是确定性技能匹配，非真实用户反馈。
21,JOB_0221,宇信科技,300674.SZ,【校招-高潜人才】大模型应用开发工程师(J12429),5-8,28,Python、金融、大模型,0.375,0.2214,4,金融数据与AI应用学习者（模拟画像）,每个候选岗位在职位名称+技能要求中命中的模拟画像技能数 / 8；不使用真实点击、投递或录用反馈。,epsilon-greedy 多臂老虎机模拟；奖励是确定性技能匹配，非真实用户反馈。
22,JOB_0113,东方财富,300059.SZ,JAVA服务端开发工程师 (财务系统-外包),1-4,116,SQL、金融,0.25,0.208057,8,金融数据与AI应用学习者（模拟画像）,每个候选岗位在职位名称+技能要求中命中的模拟画像技能数 / 8；不使用真实点击、投递或录用反馈。,epsilon-greedy 多臂老虎机模拟；奖励是确定性技能匹配，非真实用户反馈。
23,JOB_0115,东方财富,300059.SZ,数据编辑专员,1-4,118,SQL、金融,0.25,0.208057,8,金融数据与AI应用学习者（模拟画像）,每个候选岗位在职位名称+技能要求中命中的模拟画像技能数 / 8；不使用真实点击、投递或录用反馈。,epsilon-greedy 多臂老虎机模拟；奖励是确定性技能匹配，非真实用户反馈。
24,JOB_0061,同花顺,300033.SZ,Agent开发工程师,1-4,63,Python、大模型,0.25,0.197571,7,金融数据与AI应用学习者（模拟画像）,每个候选岗位在职位名称+技能要求中命中的模拟画像技能数 / 8；不使用真实点击、投递或录用反馈。,epsilon-greedy 多臂老虎机模拟；奖励是确定性技能匹配，非真实用户反馈。
25,JOB_0186,中科软,603927.SH,Python 开发工程师,9-12,25,Python、SQL,0.25,0.197571,7,金融数据与AI应用学习者（模拟画像）,每个候选岗位在职位名称+技能要求中命中的模拟画像技能数 / 8；不使用真实点击、投递或录用反馈。,epsilon-greedy 多臂老虎机模拟；奖励是确定性技能匹配，非真实用户反馈。
26,JOB_0229,宇信科技,300674.SZ,【实习】大数据开发工程师（有转正机会）(J12571),5-8,36,SQL、金融,0.25,0.197571,7,金融数据与AI应用学习者（模拟画像）,每个候选岗位在职位名称+技能要求中命中的模拟画像技能数 / 8；不使用真实点击、投递或录用反馈。,epsilon-greedy 多臂老虎机模拟；奖励是确定性技能匹配，非真实用户反馈。
27,JOB_0242,神州信息,000555.SZ,27届提前批-Java开发工程师（西安）(J21822),5-8,49,SQL、金融,0.25,0.197571,7,金融数据与AI应用学习者（模拟画像）,每个候选岗位在职位名称+技能要求中命中的模拟画像技能数 / 8；不使用真实点击、投递或录用反馈。,epsilon-greedy 多臂老虎机模拟；奖励是确定性技能匹配，非真实用户反馈。
28,JOB_0017,同花顺,300033.SZ,数据录入,1-4,19,SQL、金融,0.25,0.184464,6,金融数据与AI应用学习者（模拟画像）,每个候选岗位在职位名称+技能要求中命中的模拟画像技能数 / 8；不使用真实点击、投递或录用反馈。,epsilon-greedy 多臂老虎机模拟；奖励是确定性技能匹配，非真实用户反馈。
29,JOB_0056,同花顺,300033.SZ,搜索算法专家,1-4,58,Python、机器学习,0.25,0.184464,6,金融数据与AI应用学习者（模拟画像）,每个候选岗位在职位名称+技能要求中命中的模拟画像技能数 / 8；不使用真实点击、投递或录用反馈。,epsilon-greedy 多臂老虎机模拟；奖励是确定性技能匹配，非真实用户反馈。
30,JOB_0224,宇信科技,300674.SZ,【校招】JAVA开发工程师(J12462),5-8,31,SQL、金融,0.25,0.184464,6,金融数据与AI应用学习者（模拟画像）,每个候选岗位在职位名称+技能要求中命中的模拟画像技能数 / 8；不使用真实点击、投递或录用反馈。,epsilon-greedy 多臂老虎机模拟；奖励是确定性技能匹配，非真实用户反馈。
31,JOB_0125,金证股份,600446.SH,Python开发,1-4,129,Python、SQL、金融,0.375,0.183,3,金融数据与AI应用学习者（模拟画像）,每个候选岗位在职位名称+技能要求中命中的模拟画像技能数 / 8；不使用真实点击、投递或录用反馈。,epsilon-greedy 多臂老虎机模拟；奖励是确定性技能匹配，非真实用户反馈。
32,JOB_0152,科大讯飞,002230.SZ,智慧信贷研发组长（科大讯飞）,13-15,11,Python、金融、风控,0.375,0.183,3,金融数据与AI应用学习者（模拟画像）,每个候选岗位在职位名称+技能要求中命中的模拟画像技能数 / 8；不使用真实点击、投递或录用反馈。,epsilon-greedy 多臂老虎机模拟；奖励是确定性技能匹配，非真实用户反馈。
33,JOB_0155,拓尔思,300229.SZ,初级数据分析师（正式）,13-15,14,Python、SQL、金融、数据分析,0.5,0.18,2,金融数据与AI应用学习者（模拟画像）,每个候选岗位在职位名称+技能要求中命中的模拟画像技能数 / 8；不使用真实点击、投递或录用反馈。,epsilon-greedy 多臂老虎机模拟；奖励是确定性技能匹配，非真实用户反馈。
34,JOB_0023,同花顺,300033.SZ,多模态算法工程师,1-4,25,Python、大模型,0.25,0.16808,5,金融数据与AI应用学习者（模拟画像）,每个候选岗位在职位名称+技能要求中命中的模拟画像技能数 / 8；不使用真实点击、投递或录用反馈。,epsilon-greedy 多臂老虎机模拟；奖励是确定性技能匹配，非真实用户反馈。
35,JOB_0047,同花顺,300033.SZ,量化策略研发工程师,1-4,49,Python、SQL,0.25,0.16808,5,金融数据与AI应用学习者（模拟画像）,每个候选岗位在职位名称+技能要求中命中的模拟画像技能数 / 8；不使用真实点击、投递或录用反馈。,epsilon-greedy 多臂老虎机模拟；奖励是确定性技能匹配，非真实用户反馈。
36,JOB_0095,东方财富,300059.SZ,算法实习生（大模型/Agent方向）,1-4,98,Python、大模型,0.25,0.16808,5,金融数据与AI应用学习者（模拟画像）,每个候选岗位在职位名称+技能要求中命中的模拟画像技能数 / 8；不使用真实点击、投递或录用反馈。,epsilon-greedy 多臂老虎机模拟；奖励是确定性技能匹配，非真实用户反馈。
37,JOB_0096,东方财富,300059.SZ,算法实习生-大模型/Agent方向,1-4,99,Python、大模型,0.25,0.16808,5,金融数据与AI应用学习者（模拟画像）,每个候选岗位在职位名称+技能要求中命中的模拟画像技能数 / 8；不使用真实点击、投递或录用反馈。,epsilon-greedy 多臂老虎机模拟；奖励是确定性技能匹配，非真实用户反馈。
38,JOB_0019,同花顺,300033.SZ,大模型算法工程师（大模型Agent方向）,1-4,21,Python、大模型,0.25,0.1476,4,金融数据与AI应用学习者（模拟画像）,每个候选岗位在职位名称+技能要求中命中的模拟画像技能数 / 8；不使用真实点击、投递或录用反馈。,epsilon-greedy 多臂老虎机模拟；奖励是确定性技能匹配，非真实用户反馈。
39,JOB_0035,同花顺,300033.SZ,agent算法/合伙人/专家（多模态/大模型）,1-4,37,金融、大模型,0.25,0.1476,4,金融数据与AI应用学习者（模拟画像）,每个候选岗位在职位名称+技能要求中命中的模拟画像技能数 / 8；不使用真实点击、投递或录用反馈。,epsilon-greedy 多臂老虎机模拟；奖励是确定性技能匹配，非真实用户反馈。
40,JOB_0067,同花顺,300033.SZ,AI算法合伙人/专家/负责人,1-4,69,金融、大模型,0.25,0.1476,4,金融数据与AI应用学习者（模拟画像）,每个候选岗位在职位名称+技能要求中命中的模拟画像技能数 / 8；不使用真实点击、投递或录用反馈。,epsilon-greedy 多臂老虎机模拟；奖励是确定性技能匹配，非真实用户反馈。
41,JOB_0121,东方财富,300059.SZ,AI应用工程师（证券）(MJ002957),1-4,124,Python、大模型,0.25,0.1476,4,金融数据与AI应用学习者（模拟画像）,每个候选岗位在职位名称+技能要求中命中的模拟画像技能数 / 8；不使用真实点击、投递或录用反馈。,epsilon-greedy 多臂老虎机模拟；奖励是确定性技能匹配，非真实用户反馈。
42,JOB_0134,金证股份,600446.SH,C/C++开发工程师,1-4,138,SQL、金融,0.25,0.1476,4,金融数据与AI应用学习者（模拟画像）,每个候选岗位在职位名称+技能要求中命中的模拟画像技能数 / 8；不使用真实点击、投递或录用反馈。,epsilon-greedy 多臂老虎机模拟；奖励是确定性技能匹配，非真实用户反馈。
43,JOB_0154,拓尔思,300229.SZ,金融行业大客户经理,13-15,13,金融、风控,0.25,0.1476,4,金融数据与AI应用学习者（模拟画像）,每个候选岗位在职位名称+技能要求中命中的模拟画像技能数 / 8；不使用真实点击、投递或录用反馈。,epsilon-greedy 多臂老虎机模拟；奖励是确定性技能匹配，非真实用户反馈。
44,JOB_0218,宇信科技,300674.SZ,中级测试工程师(J11889),5-8,25,Python、SQL,0.25,0.1476,4,金融数据与AI应用学习者（模拟画像）,每个候选岗位在职位名称+技能要求中命中的模拟画像技能数 / 8；不使用真实点击、投递或录用反馈。,epsilon-greedy 多臂老虎机模拟；奖励是确定性技能匹配，非真实用户反馈。
45,JOB_0225,宇信科技,300674.SZ,【校招】大数据开发工程师(J12463),5-8,32,SQL、金融,0.25,0.1476,4,金融数据与AI应用学习者（模拟画像）,每个候选岗位在职位名称+技能要求中命中的模拟画像技能数 / 8；不使用真实点击、投递或录用反馈。,epsilon-greedy 多臂老虎机模拟；奖励是确定性技能匹配，非真实用户反馈。
46,JOB_0051,同花顺,300033.SZ,博士算法研究员,1-4,53,Python、机器学习、大模型,0.375,0.135,2,金融数据与AI应用学习者（模拟画像）,每个候选岗位在职位名称+技能要求中命中的模拟画像技能数 / 8；不使用真实点击、投递或录用反馈。,epsilon-greedy 多臂老虎机模拟；奖励是确定性技能匹配，非真实用户反馈。
47,JOB_0057,同花顺,300033.SZ,大模型算法工程师,1-4,59,Python、大模型,0.25,0.122,3,金融数据与AI应用学习者（模拟画像）,每个候选岗位在职位名称+技能要求中命中的模拟画像技能数 / 8；不使用真实点击、投递或录用反馈。,epsilon-greedy 多臂老虎机模拟；奖励是确定性技能匹配，非真实用户反馈。
48,JOB_0069,同花顺,300033.SZ,大模型基座算法工程师,1-4,71,金融、大模型,0.25,0.122,3,金融数据与AI应用学习者（模拟画像）,每个候选岗位在职位名称+技能要求中命中的模拟画像技能数 / 8；不使用真实点击、投递或录用反馈。,epsilon-greedy 多臂老虎机模拟；奖励是确定性技能匹配，非真实用户反馈。
49,JOB_0073,同花顺,300033.SZ,高级AI开发/主管,1-4,75,Python、SQL,0.25,0.122,3,金融数据与AI应用学习者（模拟画像）,每个候选岗位在职位名称+技能要求中命中的模拟画像技能数 / 8；不使用真实点击、投递或录用反馈。,epsilon-greedy 多臂老虎机模拟；奖励是确定性技能匹配，非真实用户反馈。
50,JOB_0120,东方财富,300059.SZ,算法工程师（推荐/搜索方向）,1-4,123,Python、机器学习,0.25,0.122,3,金融数据与AI应用学习者（模拟画像）,每个候选岗位在职位名称+技能要求中命中的模拟画像技能数 / 8；不使用真实点击、投递或录用反馈。,epsilon-greedy 多臂老虎机模拟；奖励是确定性技能匹配，非真实用户反馈。
51,JOB_0150,新致软件,688590.SH,Java 实习生,13-15,9,Python、SQL,0.25,0.122,3,金融数据与AI应用学习者（模拟画像）,每个候选岗位在职位名称+技能要求中命中的模拟画像技能数 / 8；不使用真实点击、投递或录用反馈。,epsilon-greedy 多臂老虎机模拟；奖励是确定性技能匹配，非真实用户反馈。
52,JOB_0215,宇信科技,300674.SZ,中级软件工程师(J11969),5-8,22,Python、SQL,0.25,0.122,3,金融数据与AI应用学习者（模拟画像）,每个候选岗位在职位名称+技能要求中命中的模拟画像技能数 / 8；不使用真实点击、投递或录用反馈。,epsilon-greedy 多臂老虎机模拟；奖励是确定性技能匹配，非真实用户反馈。
53,JOB_0243,神州信息,000555.SZ,27届提前批-Java开发工程师（北京）(J21821),5-8,50,SQL、金融,0.25,0.122,3,金融数据与AI应用学习者（模拟画像）,每个候选岗位在职位名称+技能要求中命中的模拟画像技能数 / 8；不使用真实点击、投递或录用反馈。,epsilon-greedy 多臂老虎机模拟；奖励是确定性技能匹配，非真实用户反馈。
54,JOB_0002,恒生电子,600570.SH,智能体开发工程师-研究院,1-4,3,Python,0.125,0.098786,7,金融数据与AI应用学习者（模拟画像）,每个候选岗位在职位名称+技能要求中命中的模拟画像技能数 / 8；不使用真实点击、投递或录用反馈。,epsilon-greedy 多臂老虎机模拟；奖励是确定性技能匹配，非真实用户反馈。
55,JOB_0045,同花顺,300033.SZ,Java开发工程师,1-4,47,SQL,0.125,0.098786,7,金融数据与AI应用学习者（模拟画像）,每个候选岗位在职位名称+技能要求中命中的模拟画像技能数 / 8；不使用真实点击、投递或录用反馈。,epsilon-greedy 多臂老虎机模拟；奖励是确定性技能匹配，非真实用户反馈。
56,JOB_0079,同花顺,300033.SZ,大模型推理内核工程师（GPU算力）,1-4,81,大模型,0.125,0.098786,7,金融数据与AI应用学习者（模拟画像）,每个候选岗位在职位名称+技能要求中命中的模拟画像技能数 / 8；不使用真实点击、投递或录用反馈。,epsilon-greedy 多臂老虎机模拟；奖励是确定性技能匹配，非真实用户反馈。
57,JOB_0092,同花顺,300033.SZ,算法专家（AIME人才计划）,1-4,94,大模型,0.125,0.098786,7,金融数据与AI应用学习者（模拟画像）,每个候选岗位在职位名称+技能要求中命中的模拟画像技能数 / 8；不使用真实点击、投递或录用反馈。,epsilon-greedy 多臂老虎机模拟；奖励是确定性技能匹配，非真实用户反馈。
58,JOB_0110,东方财富,300059.SZ,服务端开发工程师 (Java),1-4,113,金融,0.125,0.098786,7,金融数据与AI应用学习者（模拟画像）,每个候选岗位在职位名称+技能要求中命中的模拟画像技能数 / 8；不使用真实点击、投递或录用反馈。,epsilon-greedy 多臂老虎机模拟；奖励是确定性技能匹配，非真实用户反馈。
59,JOB_0015,同花顺,300033.SZ,大模型推理加速专家,1-4,17,大模型,0.125,0.092232,6,金融数据与AI应用学习者（模拟画像）,每个候选岗位在职位名称+技能要求中命中的模拟画像技能数 / 8；不使用真实点击、投递或录用反馈。,epsilon-greedy 多臂老虎机模拟；奖励是确定性技能匹配，非真实用户反馈。
60,JOB_0028,同花顺,300033.SZ,大模型算法工程师,1-4,30,大模型,0.125,0.092232,6,金融数据与AI应用学习者（模拟画像）,每个候选岗位在职位名称+技能要求中命中的模拟画像技能数 / 8；不使用真实点击、投递或录用反馈。,epsilon-greedy 多臂老虎机模拟；奖励是确定性技能匹配，非真实用户反馈。
61,JOB_0066,同花顺,300033.SZ,算法博士专项【NLP/语音/多模态/图像】,1-4,68,大模型,0.125,0.092232,6,金融数据与AI应用学习者（模拟画像）,每个候选岗位在职位名称+技能要求中命中的模拟画像技能数 / 8；不使用真实点击、投递或录用反馈。,epsilon-greedy 多臂老虎机模拟；奖励是确定性技能匹配，非真实用户反馈。
62,JOB_0074,同花顺,300033.SZ,算法工程师（AIME人才计划）,1-4,76,大模型,0.125,0.092232,6,金融数据与AI应用学习者（模拟画像）,每个候选岗位在职位名称+技能要求中命中的模拟画像技能数 / 8；不使用真实点击、投递或录用反馈。,epsilon-greedy 多臂老虎机模拟；奖励是确定性技能匹配，非真实用户反馈。
63,JOB_0075,同花顺,300033.SZ,AIME人才计划算法（LLM方向）,1-4,77,大模型,0.125,0.092232,6,金融数据与AI应用学习者（模拟画像）,每个候选岗位在职位名称+技能要求中命中的模拟画像技能数 / 8；不使用真实点击、投递或录用反馈。,epsilon-greedy 多臂老虎机模拟；奖励是确定性技能匹配，非真实用户反馈。
64,JOB_0118,东方财富,300059.SZ,算法工程师 (大模型方向),1-4,121,大模型,0.125,0.092232,6,金融数据与AI应用学习者（模拟画像）,每个候选岗位在职位名称+技能要求中命中的模拟画像技能数 / 8；不使用真实点击、投递或录用反馈。,epsilon-greedy 多臂老虎机模拟；奖励是确定性技能匹配，非真实用户反馈。
65,JOB_0129,金证股份,600446.SH,高级Java开发工程师（深圳国泰海通项目）,1-4,133,SQL,0.125,0.092232,6,金融数据与AI应用学习者（模拟画像）,每个候选岗位在职位名称+技能要求中命中的模拟画像技能数 / 8；不使用真实点击、投递或录用反馈。,epsilon-greedy 多臂老虎机模拟；奖励是确定性技能匹配，非真实用户反馈。
66,JOB_0135,金证股份,600446.SH,Java开发工程师（深圳国泰海通）,1-4,139,SQL,0.125,0.092232,6,金融数据与AI应用学习者（模拟画像）,每个候选岗位在职位名称+技能要求中命中的模拟画像技能数 / 8；不使用真实点击、投递或录用反馈。,epsilon-greedy 多臂老虎机模拟；奖励是确定性技能匹配，非真实用户反馈。
67,JOB_0139,金证股份,600446.SH,Java开发工程师（上海国泰海通项目）,1-4,143,SQL,0.125,0.092232,6,金融数据与AI应用学习者（模拟画像）,每个候选岗位在职位名称+技能要求中命中的模拟画像技能数 / 8；不使用真实点击、投递或录用反馈。,epsilon-greedy 多臂老虎机模拟；奖励是确定性技能匹配，非真实用户反馈。
68,JOB_0172,天阳科技,300872.SZ,ETL 开发工程师,9-12,11,SQL,0.125,0.092232,6,金融数据与AI应用学习者（模拟画像）,每个候选岗位在职位名称+技能要求中命中的模拟画像技能数 / 8；不使用真实点击、投递或录用反馈。,epsilon-greedy 多臂老虎机模拟；奖励是确定性技能匹配，非真实用户反馈。
69,JOB_0194,中科软,603927.SH,业务经理,9-12,33,数据分析,0.125,0.092232,6,金融数据与AI应用学习者（模拟画像）,每个候选岗位在职位名称+技能要求中命中的模拟画像技能数 / 8；不使用真实点击、投递或录用反馈。,epsilon-greedy 多臂老虎机模拟；奖励是确定性技能匹配，非真实用户反馈。
70,JOB_0222,宇信科技,300674.SZ,【校招-高潜人才】业务分析师(J12428),5-8,29,金融,0.125,0.092232,6,金融数据与AI应用学习者（模拟画像）,每个候选岗位在职位名称+技能要求中命中的模拟画像技能数 / 8；不使用真实点击、投递或录用反馈。,epsilon-greedy 多臂老虎机模拟；奖励是确定性技能匹配，非真实用户反馈。
71,JOB_0233,神州信息,000555.SZ,软件工程师(J22429),5-8,40,SQL,0.125,0.092232,6,金融数据与AI应用学习者（模拟画像）,每个候选岗位在职位名称+技能要求中命中的模拟画像技能数 / 8；不使用真实点击、投递或录用反馈。,epsilon-greedy 多臂老虎机模拟；奖励是确定性技能匹配，非真实用户反馈。
72,JOB_0020,同花顺,300033.SZ,实习算法工程师【博士专项】,1-4,22,Python、大模型,0.25,0.09,2,金融数据与AI应用学习者（模拟画像）,每个候选岗位在职位名称+技能要求中命中的模拟画像技能数 / 8；不使用真实点击、投递或录用反馈。,epsilon-greedy 多臂老虎机模拟；奖励是确定性技能匹配，非真实用户反馈。
73,JOB_0086,同花顺,300033.SZ,AI infra算法工程师,1-4,88,Python、大模型,0.25,0.09,2,金融数据与AI应用学习者（模拟画像）,每个候选岗位在职位名称+技能要求中命中的模拟画像技能数 / 8；不使用真实点击、投递或录用反馈。,epsilon-greedy 多臂老虎机模拟；奖励是确定性技能匹配，非真实用户反馈。
74,JOB_0145,新致软件,688590.SH,测试工程师,13-15,4,Python、金融,0.25,0.09,2,金融数据与AI应用学习者（模拟画像）,每个候选岗位在职位名称+技能要求中命中的模拟画像技能数 / 8；不使用真实点击、投递或录用反馈。,epsilon-greedy 多臂老虎机模拟；奖励是确定性技能匹配，非真实用户反馈。
75,JOB_0228,宇信科技,300674.SZ,【实习】JAVA开发工程师（有转正机会）(J12753),5-8,35,SQL、金融,0.25,0.09,2,金融数据与AI应用学习者（模拟画像）,每个候选岗位在职位名称+技能要求中命中的模拟画像技能数 / 8；不使用真实点击、投递或录用反馈。,epsilon-greedy 多臂老虎机模拟；奖励是确定性技能匹配，非真实用户反馈。
76,JOB_0004,恒生电子,600570.SH,C++开发工程师-经纪业务,1-4,5,SQL,0.125,0.08404,5,金融数据与AI应用学习者（模拟画像）,每个候选岗位在职位名称+技能要求中命中的模拟画像技能数 / 8；不使用真实点击、投递或录用反馈。,epsilon-greedy 多臂老虎机模拟；奖励是确定性技能匹配，非真实用户反馈。
77,JOB_0008,恒生电子,600570.SH,Java开发工程师-机构服务,1-4,9,SQL,0.125,0.08404,5,金融数据与AI应用学习者（模拟画像）,每个候选岗位在职位名称+技能要求中命中的模拟画像技能数 / 8；不使用真实点击、投递或录用反馈。,epsilon-greedy 多臂老虎机模拟；奖励是确定性技能匹配，非真实用户反馈。
78,JOB_0021,同花顺,300033.SZ,推广推荐算法工程师,1-4,23,大模型,0.125,0.08404,5,金融数据与AI应用学习者（模拟画像）,每个候选岗位在职位名称+技能要求中命中的模拟画像技能数 / 8；不使用真实点击、投递或录用反馈。,epsilon-greedy 多臂老虎机模拟；奖励是确定性技能匹配，非真实用户反馈。
79,JOB_0063,同花顺,300033.SZ,agent工程开发,1-4,65,大模型,0.125,0.08404,5,金融数据与AI应用学习者（模拟画像）,每个候选岗位在职位名称+技能要求中命中的模拟画像技能数 / 8；不使用真实点击、投递或录用反馈。,epsilon-greedy 多臂老虎机模拟；奖励是确定性技能匹配，非真实用户反馈。
80,JOB_0111,东方财富,300059.SZ,服务端工程师 (Java),1-4,114,SQL,0.125,0.08404,5,金融数据与AI应用学习者（模拟画像）,每个候选岗位在职位名称+技能要求中命中的模拟画像技能数 / 8；不使用真实点击、投递或录用反馈。,epsilon-greedy 多臂老虎机模拟；奖励是确定性技能匹配，非真实用户反馈。
81,JOB_0127,金证股份,600446.SH,Java开发工程师,1-4,131,金融,0.125,0.08404,5,金融数据与AI应用学习者（模拟画像）,每个候选岗位在职位名称+技能要求中命中的模拟画像技能数 / 8；不使用真实点击、投递或录用反馈。,epsilon-greedy 多臂老虎机模拟；奖励是确定性技能匹配，非真实用户反馈。
82,JOB_0138,金证股份,600446.SH,Java开发工程师,1-4,142,SQL,0.125,0.08404,5,金融数据与AI应用学习者（模拟画像）,每个候选岗位在职位名称+技能要求中命中的模拟画像技能数 / 8；不使用真实点击、投递或录用反馈。,epsilon-greedy 多臂老虎机模拟；奖励是确定性技能匹配，非真实用户反馈。
83,JOB_0164,天阳科技,300872.SZ,Java 开发（银行驻场）,9-12,3,SQL,0.125,0.08404,5,金融数据与AI应用学习者（模拟画像）,每个候选岗位在职位名称+技能要求中命中的模拟画像技能数 / 8；不使用真实点击、投递或录用反馈。,epsilon-greedy 多臂老虎机模拟；奖励是确定性技能匹配，非真实用户反馈。
84,JOB_0184,中科软,603927.SH,Java 开发工程师,9-12,23,SQL,0.125,0.08404,5,金融数据与AI应用学习者（模拟画像）,每个候选岗位在职位名称+技能要求中命中的模拟画像技能数 / 8；不使用真实点击、投递或录用反馈。,epsilon-greedy 多臂老虎机模拟；奖励是确定性技能匹配，非真实用户反馈。
85,JOB_0191,中科软,603927.SH,产品经理,9-12,30,数据分析,0.125,0.08404,5,金融数据与AI应用学习者（模拟画像）,每个候选岗位在职位名称+技能要求中命中的模拟画像技能数 / 8；不使用真实点击、投递或录用反馈。,epsilon-greedy 多臂老虎机模拟；奖励是确定性技能匹配，非真实用户反馈。
86,JOB_0208,宇信科技,300674.SZ,中级软件工程师(J11919),5-8,15,SQL,0.125,0.08404,5,金融数据与AI应用学习者（模拟画像）,每个候选岗位在职位名称+技能要求中命中的模拟画像技能数 / 8；不使用真实点击、投递或录用反馈。,epsilon-greedy 多臂老虎机模拟；奖励是确定性技能匹配，非真实用户反馈。
87,JOB_0213,宇信科技,300674.SZ,中级系统工程师(J11841),5-8,20,SQL,0.125,0.08404,5,金融数据与AI应用学习者（模拟画像）,每个候选岗位在职位名称+技能要求中命中的模拟画像技能数 / 8；不使用真实点击、投递或录用反馈。,epsilon-greedy 多臂老虎机模拟；奖励是确定性技能匹配，非真实用户反馈。
88,JOB_0239,神州信息,000555.SZ,软件测试工程师(J22212),5-8,46,SQL,0.125,0.08404,5,金融数据与AI应用学习者（模拟画像）,每个候选岗位在职位名称+技能要求中命中的模拟画像技能数 / 8；不使用真实点击、投递或录用反馈。,epsilon-greedy 多臂老虎机模拟；奖励是确定性技能匹配，非真实用户反馈。
89,JOB_0024,同花顺,300033.SZ,数据分析,1-4,26,SQL、数据分析、统计,0.375,0.075,1,金融数据与AI应用学习者（模拟画像）,每个候选岗位在职位名称+技能要求中命中的模拟画像技能数 / 8；不使用真实点击、投递或录用反馈。,epsilon-greedy 多臂老虎机模拟；奖励是确定性技能匹配，非真实用户反馈。
90,JOB_0030,同花顺,300033.SZ,ACM专项岗位—AI工程师,1-4,32,Python、金融、大模型,0.375,0.075,1,金融数据与AI应用学习者（模拟画像）,每个候选岗位在职位名称+技能要求中命中的模拟画像技能数 / 8；不使用真实点击、投递或录用反馈。,epsilon-greedy 多臂老虎机模拟；奖励是确定性技能匹配，非真实用户反馈。
91,JOB_0109,东方财富,300059.SZ,Java服务端开发工程师 (AI应用方向),1-4,112,SQL、金融、大模型,0.375,0.075,1,金融数据与AI应用学习者（模拟画像）,每个候选岗位在职位名称+技能要求中命中的模拟画像技能数 / 8；不使用真实点击、投递或录用反馈。,epsilon-greedy 多臂老虎机模拟；奖励是确定性技能匹配，非真实用户反馈。
92,JOB_0054,同花顺,300033.SZ,算法博士（全球AIME计划）,1-4,56,大模型,0.125,0.0738,4,金融数据与AI应用学习者（模拟画像）,每个候选岗位在职位名称+技能要求中命中的模拟画像技能数 / 8；不使用真实点击、投递或录用反馈。,epsilon-greedy 多臂老虎机模拟；奖励是确定性技能匹配，非真实用户反馈。
93,JOB_0058,同花顺,300033.SZ,AI技术总监,1-4,60,大模型,0.125,0.0738,4,金融数据与AI应用学习者（模拟画像）,每个候选岗位在职位名称+技能要求中命中的模拟画像技能数 / 8；不使用真实点击、投递或录用反馈。,epsilon-greedy 多臂老虎机模拟；奖励是确定性技能匹配，非真实用户反馈。
94,JOB_0076,同花顺,300033.SZ,算法专家（大模型/AIGC等需求方向）,1-4,78,大模型,0.125,0.0738,4,金融数据与AI应用学习者（模拟画像）,每个候选岗位在职位名称+技能要求中命中的模拟画像技能数 / 8；不使用真实点击、投递或录用反馈。,epsilon-greedy 多臂老虎机模拟；奖励是确定性技能匹配，非真实用户反馈。
95,JOB_0078,同花顺,300033.SZ,Java技术专家/主管,1-4,80,SQL,0.125,0.0738,4,金融数据与AI应用学习者（模拟画像）,每个候选岗位在职位名称+技能要求中命中的模拟画像技能数 / 8；不使用真实点击、投递或录用反馈。,epsilon-greedy 多臂老虎机模拟；奖励是确定性技能匹配，非真实用户反馈。
96,JOB_0093,同花顺,300033.SZ,算法工程师（人才计划 金融Agent）,1-4,95,金融,0.125,0.0738,4,金融数据与AI应用学习者（模拟画像）,每个候选岗位在职位名称+技能要求中命中的模拟画像技能数 / 8；不使用真实点击、投递或录用反馈。,epsilon-greedy 多臂老虎机模拟；奖励是确定性技能匹配，非真实用户反馈。
97,JOB_0098,东方财富,300059.SZ,数据编辑 (MJ001940),1-4,101,SQL,0.125,0.0738,4,金融数据与AI应用学习者（模拟画像）,每个候选岗位在职位名称+技能要求中命中的模拟画像技能数 / 8；不使用真实点击、投递或录用反馈。,epsilon-greedy 多臂老虎机模拟；奖励是确定性技能匹配，非真实用户反馈。
98,JOB_0123,东方财富,300059.SZ,Java服务端开发工程师（证券）,1-4,126,SQL,0.125,0.0738,4,金融数据与AI应用学习者（模拟画像）,每个候选岗位在职位名称+技能要求中命中的模拟画像技能数 / 8；不使用真实点击、投递或录用反馈。,epsilon-greedy 多臂老虎机模拟；奖励是确定性技能匹配，非真实用户反馈。
99,JOB_0159,拓尔思,300229.SZ,交互设计师（可转岗产品经理）,13-15,18,金融,0.125,0.0738,4,金融数据与AI应用学习者（模拟画像）,每个候选岗位在职位名称+技能要求中命中的模拟画像技能数 / 8；不使用真实点击、投递或录用反馈。,epsilon-greedy 多臂老虎机模拟；奖励是确定性技能匹配，非真实用户反馈。
100,JOB_0180,科蓝软件,300663.SZ,金融业务分析师,9-12,19,金融,0.125,0.0738,4,金融数据与AI应用学习者（模拟画像）,每个候选岗位在职位名称+技能要求中命中的模拟画像技能数 / 8；不使用真实点击、投递或录用反馈。,epsilon-greedy 多臂老虎机模拟；奖励是确定性技能匹配，非真实用户反馈。
101,JOB_0189,中科软,603927.SH,自动化测试开发工程师,9-12,28,Python,0.125,0.0738,4,金融数据与AI应用学习者（模拟画像）,每个候选岗位在职位名称+技能要求中命中的模拟画像技能数 / 8；不使用真实点击、投递或录用反馈。,epsilon-greedy 多臂老虎机模拟；奖励是确定性技能匹配，非真实用户反馈。
102,JOB_0202,宇信科技,300674.SZ,中级业务分析师(J11964),5-8,9,金融,0.125,0.0738,4,金融数据与AI应用学习者（模拟画像）,每个候选岗位在职位名称+技能要求中命中的模拟画像技能数 / 8；不使用真实点击、投递或录用反馈。,epsilon-greedy 多臂老虎机模拟；奖励是确定性技能匹配，非真实用户反馈。
103,JOB_0211,宇信科技,300674.SZ,监管报送产品经理(J11557),5-8,18,SQL,0.125,0.0738,4,金融数据与AI应用学习者（模拟画像）,每个候选岗位在职位名称+技能要求中命中的模拟画像技能数 / 8；不使用真实点击、投递或录用反馈。,epsilon-greedy 多臂老虎机模拟；奖励是确定性技能匹配，非真实用户反馈。
104,JOB_0223,宇信科技,300674.SZ,【校招】销售管培生(J12452),5-8,30,金融,0.125,0.0738,4,金融数据与AI应用学习者（模拟画像）,每个候选岗位在职位名称+技能要求中命中的模拟画像技能数 / 8；不使用真实点击、投递或录用反馈。,epsilon-greedy 多臂老虎机模拟；奖励是确定性技能匹配，非真实用户反馈。
105,JOB_0231,神州信息,000555.SZ,中级java开发工程师(J17189),5-8,38,SQL,0.125,0.0738,4,金融数据与AI应用学习者（模拟画像）,每个候选岗位在职位名称+技能要求中命中的模拟画像技能数 / 8；不使用真实点击、投递或录用反馈。,epsilon-greedy 多臂老虎机模拟；奖励是确定性技能匹配，非真实用户反馈。
106,JOB_0244,长亮科技,300348.SZ,销售经理（大数据产品）,5-8,51,数据分析,0.125,0.0738,4,金融数据与AI应用学习者（模拟画像）,每个候选岗位在职位名称+技能要求中命中的模拟画像技能数 / 8；不使用真实点击、投递或录用反馈。,epsilon-greedy 多臂老虎机模拟；奖励是确定性技能匹配，非真实用户反馈。
107,JOB_0029,同花顺,300033.SZ,AI Agent 工程师 / 全栈,1-4,31,风控,0.125,0.061,3,金融数据与AI应用学习者（模拟画像）,每个候选岗位在职位名称+技能要求中命中的模拟画像技能数 / 8；不使用真实点击、投递或录用反馈。,epsilon-greedy 多臂老虎机模拟；奖励是确定性技能匹配，非真实用户反馈。
108,JOB_0036,同花顺,300033.SZ,ACM工程开发——摘星计划,1-4,38,大模型,0.125,0.061,3,金融数据与AI应用学习者（模拟画像）,每个候选岗位在职位名称+技能要求中命中的模拟画像技能数 / 8；不使用真实点击、投递或录用反馈。,epsilon-greedy 多臂老虎机模拟；奖励是确定性技能匹配，非真实用户反馈。
109,JOB_0040,同花顺,300033.SZ,AI研发-寻找ACMer,1-4,42,大模型,0.125,0.061,3,金融数据与AI应用学习者（模拟画像）,每个候选岗位在职位名称+技能要求中命中的模拟画像技能数 / 8；不使用真实点击、投递或录用反馈。,epsilon-greedy 多臂老虎机模拟；奖励是确定性技能匹配，非真实用户反馈。
110,JOB_0046,同花顺,300033.SZ,算法博士（实习/社招）,1-4,48,统计,0.125,0.061,3,金融数据与AI应用学习者（模拟画像）,每个候选岗位在职位名称+技能要求中命中的模拟画像技能数 / 8；不使用真实点击、投递或录用反馈。,epsilon-greedy 多臂老虎机模拟；奖励是确定性技能匹配，非真实用户反馈。
111,JOB_0091,同花顺,300033.SZ,推理引擎开发专家/优化专家（算力方向）,1-4,93,大模型,0.125,0.061,3,金融数据与AI应用学习者（模拟画像）,每个候选岗位在职位名称+技能要求中命中的模拟画像技能数 / 8；不使用真实点击、投递或录用反馈。,epsilon-greedy 多臂老虎机模拟；奖励是确定性技能匹配，非真实用户反馈。
112,JOB_0094,同花顺,300033.SZ,LLM推理引擎研发工程师,1-4,96,大模型,0.125,0.061,3,金融数据与AI应用学习者（模拟画像）,每个候选岗位在职位名称+技能要求中命中的模拟画像技能数 / 8；不使用真实点击、投递或录用反馈。,epsilon-greedy 多臂老虎机模拟；奖励是确定性技能匹配，非真实用户反馈。
113,JOB_0100,东方财富,300059.SZ,数据编辑,1-4,103,SQL,0.125,0.061,3,金融数据与AI应用学习者（模拟画像）,每个候选岗位在职位名称+技能要求中命中的模拟画像技能数 / 8；不使用真实点击、投递或录用反馈。,epsilon-greedy 多臂老虎机模拟；奖励是确定性技能匹配，非真实用户反馈。
114,JOB_0112,东方财富,300059.SZ,服务端开发工程师Java (证券交易),1-4,115,SQL,0.125,0.061,3,金融数据与AI应用学习者（模拟画像）,每个候选岗位在职位名称+技能要求中命中的模拟画像技能数 / 8；不使用真实点击、投递或录用反馈。,epsilon-greedy 多臂老虎机模拟；奖励是确定性技能匹配，非真实用户反馈。
115,JOB_0124,金证股份,600446.SH,DevOps工程师,1-4,128,Python,0.125,0.061,3,金融数据与AI应用学习者（模拟画像）,每个候选岗位在职位名称+技能要求中命中的模拟画像技能数 / 8；不使用真实点击、投递或录用反馈。,epsilon-greedy 多臂老虎机模拟；奖励是确定性技能匹配，非真实用户反馈。
116,JOB_0130,金证股份,600446.SH,Java开发工程师,1-4,134,SQL,0.125,0.061,3,金融数据与AI应用学习者（模拟画像）,每个候选岗位在职位名称+技能要求中命中的模拟画像技能数 / 8；不使用真实点击、投递或录用反馈。,epsilon-greedy 多臂老虎机模拟；奖励是确定性技能匹配，非真实用户反馈。
117,JOB_0133,金证股份,600446.SH,高级java开发,1-4,137,SQL,0.125,0.061,3,金融数据与AI应用学习者（模拟画像）,每个候选岗位在职位名称+技能要求中命中的模拟画像技能数 / 8；不使用真实点击、投递或录用反馈。,epsilon-greedy 多臂老虎机模拟；奖励是确定性技能匹配，非真实用户反馈。
118,JOB_0148,新致软件,688590.SH,AI 产品经理,13-15,7,金融,0.125,0.061,3,金融数据与AI应用学习者（模拟画像）,每个候选岗位在职位名称+技能要求中命中的模拟画像技能数 / 8；不使用真实点击、投递或录用反馈。,epsilon-greedy 多臂老虎机模拟；奖励是确定性技能匹配，非真实用户反馈。
119,JOB_0156,拓尔思,300229.SZ,AI 产品经理,13-15,15,金融,0.125,0.061,3,金融数据与AI应用学习者（模拟画像）,每个候选岗位在职位名称+技能要求中命中的模拟画像技能数 / 8；不使用真实点击、投递或录用反馈。,epsilon-greedy 多臂老虎机模拟；奖励是确定性技能匹配，非真实用户反馈。
120,JOB_0157,拓尔思,300229.SZ,产品经理,13-15,16,金融,0.125,0.061,3,金融数据与AI应用学习者（模拟画像）,每个候选岗位在职位名称+技能要求中命中的模拟画像技能数 / 8；不使用真实点击、投递或录用反馈。,epsilon-greedy 多臂老虎机模拟；奖励是确定性技能匹配，非真实用户反馈。
121,JOB_0165,天阳科技,300872.SZ,初级 java 开发工程师,9-12,4,SQL,0.125,0.061,3,金融数据与AI应用学习者（模拟画像）,每个候选岗位在职位名称+技能要求中命中的模拟画像技能数 / 8；不使用真实点击、投递或录用反馈。,epsilon-greedy 多臂老虎机模拟；奖励是确定性技能匹配，非真实用户反馈。
122,JOB_0183,京北方,002987.SZ,中级 Java 开发工程师,9-12,22,金融,0.125,0.061,3,金融数据与AI应用学习者（模拟画像）,每个候选岗位在职位名称+技能要求中命中的模拟画像技能数 / 8；不使用真实点击、投递或录用反馈。,epsilon-greedy 多臂老虎机模拟；奖励是确定性技能匹配，非真实用户反馈。
123,JOB_0200,宇信科技,300674.SZ,高级业务专家,5-8,7,金融,0.125,0.061,3,金融数据与AI应用学习者（模拟画像）,每个候选岗位在职位名称+技能要求中命中的模拟画像技能数 / 8；不使用真实点击、投递或录用反馈。,epsilon-greedy 多臂老虎机模拟；奖励是确定性技能匹配，非真实用户反馈。
124,JOB_0201,宇信科技,300674.SZ,高级业务专家(J11951),5-8,8,金融,0.125,0.061,3,金融数据与AI应用学习者（模拟画像）,每个候选岗位在职位名称+技能要求中命中的模拟画像技能数 / 8；不使用真实点击、投递或录用反馈。,epsilon-greedy 多臂老虎机模拟；奖励是确定性技能匹配，非真实用户反馈。
125,JOB_0210,宇信科技,300674.SZ,信贷部门-技术岗(J11782),5-8,17,金融,0.125,0.061,3,金融数据与AI应用学习者（模拟画像）,每个候选岗位在职位名称+技能要求中命中的模拟画像技能数 / 8；不使用真实点击、投递或录用反馈。,epsilon-greedy 多臂老虎机模拟；奖励是确定性技能匹配，非真实用户反馈。
126,JOB_0212,宇信科技,300674.SZ,高级业务分析师(J11985),5-8,19,数据分析,0.125,0.061,3,金融数据与AI应用学习者（模拟画像）,每个候选岗位在职位名称+技能要求中命中的模拟画像技能数 / 8；不使用真实点击、投递或录用反馈。,epsilon-greedy 多臂老虎机模拟；奖励是确定性技能匹配，非真实用户反馈。
127,JOB_0230,神州信息,000555.SZ,高级java组长(J16069),5-8,37,SQL,0.125,0.061,3,金融数据与AI应用学习者（模拟画像）,每个候选岗位在职位名称+技能要求中命中的模拟画像技能数 / 8；不使用真实点击、投递或录用反馈。,epsilon-greedy 多臂老虎机模拟；奖励是确定性技能匹配，非真实用户反馈。
128,JOB_0114,东方财富,300059.SZ,数据编辑 (MJ001945),1-4,117,SQL、金融,0.25,0.05,1,金融数据与AI应用学习者（模拟画像）,每个候选岗位在职位名称+技能要求中命中的模拟画像技能数 / 8；不使用真实点击、投递或录用反馈。,epsilon-greedy 多臂老虎机模拟；奖励是确定性技能匹配，非真实用户反馈。
129,JOB_0128,金证股份,600446.SH,C++高级开发工程师（平台/AI方向）,1-4,132,SQL、金融,0.25,0.05,1,金融数据与AI应用学习者（模拟画像）,每个候选岗位在职位名称+技能要求中命中的模拟画像技能数 / 8；不使用真实点击、投递或录用反馈。,epsilon-greedy 多臂老虎机模拟；奖励是确定性技能匹配，非真实用户反馈。
130,JOB_0143,新致软件,688590.SH,软件测试工程师（含 4 级功能测试 / 5 级数据测试 / 4-5 级自动化测试方向）,13-15,2,Python、SQL,0.25,0.05,1,金融数据与AI应用学习者（模拟画像）,每个候选岗位在职位名称+技能要求中命中的模拟画像技能数 / 8；不使用真实点击、投递或录用反馈。,epsilon-greedy 多臂老虎机模拟；奖励是确定性技能匹配，非真实用户反馈。
131,JOB_0001,恒生电子,600570.SH,数据开发工程师,1-4,2,SQL,0.125,0.045,2,金融数据与AI应用学习者（模拟画像）,每个候选岗位在职位名称+技能要求中命中的模拟画像技能数 / 8；不使用真实点击、投递或录用反馈。,epsilon-greedy 多臂老虎机模拟；奖励是确定性技能匹配，非真实用户反馈。
132,JOB_0027,同花顺,300033.SZ,AIME人才计划算法工程师,1-4,29,Python,0.125,0.045,2,金融数据与AI应用学习者（模拟画像）,每个候选岗位在职位名称+技能要求中命中的模拟画像技能数 / 8；不使用真实点击、投递或录用反馈。,epsilon-greedy 多臂老虎机模拟；奖励是确定性技能匹配，非真实用户反馈。
133,JOB_0043,同花顺,300033.SZ,行情后台开发工程师,1-4,45,金融,0.125,0.045,2,金融数据与AI应用学习者（模拟画像）,每个候选岗位在职位名称+技能要求中命中的模拟画像技能数 / 8；不使用真实点击、投递或录用反馈。,epsilon-greedy 多臂老虎机模拟；奖励是确定性技能匹配，非真实用户反馈。
134,JOB_0062,同花顺,300033.SZ,ACM工程开发——摘星计划,1-4,64,大模型,0.125,0.045,2,金融数据与AI应用学习者（模拟画像）,每个候选岗位在职位名称+技能要求中命中的模拟画像技能数 / 8；不使用真实点击、投递或录用反馈。,epsilon-greedy 多臂老虎机模拟；奖励是确定性技能匹配，非真实用户反馈。
135,JOB_0099,东方财富,300059.SZ,服务端-AI应用开发-南京-27届暑期实习,1-4,102,Python,0.125,0.045,2,金融数据与AI应用学习者（模拟画像）,每个候选岗位在职位名称+技能要求中命中的模拟画像技能数 / 8；不使用真实点击、投递或录用反馈。,epsilon-greedy 多臂老虎机模拟；奖励是确定性技能匹配，非真实用户反馈。
136,JOB_0116,东方财富,300059.SZ,AI Agent 架构师 (MJ002936),1-4,119,金融,0.125,0.045,2,金融数据与AI应用学习者（模拟画像）,每个候选岗位在职位名称+技能要求中命中的模拟画像技能数 / 8；不使用真实点击、投递或录用反馈。,epsilon-greedy 多臂老虎机模拟；奖励是确定性技能匹配，非真实用户反馈。
137,JOB_0131,金证股份,600446.SH,C++主管开发工程师,1-4,135,SQL,0.125,0.045,2,金融数据与AI应用学习者（模拟画像）,每个候选岗位在职位名称+技能要求中命中的模拟画像技能数 / 8；不使用真实点击、投递或录用反馈。,epsilon-greedy 多臂老虎机模拟；奖励是确定性技能匹配，非真实用户反馈。
138,JOB_0136,金证股份,600446.SH,C++开发工程师,1-4,140,SQL,0.125,0.045,2,金融数据与AI应用学习者（模拟画像）,每个候选岗位在职位名称+技能要求中命中的模拟画像技能数 / 8；不使用真实点击、投递或录用反馈。,epsilon-greedy 多臂老虎机模拟；奖励是确定性技能匹配，非真实用户反馈。
139,JOB_0141,金证股份,600446.SH,【2027届】C/C++开发实习生,1-4,145,SQL,0.125,0.045,2,金融数据与AI应用学习者（模拟画像）,每个候选岗位在职位名称+技能要求中命中的模拟画像技能数 / 8；不使用真实点击、投递或录用反馈。,epsilon-greedy 多臂老虎机模拟；奖励是确定性技能匹配，非真实用户反馈。
140,JOB_0182,京北方,002987.SZ,高级全栈开发工程师,9-12,21,SQL,0.125,0.045,2,金融数据与AI应用学习者（模拟画像）,每个候选岗位在职位名称+技能要求中命中的模拟画像技能数 / 8；不使用真实点击、投递或录用反馈。,epsilon-greedy 多臂老虎机模拟；奖励是确定性技能匹配，非真实用户反馈。
141,JOB_0205,宇信科技,300674.SZ,中级软件工程师(J11919),5-8,12,SQL,0.125,0.045,2,金融数据与AI应用学习者（模拟画像）,每个候选岗位在职位名称+技能要求中命中的模拟画像技能数 / 8；不使用真实点击、投递或录用反馈。,epsilon-greedy 多臂老虎机模拟；奖励是确定性技能匹配，非真实用户反馈。
142,JOB_0214,宇信科技,300674.SZ,高级UED设计师(J11847),5-8,21,金融,0.125,0.045,2,金融数据与AI应用学习者（模拟画像）,每个候选岗位在职位名称+技能要求中命中的模拟画像技能数 / 8；不使用真实点击、投递或录用反馈。,epsilon-greedy 多臂老虎机模拟；奖励是确定性技能匹配，非真实用户反馈。
143,JOB_0226,宇信科技,300674.SZ,【校招】业务分析师(J12465),5-8,33,金融,0.125,0.045,2,金融数据与AI应用学习者（模拟画像）,每个候选岗位在职位名称+技能要求中命中的模拟画像技能数 / 8；不使用真实点击、投递或录用反馈。,epsilon-greedy 多臂老虎机模拟；奖励是确定性技能匹配，非真实用户反馈。
144,JOB_0240,神州信息,000555.SZ,软件工程师(J22130),5-8,47,SQL,0.125,0.045,2,金融数据与AI应用学习者（模拟画像）,每个候选岗位在职位名称+技能要求中命中的模拟画像技能数 / 8；不使用真实点击、投递或录用反馈。,epsilon-greedy 多臂老虎机模拟；奖励是确定性技能匹配，非真实用户反馈。
145,JOB_0014,同花顺,300033.SZ,大模型算法工程师-AIME计划,1-4,16,大模型,0.125,0.025,1,金融数据与AI应用学习者（模拟画像）,每个候选岗位在职位名称+技能要求中命中的模拟画像技能数 / 8；不使用真实点击、投递或录用反馈。,epsilon-greedy 多臂老虎机模拟；奖励是确定性技能匹配，非真实用户反馈。
146,JOB_0055,同花顺,300033.SZ,大模型算法工程师,1-4,57,大模型,0.125,0.025,1,金融数据与AI应用学习者（模拟画像）,每个候选岗位在职位名称+技能要求中命中的模拟画像技能数 / 8；不使用真实点击、投递或录用反馈。,epsilon-greedy 多臂老虎机模拟；奖励是确定性技能匹配，非真实用户反馈。
147,JOB_0059,同花顺,300033.SZ,ACM专项—大模型开发工程师,1-4,61,大模型,0.125,0.025,1,金融数据与AI应用学习者（模拟画像）,每个候选岗位在职位名称+技能要求中命中的模拟画像技能数 / 8；不使用真实点击、投递或录用反馈。,epsilon-greedy 多臂老虎机模拟；奖励是确定性技能匹配，非真实用户反馈。
148,JOB_0140,金证股份,600446.SH,2026届C++开发实习生,1-4,144,SQL,0.125,0.025,1,金融数据与AI应用学习者（模拟画像）,每个候选岗位在职位名称+技能要求中命中的模拟画像技能数 / 8；不使用真实点击、投递或录用反馈。,epsilon-greedy 多臂老虎机模拟；奖励是确定性技能匹配，非真实用户反馈。
149,JOB_0153,拓尔思,300229.SZ,AI 产品工程师,13-15,12,金融,0.125,0.025,1,金融数据与AI应用学习者（模拟画像）,每个候选岗位在职位名称+技能要求中命中的模拟画像技能数 / 8；不使用真实点击、投递或录用反馈。,epsilon-greedy 多臂老虎机模拟；奖励是确定性技能匹配，非真实用户反馈。
150,JOB_0179,科蓝软件,300663.SZ,架构师,9-12,18,SQL,0.125,0.025,1,金融数据与AI应用学习者（模拟画像）,每个候选岗位在职位名称+技能要求中命中的模拟画像技能数 / 8；不使用真实点击、投递或录用反馈。,epsilon-greedy 多臂老虎机模拟；奖励是确定性技能匹配，非真实用户反馈。
151,JOB_0216,宇信科技,300674.SZ,东部数据一部服务类(J11846),5-8,23,SQL,0.125,0.025,1,金融数据与AI应用学习者（模拟画像）,每个候选岗位在职位名称+技能要求中命中的模拟画像技能数 / 8；不使用真实点击、投递或录用反馈。,epsilon-greedy 多臂老虎机模拟；奖励是确定性技能匹配，非真实用户反馈。
152,JOB_0241,神州信息,000555.SZ,27届提前批-Java开发工程师（上海）(J22222),5-8,48,SQL、金融,0.25,0.0,0,金融数据与AI应用学习者（模拟画像）,每个候选岗位在职位名称+技能要求中命中的模拟画像技能数 / 8；不使用真实点击、投递或录用反馈。,epsilon-greedy 多臂老虎机模拟；奖励是确定性技能匹配，非真实用户反馈。
153,JOB_0003,恒生电子,600570.SH,高级C++开发工程师,1-4,4,,0.0,0.0,2,金融数据与AI应用学习者（模拟画像）,每个候选岗位在职位名称+技能要求中命中的模拟画像技能数 / 8；不使用真实点击、投递或录用反馈。,epsilon-greedy 多臂老虎机模拟；奖励是确定性技能匹配，非真实用户反馈。
154,JOB_0005,恒生电子,600570.SH,Java技术专家-资产管理,1-4,6,,0.0,0.0,4,金融数据与AI应用学习者（模拟画像）,每个候选岗位在职位名称+技能要求中命中的模拟画像技能数 / 8；不使用真实点击、投递或录用反馈。,epsilon-greedy 多臂老虎机模拟；奖励是确定性技能匹配，非真实用户反馈。
155,JOB_0006,恒生电子,600570.SH,C++开发工程师-经纪业务,1-4,7,,0.0,0.0,7,金融数据与AI应用学习者（模拟画像）,每个候选岗位在职位名称+技能要求中命中的模拟画像技能数 / 8；不使用真实点击、投递或录用反馈。,epsilon-greedy 多臂老虎机模拟；奖励是确定性技能匹配，非真实用户反馈。
156,JOB_0007,恒生电子,600570.SH,C++开发工程师-经纪业务,1-4,8,,0.0,0.0,2,金融数据与AI应用学习者（模拟画像）,每个候选岗位在职位名称+技能要求中命中的模拟画像技能数 / 8；不使用真实点击、投递或录用反馈。,epsilon-greedy 多臂老虎机模拟；奖励是确定性技能匹配，非真实用户反馈。
157,JOB_0009,恒生电子,600570.SH,C++开发工程师-经纪业务,1-4,10,,0.0,0.0,5,金融数据与AI应用学习者（模拟画像）,每个候选岗位在职位名称+技能要求中命中的模拟画像技能数 / 8；不使用真实点击、投递或录用反馈。,epsilon-greedy 多臂老虎机模拟；奖励是确定性技能匹配，非真实用户反馈。
158,JOB_0010,恒生电子,600570.SH,模型后训练技术负责人（团队负责人）,1-4,11,,0.0,0.0,2,金融数据与AI应用学习者（模拟画像）,每个候选岗位在职位名称+技能要求中命中的模拟画像技能数 / 8；不使用真实点击、投递或录用反馈。,epsilon-greedy 多臂老虎机模拟；奖励是确定性技能匹配，非真实用户反馈。
159,JOB_0011,恒生电子,600570.SH,C++开发工程师-经纪业务,1-4,12,,0.0,0.0,6,金融数据与AI应用学习者（模拟画像）,每个候选岗位在职位名称+技能要求中命中的模拟画像技能数 / 8；不使用真实点击、投递或录用反馈。,epsilon-greedy 多臂老虎机模拟；奖励是确定性技能匹配，非真实用户反馈。
160,JOB_0013,同花顺,300033.SZ,算法博士（NLP/CV/语音/博士专项）,1-4,15,,0.0,0.0,4,金融数据与AI应用学习者（模拟画像）,每个候选岗位在职位名称+技能要求中命中的模拟画像技能数 / 8；不使用真实点击、投递或录用反馈。,epsilon-greedy 多臂老虎机模拟；奖励是确定性技能匹配，非真实用户反馈。
161,JOB_0016,同花顺,300033.SZ,C++开发专家,1-4,18,,0.0,0.0,5,金融数据与AI应用学习者（模拟画像）,每个候选岗位在职位名称+技能要求中命中的模拟画像技能数 / 8；不使用真实点击、投递或录用反馈。,epsilon-greedy 多臂老虎机模拟；奖励是确定性技能匹配，非真实用户反馈。
162,JOB_0018,同花顺,300033.SZ,AI agent开发（base总部）,1-4,20,,0.0,0.0,5,金融数据与AI应用学习者（模拟画像）,每个候选岗位在职位名称+技能要求中命中的模拟画像技能数 / 8；不使用真实点击、投递或录用反馈。,epsilon-greedy 多臂老虎机模拟；奖励是确定性技能匹配，非真实用户反馈。
163,JOB_0025,同花顺,300033.SZ,测试开发工程师,1-4,27,,0.0,0.0,3,金融数据与AI应用学习者（模拟画像）,每个候选岗位在职位名称+技能要求中命中的模拟画像技能数 / 8；不使用真实点击、投递或录用反馈。,epsilon-greedy 多臂老虎机模拟；奖励是确定性技能匹配，非真实用户反馈。
164,JOB_0026,同花顺,300033.SZ,技术负责人（AIGC出海业务技术）,1-4,28,,0.0,0.0,2,金融数据与AI应用学习者（模拟画像）,每个候选岗位在职位名称+技能要求中命中的模拟画像技能数 / 8；不使用真实点击、投递或录用反馈。,epsilon-greedy 多臂老虎机模拟；奖励是确定性技能匹配，非真实用户反馈。
165,JOB_0031,同花顺,300033.SZ,推理加速专家/主管,1-4,33,,0.0,0.0,5,金融数据与AI应用学习者（模拟画像）,每个候选岗位在职位名称+技能要求中命中的模拟画像技能数 / 8；不使用真实点击、投递或录用反馈。,epsilon-greedy 多臂老虎机模拟；奖励是确定性技能匹配，非真实用户反馈。
166,JOB_0032,同花顺,300033.SZ,golang高级开发工程师,1-4,34,,0.0,0.0,5,金融数据与AI应用学习者（模拟画像）,每个候选岗位在职位名称+技能要求中命中的模拟画像技能数 / 8；不使用真实点击、投递或录用反馈。,epsilon-greedy 多臂老虎机模拟；奖励是确定性技能匹配，非真实用户反馈。
167,JOB_0033,同花顺,300033.SZ,ACM专项招聘,1-4,35,,0.0,0.0,3,金融数据与AI应用学习者（模拟画像）,每个候选岗位在职位名称+技能要求中命中的模拟画像技能数 / 8；不使用真实点击、投递或录用反馈。,epsilon-greedy 多臂老虎机模拟；奖励是确定性技能匹配，非真实用户反馈。
168,JOB_0034,同花顺,300033.SZ,算法实习生,1-4,36,,0.0,0.0,2,金融数据与AI应用学习者（模拟画像）,每个候选岗位在职位名称+技能要求中命中的模拟画像技能数 / 8；不使用真实点击、投递或录用反馈。,epsilon-greedy 多臂老虎机模拟；奖励是确定性技能匹配，非真实用户反馈。
169,JOB_0037,同花顺,300033.SZ,推理优化算法专家,1-4,39,,0.0,0.0,9,金融数据与AI应用学习者（模拟画像）,每个候选岗位在职位名称+技能要求中命中的模拟画像技能数 / 8；不使用真实点击、投递或录用反馈。,epsilon-greedy 多臂老虎机模拟；奖励是确定性技能匹配，非真实用户反馈。
170,JOB_0038,同花顺,300033.SZ,VLA算法工程师,1-4,40,,0.0,0.0,4,金融数据与AI应用学习者（模拟画像）,每个候选岗位在职位名称+技能要求中命中的模拟画像技能数 / 8；不使用真实点击、投递或录用反馈。,epsilon-greedy 多臂老虎机模拟；奖励是确定性技能匹配，非真实用户反馈。
171,JOB_0039,同花顺,300033.SZ,语音引擎开发工程师,1-4,41,,0.0,0.0,4,金融数据与AI应用学习者（模拟画像）,每个候选岗位在职位名称+技能要求中命中的模拟画像技能数 / 8；不使用真实点击、投递或录用反馈。,epsilon-greedy 多臂老虎机模拟；奖励是确定性技能匹配，非真实用户反馈。
172,JOB_0041,同花顺,300033.SZ,安全开发专家,1-4,43,,0.0,0.0,2,金融数据与AI应用学习者（模拟画像）,每个候选岗位在职位名称+技能要求中命中的模拟画像技能数 / 8；不使用真实点击、投递或录用反馈。,epsilon-greedy 多臂老虎机模拟；奖励是确定性技能匹配，非真实用户反馈。
173,JOB_0042,同花顺,300033.SZ,AI应用开发工程师,1-4,44,,0.0,0.0,3,金融数据与AI应用学习者（模拟画像）,每个候选岗位在职位名称+技能要求中命中的模拟画像技能数 / 8；不使用真实点击、投递或录用反馈。,epsilon-greedy 多臂老虎机模拟；奖励是确定性技能匹配，非真实用户反馈。
174,JOB_0044,同花顺,300033.SZ,C++开发主管（PC客户端）,1-4,46,,0.0,0.0,6,金融数据与AI应用学习者（模拟画像）,每个候选岗位在职位名称+技能要求中命中的模拟画像技能数 / 8；不使用真实点击、投递或录用反馈。,epsilon-greedy 多臂老虎机模拟；奖励是确定性技能匹配，非真实用户反馈。
175,JOB_0048,同花顺,300033.SZ,C/C++ 研发工程师,1-4,50,,0.0,0.0,3,金融数据与AI应用学习者（模拟画像）,每个候选岗位在职位名称+技能要求中命中的模拟画像技能数 / 8；不使用真实点击、投递或录用反馈。,epsilon-greedy 多臂老虎机模拟；奖励是确定性技能匹配，非真实用户反馈。
176,JOB_0049,同花顺,300033.SZ,C/C++ 开发工程师,1-4,51,,0.0,0.0,8,金融数据与AI应用学习者（模拟画像）,每个候选岗位在职位名称+技能要求中命中的模拟画像技能数 / 8；不使用真实点击、投递或录用反馈。,epsilon-greedy 多臂老虎机模拟；奖励是确定性技能匹配，非真实用户反馈。
177,JOB_0050,同花顺,300033.SZ,C/C++ 开发工程师,1-4,52,,0.0,0.0,4,金融数据与AI应用学习者（模拟画像）,每个候选岗位在职位名称+技能要求中命中的模拟画像技能数 / 8；不使用真实点击、投递或录用反馈。,epsilon-greedy 多臂老虎机模拟；奖励是确定性技能匹配，非真实用户反馈。
178,JOB_0052,同花顺,300033.SZ,Java开发工程师,1-4,54,,0.0,0.0,3,金融数据与AI应用学习者（模拟画像）,每个候选岗位在职位名称+技能要求中命中的模拟画像技能数 / 8；不使用真实点击、投递或录用反馈。,epsilon-greedy 多臂老虎机模拟；奖励是确定性技能匹配，非真实用户反馈。
179,JOB_0053,同花顺,300033.SZ,多模态算法工程师,1-4,55,,0.0,0.0,4,金融数据与AI应用学习者（模拟画像）,每个候选岗位在职位名称+技能要求中命中的模拟画像技能数 / 8；不使用真实点击、投递或录用反馈。,epsilon-greedy 多臂老虎机模拟；奖励是确定性技能匹配，非真实用户反馈。
180,JOB_0064,同花顺,300033.SZ,C++开发工程师（ACM计划）,1-4,66,,0.0,0.0,7,金融数据与AI应用学习者（模拟画像）,每个候选岗位在职位名称+技能要求中命中的模拟画像技能数 / 8；不使用真实点击、投递或录用反馈。,epsilon-greedy 多臂老虎机模拟；奖励是确定性技能匹配，非真实用户反馈。
181,JOB_0065,同花顺,300033.SZ,AI infra（云原生、沙箱、GPU）,1-4,67,,0.0,0.0,5,金融数据与AI应用学习者（模拟画像）,每个候选岗位在职位名称+技能要求中命中的模拟画像技能数 / 8；不使用真实点击、投递或录用反馈。,epsilon-greedy 多臂老虎机模拟；奖励是确定性技能匹配，非真实用户反馈。
182,JOB_0068,同花顺,300033.SZ,容器与算力平台稳定性开发工程师,1-4,70,,0.0,0.0,6,金融数据与AI应用学习者（模拟画像）,每个候选岗位在职位名称+技能要求中命中的模拟画像技能数 / 8；不使用真实点击、投递或录用反馈。,epsilon-greedy 多臂老虎机模拟；奖励是确定性技能匹配，非真实用户反馈。
183,JOB_0070,同花顺,300033.SZ,算法专家（NER/命名实体识别）,1-4,72,,0.0,0.0,3,金融数据与AI应用学习者（模拟画像）,每个候选岗位在职位名称+技能要求中命中的模拟画像技能数 / 8；不使用真实点击、投递或录用反馈。,epsilon-greedy 多臂老虎机模拟；奖励是确定性技能匹配，非真实用户反馈。
184,JOB_0071,同花顺,300033.SZ,AI开发工程师,1-4,73,,0.0,0.0,2,金融数据与AI应用学习者（模拟画像）,每个候选岗位在职位名称+技能要求中命中的模拟画像技能数 / 8；不使用真实点击、投递或录用反馈。,epsilon-greedy 多臂老虎机模拟；奖励是确定性技能匹配，非真实用户反馈。
185,JOB_0077,同花顺,300033.SZ,ACM专项—算法、AI开发、AI工程,1-4,79,,0.0,0.0,1,金融数据与AI应用学习者（模拟画像）,每个候选岗位在职位名称+技能要求中命中的模拟画像技能数 / 8；不使用真实点击、投递或录用反馈。,epsilon-greedy 多臂老虎机模拟；奖励是确定性技能匹配，非真实用户反馈。
186,JOB_0080,同花顺,300033.SZ,技术专家/架构师,1-4,82,,0.0,0.0,3,金融数据与AI应用学习者（模拟画像）,每个候选岗位在职位名称+技能要求中命中的模拟画像技能数 / 8；不使用真实点击、投递或录用反馈。,epsilon-greedy 多臂老虎机模拟；奖励是确定性技能匹配，非真实用户反馈。
187,JOB_0081,同花顺,300033.SZ,视频生成算法,1-4,83,,0.0,0.0,2,金融数据与AI应用学习者（模拟画像）,每个候选岗位在职位名称+技能要求中命中的模拟画像技能数 / 8；不使用真实点击、投递或录用反馈。,epsilon-greedy 多臂老虎机模拟；奖励是确定性技能匹配，非真实用户反馈。
188,JOB_0082,同花顺,300033.SZ,高级推荐算法工程师,1-4,84,,0.0,0.0,2,金融数据与AI应用学习者（模拟画像）,每个候选岗位在职位名称+技能要求中命中的模拟画像技能数 / 8；不使用真实点击、投递或录用反馈。,epsilon-greedy 多臂老虎机模拟；奖励是确定性技能匹配，非真实用户反馈。
189,JOB_0083,同花顺,300033.SZ,推荐算法专家,1-4,85,,0.0,0.0,5,金融数据与AI应用学习者（模拟画像）,每个候选岗位在职位名称+技能要求中命中的模拟画像技能数 / 8；不使用真实点击、投递或录用反馈。,epsilon-greedy 多臂老虎机模拟；奖励是确定性技能匹配，非真实用户反馈。
190,JOB_0084,同花顺,300033.SZ,算法博士（算法研究，量化）,1-4,86,,0.0,0.0,3,金融数据与AI应用学习者（模拟画像）,每个候选岗位在职位名称+技能要求中命中的模拟画像技能数 / 8；不使用真实点击、投递或录用反馈。,epsilon-greedy 多臂老虎机模拟；奖励是确定性技能匹配，非真实用户反馈。
191,JOB_0085,同花顺,300033.SZ,AI应用工程师,1-4,87,,0.0,0.0,3,金融数据与AI应用学习者（模拟画像）,每个候选岗位在职位名称+技能要求中命中的模拟画像技能数 / 8；不使用真实点击、投递或录用反馈。,epsilon-greedy 多臂老虎机模拟；奖励是确定性技能匹配，非真实用户反馈。
192,JOB_0087,同花顺,300033.SZ,推荐营销算法,1-4,89,,0.0,0.0,6,金融数据与AI应用学习者（模拟画像）,每个候选岗位在职位名称+技能要求中命中的模拟画像技能数 / 8；不使用真实点击、投递或录用反馈。,epsilon-greedy 多臂老虎机模拟；奖励是确定性技能匹配，非真实用户反馈。
193,JOB_0088,同花顺,300033.SZ,Agent算法工程师,1-4,90,,0.0,0.0,3,金融数据与AI应用学习者（模拟画像）,每个候选岗位在职位名称+技能要求中命中的模拟画像技能数 / 8；不使用真实点击、投递或录用反馈。,epsilon-greedy 多臂老虎机模拟；奖励是确定性技能匹配，非真实用户反馈。
194,JOB_0089,同花顺,300033.SZ,资深Java研发工程师/专家/TL,1-4,91,,0.0,0.0,5,金融数据与AI应用学习者（模拟画像）,每个候选岗位在职位名称+技能要求中命中的模拟画像技能数 / 8；不使用真实点击、投递或录用反馈。,epsilon-greedy 多臂老虎机模拟；奖励是确定性技能匹配，非真实用户反馈。
195,JOB_0090,同花顺,300033.SZ,AI Builder（云原生PaaS与C++）,1-4,92,,0.0,0.0,2,金融数据与AI应用学习者（模拟画像）,每个候选岗位在职位名称+技能要求中命中的模拟画像技能数 / 8；不使用真实点击、投递或录用反馈。,epsilon-greedy 多臂老虎机模拟；奖励是确定性技能匹配，非真实用户反馈。
196,JOB_0097,东方财富,300059.SZ,经营分析岗,1-4,100,,0.0,0.0,6,金融数据与AI应用学习者（模拟画像）,每个候选岗位在职位名称+技能要求中命中的模拟画像技能数 / 8；不使用真实点击、投递或录用反馈。,epsilon-greedy 多臂老虎机模拟；奖励是确定性技能匹配，非真实用户反馈。
197,JOB_0101,东方财富,300059.SZ,AI应用工程师（证券）,1-4,104,,0.0,0.0,1,金融数据与AI应用学习者（模拟画像）,每个候选岗位在职位名称+技能要求中命中的模拟画像技能数 / 8；不使用真实点击、投递或录用反馈。,epsilon-greedy 多臂老虎机模拟；奖励是确定性技能匹配，非真实用户反馈。
198,JOB_0102,东方财富,300059.SZ,信息安全岗 (MJ002671),1-4,105,,0.0,0.0,8,金融数据与AI应用学习者（模拟画像）,每个候选岗位在职位名称+技能要求中命中的模拟画像技能数 / 8；不使用真实点击、投递或录用反馈。,epsilon-greedy 多臂老虎机模拟；奖励是确定性技能匹配，非真实用户反馈。
199,JOB_0103,东方财富,300059.SZ,客户端开发工程师 (MJ002707),1-4,106,,0.0,0.0,3,金融数据与AI应用学习者（模拟画像）,每个候选岗位在职位名称+技能要求中命中的模拟画像技能数 / 8；不使用真实点击、投递或录用反馈。,epsilon-greedy 多臂老虎机模拟；奖励是确定性技能匹配，非真实用户反馈。
200,JOB_0104,东方财富,300059.SZ,算法工程师 (MJ002932),1-4,107,,0.0,0.0,6,金融数据与AI应用学习者（模拟画像）,每个候选岗位在职位名称+技能要求中命中的模拟画像技能数 / 8；不使用真实点击、投递或录用反馈。,epsilon-greedy 多臂老虎机模拟；奖励是确定性技能匹配，非真实用户反馈。
201,JOB_0105,东方财富,300059.SZ,AI应用工程师 (证券),1-4,108,,0.0,0.0,6,金融数据与AI应用学习者（模拟画像）,每个候选岗位在职位名称+技能要求中命中的模拟画像技能数 / 8；不使用真实点击、投递或录用反馈。,epsilon-greedy 多臂老虎机模拟；奖励是确定性技能匹配，非真实用户反馈。
202,JOB_0106,东方财富,300059.SZ,C++服务端开发工程师 (证券),1-4,109,,0.0,0.0,5,金融数据与AI应用学习者（模拟画像）,每个候选岗位在职位名称+技能要求中命中的模拟画像技能数 / 8；不使用真实点击、投递或录用反馈。,epsilon-greedy 多臂老虎机模拟；奖励是确定性技能匹配，非真实用户反馈。
203,JOB_0107,东方财富,300059.SZ,java服务端开发工程师,1-4,110,,0.0,0.0,6,金融数据与AI应用学习者（模拟画像）,每个候选岗位在职位名称+技能要求中命中的模拟画像技能数 / 8；不使用真实点击、投递或录用反馈。,epsilon-greedy 多臂老虎机模拟；奖励是确定性技能匹配，非真实用户反馈。
204,JOB_0108,东方财富,300059.SZ,C++服务端开发工程师 (证券),1-4,111,,0.0,0.0,4,金融数据与AI应用学习者（模拟画像）,每个候选岗位在职位名称+技能要求中命中的模拟画像技能数 / 8；不使用真实点击、投递或录用反馈。,epsilon-greedy 多臂老虎机模拟；奖励是确定性技能匹配，非真实用户反馈。
205,JOB_0117,东方财富,300059.SZ,资深服务端开发工程师-Java (MJ00...),1-4,120,,0.0,0.0,0,金融数据与AI应用学习者（模拟画像）,每个候选岗位在职位名称+技能要求中命中的模拟画像技能数 / 8；不使用真实点击、投递或录用反馈。,epsilon-greedy 多臂老虎机模拟；奖励是确定性技能匹配，非真实用户反馈。
206,JOB_0122,东方财富,300059.SZ,C++服务端开发工程师（证券交易）,1-4,125,,0.0,0.0,2,金融数据与AI应用学习者（模拟画像）,每个候选岗位在职位名称+技能要求中命中的模拟画像技能数 / 8；不使用真实点击、投递或录用反馈。,epsilon-greedy 多臂老虎机模拟；奖励是确定性技能匹配，非真实用户反馈。
207,JOB_0142,金证股份,600446.SH,JAVA开发工程师,1-4,146,,0.0,0.0,3,金融数据与AI应用学习者（模拟画像）,每个候选岗位在职位名称+技能要求中命中的模拟画像技能数 / 8；不使用真实点击、投递或录用反馈。,epsilon-greedy 多臂老虎机模拟；奖励是确定性技能匹配，非真实用户反馈。
208,JOB_0144,新致软件,688590.SH,投资经理（AI+MCN 方向）,13-15,3,,0.0,0.0,3,金融数据与AI应用学习者（模拟画像）,每个候选岗位在职位名称+技能要求中命中的模拟画像技能数 / 8；不使用真实点击、投递或录用反馈。,epsilon-greedy 多臂老虎机模拟；奖励是确定性技能匹配，非真实用户反馈。
209,JOB_0160,拓尔思,300229.SZ,产品经理,13-15,19,,0.0,0.0,3,金融数据与AI应用学习者（模拟画像）,每个候选岗位在职位名称+技能要求中命中的模拟画像技能数 / 8；不使用真实点击、投递或录用反馈。,epsilon-greedy 多臂老虎机模拟；奖励是确定性技能匹配，非真实用户反馈。
210,JOB_0166,天阳科技,300872.SZ,UI 设计师,9-12,5,,0.0,0.0,4,金融数据与AI应用学习者（模拟画像）,每个候选岗位在职位名称+技能要求中命中的模拟画像技能数 / 8；不使用真实点击、投递或录用反馈。,epsilon-greedy 多臂老虎机模拟；奖励是确定性技能匹配，非真实用户反馈。
211,JOB_0168,天阳科技,300872.SZ,版本管理工程师（配置管理 / DevOps）,9-12,7,,0.0,0.0,3,金融数据与AI应用学习者（模拟画像）,每个候选岗位在职位名称+技能要求中命中的模拟画像技能数 / 8；不使用真实点击、投递或录用反馈。,epsilon-greedy 多臂老虎机模拟；奖励是确定性技能匹配，非真实用户反馈。
212,JOB_0169,天阳科技,300872.SZ,功能测试工程师,9-12,8,,0.0,0.0,3,金融数据与AI应用学习者（模拟画像）,每个候选岗位在职位名称+技能要求中命中的模拟画像技能数 / 8；不使用真实点击、投递或录用反馈。,epsilon-greedy 多臂老虎机模拟；奖励是确定性技能匹配，非真实用户反馈。
213,JOB_0170,天阳科技,300872.SZ,大数据开发工程师,9-12,9,,0.0,0.0,3,金融数据与AI应用学习者（模拟画像）,每个候选岗位在职位名称+技能要求中命中的模拟画像技能数 / 8；不使用真实点击、投递或录用反馈。,epsilon-greedy 多臂老虎机模拟；奖励是确定性技能匹配，非真实用户反馈。
214,JOB_0171,天阳科技,300872.SZ,前端开发工程师,9-12,10,,0.0,0.0,7,金融数据与AI应用学习者（模拟画像）,每个候选岗位在职位名称+技能要求中命中的模拟画像技能数 / 8；不使用真实点击、投递或录用反馈。,epsilon-greedy 多臂老虎机模拟；奖励是确定性技能匹配，非真实用户反馈。
215,JOB_0173,天阳科技,300872.SZ,资深数据治理工程师（咨询方向）,9-12,12,,0.0,0.0,2,金融数据与AI应用学习者（模拟画像）,每个候选岗位在职位名称+技能要求中命中的模拟画像技能数 / 8；不使用真实点击、投递或录用反馈。,epsilon-greedy 多臂老虎机模拟；奖励是确定性技能匹配，非真实用户反馈。
216,JOB_0174,天阳科技,300872.SZ,java 中级开发工程师,9-12,13,,0.0,0.0,2,金融数据与AI应用学习者（模拟画像）,每个候选岗位在职位名称+技能要求中命中的模拟画像技能数 / 8；不使用真实点击、投递或录用反馈。,epsilon-greedy 多臂老虎机模拟；奖励是确定性技能匹配，非真实用户反馈。
217,JOB_0175,天阳科技,300872.SZ,财务系统实施顾问,9-12,14,,0.0,0.0,3,金融数据与AI应用学习者（模拟画像）,每个候选岗位在职位名称+技能要求中命中的模拟画像技能数 / 8；不使用真实点击、投递或录用反馈。,epsilon-greedy 多臂老虎机模拟；奖励是确定性技能匹配，非真实用户反馈。
218,JOB_0176,科蓝软件,300663.SZ,初级 JAVA 开发工程师,9-12,15,,0.0,0.0,4,金融数据与AI应用学习者（模拟画像）,每个候选岗位在职位名称+技能要求中命中的模拟画像技能数 / 8；不使用真实点击、投递或录用反馈。,epsilon-greedy 多臂老虎机模拟；奖励是确定性技能匹配，非真实用户反馈。
219,JOB_0177,科蓝软件,300663.SZ,中级 JAVA 开发工程师,9-12,16,,0.0,0.0,3,金融数据与AI应用学习者（模拟画像）,每个候选岗位在职位名称+技能要求中命中的模拟画像技能数 / 8；不使用真实点击、投递或录用反馈。,epsilon-greedy 多臂老虎机模拟；奖励是确定性技能匹配，非真实用户反馈。
220,JOB_0178,科蓝软件,300663.SZ,Android 开发工程师,9-12,17,,0.0,0.0,3,金融数据与AI应用学习者（模拟画像）,每个候选岗位在职位名称+技能要求中命中的模拟画像技能数 / 8；不使用真实点击、投递或录用反馈。,epsilon-greedy 多臂老虎机模拟；奖励是确定性技能匹配，非真实用户反馈。
221,JOB_0181,京北方,002987.SZ,测试专家,9-12,20,,0.0,0.0,3,金融数据与AI应用学习者（模拟画像）,每个候选岗位在职位名称+技能要求中命中的模拟画像技能数 / 8；不使用真实点击、投递或录用反馈。,epsilon-greedy 多臂老虎机模拟；奖励是确定性技能匹配，非真实用户反馈。
222,JOB_0185,中科软,603927.SH,前端开发工程师,9-12,24,,0.0,0.0,7,金融数据与AI应用学习者（模拟画像）,每个候选岗位在职位名称+技能要求中命中的模拟画像技能数 / 8；不使用真实点击、投递或录用反馈。,epsilon-greedy 多臂老虎机模拟；奖励是确定性技能匹配，非真实用户反馈。
223,JOB_0190,中科软,603927.SH,测试工程师,9-12,29,,0.0,0.0,3,金融数据与AI应用学习者（模拟画像）,每个候选岗位在职位名称+技能要求中命中的模拟画像技能数 / 8；不使用真实点击、投递或录用反馈。,epsilon-greedy 多臂老虎机模拟；奖励是确定性技能匹配，非真实用户反馈。
224,JOB_0192,中科软,603927.SH,UI 设计师,9-12,31,,0.0,0.0,3,金融数据与AI应用学习者（模拟画像）,每个候选岗位在职位名称+技能要求中命中的模拟画像技能数 / 8；不使用真实点击、投递或录用反馈。,epsilon-greedy 多臂老虎机模拟；奖励是确定性技能匹配，非真实用户反馈。
225,JOB_0193,中科软,603927.SH,运营副总,9-12,32,,0.0,0.0,4,金融数据与AI应用学习者（模拟画像）,每个候选岗位在职位名称+技能要求中命中的模拟画像技能数 / 8；不使用真实点击、投递或录用反馈。,epsilon-greedy 多臂老虎机模拟；奖励是确定性技能匹配，非真实用户反馈。
226,JOB_0195,赢时胜,300377.SZ,需求分析实习生,5-8,2,,0.0,0.0,4,金融数据与AI应用学习者（模拟画像）,每个候选岗位在职位名称+技能要求中命中的模拟画像技能数 / 8；不使用真实点击、投递或录用反馈。,epsilon-greedy 多臂老虎机模拟；奖励是确定性技能匹配，非真实用户反馈。
227,JOB_0196,赢时胜,300377.SZ,需求分析实习生,5-8,3,,0.0,0.0,1,金融数据与AI应用学习者（模拟画像）,每个候选岗位在职位名称+技能要求中命中的模拟画像技能数 / 8；不使用真实点击、投递或录用反馈。,epsilon-greedy 多臂老虎机模拟；奖励是确定性技能匹配，非真实用户反馈。
228,JOB_0197,赢时胜,300377.SZ,需求分析实习生,5-8,4,,0.0,0.0,2,金融数据与AI应用学习者（模拟画像）,每个候选岗位在职位名称+技能要求中命中的模拟画像技能数 / 8；不使用真实点击、投递或录用反馈。,epsilon-greedy 多臂老虎机模拟；奖励是确定性技能匹配，非真实用户反馈。
229,JOB_0198,赢时胜,300377.SZ,软件测试实习生,5-8,5,,0.0,0.0,0,金融数据与AI应用学习者（模拟画像）,每个候选岗位在职位名称+技能要求中命中的模拟画像技能数 / 8；不使用真实点击、投递或录用反馈。,epsilon-greedy 多臂老虎机模拟；奖励是确定性技能匹配，非真实用户反馈。
230,JOB_0199,赢时胜,300377.SZ,软件测试实习生,5-8,6,,0.0,0.0,7,金融数据与AI应用学习者（模拟画像）,每个候选岗位在职位名称+技能要求中命中的模拟画像技能数 / 8；不使用真实点击、投递或录用反馈。,epsilon-greedy 多臂老虎机模拟；奖励是确定性技能匹配，非真实用户反馈。
231,JOB_0203,宇信科技,300674.SZ,资深业务专家(J11984),5-8,10,,0.0,0.0,8,金融数据与AI应用学习者（模拟画像）,每个候选岗位在职位名称+技能要求中命中的模拟画像技能数 / 8；不使用真实点击、投递或录用反馈。,epsilon-greedy 多臂老虎机模拟；奖励是确定性技能匹配，非真实用户反馈。
232,JOB_0209,宇信科技,300674.SZ,信贷业务专家(J11646),5-8,16,,0.0,0.0,2,金融数据与AI应用学习者（模拟画像）,每个候选岗位在职位名称+技能要求中命中的模拟画像技能数 / 8；不使用真实点击、投递或录用反馈。,epsilon-greedy 多臂老虎机模拟；奖励是确定性技能匹配，非真实用户反馈。
233,JOB_0217,宇信科技,300674.SZ,高级软件工程师(J11802),5-8,24,,0.0,0.0,4,金融数据与AI应用学习者（模拟画像）,每个候选岗位在职位名称+技能要求中命中的模拟画像技能数 / 8；不使用真实点击、投递或录用反馈。,epsilon-greedy 多臂老虎机模拟；奖励是确定性技能匹配，非真实用户反馈。
234,JOB_0219,宇信科技,300674.SZ,中级软件工程师(J11963),5-8,26,,0.0,0.0,7,金融数据与AI应用学习者（模拟画像）,每个候选岗位在职位名称+技能要求中命中的模拟画像技能数 / 8；不使用真实点击、投递或录用反馈。,epsilon-greedy 多臂老虎机模拟；奖励是确定性技能匹配，非真实用户反馈。
235,JOB_0220,宇信科技,300674.SZ,初级系统工程师(J11995),5-8,27,,0.0,0.0,4,金融数据与AI应用学习者（模拟画像）,每个候选岗位在职位名称+技能要求中命中的模拟画像技能数 / 8；不使用真实点击、投递或录用反馈。,epsilon-greedy 多臂老虎机模拟；奖励是确定性技能匹配，非真实用户反馈。
236,JOB_0232,神州信息,000555.SZ,软件工程师(J12245),5-8,39,,0.0,0.0,6,金融数据与AI应用学习者（模拟画像）,每个候选岗位在职位名称+技能要求中命中的模拟画像技能数 / 8；不使用真实点击、投递或录用反馈。,epsilon-greedy 多臂老虎机模拟；奖励是确定性技能匹配，非真实用户反馈。
237,JOB_0234,神州信息,000555.SZ,软件工程师(J22380),5-8,41,,0.0,0.0,7,金融数据与AI应用学习者（模拟画像）,每个候选岗位在职位名称+技能要求中命中的模拟画像技能数 / 8；不使用真实点击、投递或录用反馈。,epsilon-greedy 多臂老虎机模拟；奖励是确定性技能匹配，非真实用户反馈。
238,JOB_0235,神州信息,000555.SZ,软件工程师(J22342),5-8,42,,0.0,0.0,2,金融数据与AI应用学习者（模拟画像）,每个候选岗位在职位名称+技能要求中命中的模拟画像技能数 / 8；不使用真实点击、投递或录用反馈。,epsilon-greedy 多臂老虎机模拟；奖励是确定性技能匹配，非真实用户反馈。
239,JOB_0236,神州信息,000555.SZ,软件工程师(J22337),5-8,43,,0.0,0.0,3,金融数据与AI应用学习者（模拟画像）,每个候选岗位在职位名称+技能要求中命中的模拟画像技能数 / 8；不使用真实点击、投递或录用反馈。,epsilon-greedy 多臂老虎机模拟；奖励是确定性技能匹配，非真实用户反馈。
240,JOB_0237,神州信息,000555.SZ,软件工程师(J22248),5-8,44,,0.0,0.0,0,金融数据与AI应用学习者（模拟画像）,每个候选岗位在职位名称+技能要求中命中的模拟画像技能数 / 8；不使用真实点击、投递或录用反馈。,epsilon-greedy 多臂老虎机模拟；奖励是确定性技能匹配，非真实用户反馈。
241,JOB_0238,神州信息,000555.SZ,软件工程师(J22215),5-8,45,,0.0,0.0,3,金融数据与AI应用学习者（模拟画像）,每个候选岗位在职位名称+技能要求中命中的模拟画像技能数 / 8；不使用真实点击、投递或录用反馈。,epsilon-greedy 多臂老虎机模拟；奖励是确定性技能匹配，非真实用户反馈。
242,JOB_0245,长亮科技,300348.SZ,销售经理,5-8,52,,0.0,0.0,2,金融数据与AI应用学习者（模拟画像）,每个候选岗位在职位名称+技能要求中命中的模拟画像技能数 / 8；不使用真实点击、投递或录用反馈。,epsilon-greedy 多臂老虎机模拟；奖励是确定性技能匹配，非真实用户反馈。
