episode,simulated_reward,rolling_mean_reward_200
1,0.25,0.25
2,0.25,0.25
3,0.25,0.25
4,0.0,0.1875
5,0.25,0.2
6,0.0,0.16666666666666666
7,0.0,0.14285714285714285
8,0.25,0.15625
9,0.25,0.16666666666666666
10,0.25,0.175
11,0.25,0.18181818181818182
12,0.25,0.1875
13,0.25,0.19230769230769232
14,0.25,0.19642857142857142
15,0.25,0.2
16,0.25,0.203125
17,0.25,0.20588235294117646
18,0.25,0.20833333333333334
19,0.25,0.21052631578947367
20,0.125,0.20625
21,0.0,0.19642857142857142
22,0.25,0.19886363636363635
23,0.125,0.1956521739130435
24,0.125,0.19270833333333334
25,0.25,0.195
26,0.125,0.19230769230769232
27,0.25,0.19444444444444445
28,0.0,0.1875
29,0.25,0.1896551724137931
30,0.25,0.19166666666666668
31,0.25,0.1935483870967742
32,0.125,0.19140625
33,0.25,0.19318181818181818
34,0.25,0.1948529411764706
35,0.25,0.19642857142857142
36,0.25,0.19791666666666666
37,0.0,0.19256756756756757
38,0.25,0.19407894736842105
39,0.0,0.1891025641025641
40,0.25,0.190625
41,0.25,0.19207317073170732
42,0.125,0.19047619047619047
43,0.125,0.18895348837209303
44,0.25,0.1903409090909091
45,0.25,0.19166666666666668
46,0.25,0.19293478260869565
47,0.25,0.19414893617021275
48,0.25,0.1953125
49,0.25,0.19642857142857142
50,0.25,0.1975
51,0.25,0.19852941176470587
52,0.25,0.19951923076923078
53,0.25,0.20047169811320756
54,0.25,0.2013888888888889
55,0.0,0.19772727272727272
56,0.0,0.19419642857142858
57,0.125,0.19298245614035087
58,0.0,0.1896551724137931
59,0.125,0.1885593220338983
60,0.25,0.18958333333333333
61,0.25,0.19057377049180327
62,0.0,0.1875
63,0.0,0.18452380952380953
64,0.25,0.185546875
65,0.375,0.18846153846153846
66,0.25,0.1893939393939394
67,0.0,0.1865671641791045
68,0.25,0.1875
69,0.25,0.18840579710144928
70,0.25,0.18928571428571428
71,0.0,0.18661971830985916
72,0.0,0.1840277777777778
73,0.25,0.18493150684931506
74,0.375,0.1875
75,0.25,0.18833333333333332
76,0.25,0.18914473684210525
77,0.25,0.18993506493506493
78,0.25,0.1907051282051282
79,0.25,0.19145569620253164
80,0.25,0.1921875
81,0.25,0.19290123456790123
82,0.25,0.19359756097560976
83,0.0,0.19126506024096385
84,0.25,0.19196428571428573
85,0.375,0.19411764705882353
86,0.125,0.1933139534883721
87,0.375,0.19540229885057472
88,0.25,0.19602272727272727
89,0.0,0.19382022471910113
90,0.25,0.19444444444444445
91,0.0,0.19230769230769232
92,0.25,0.19293478260869565
93,0.25,0.1935483870967742
94,0.25,0.19414893617021275
95,0.25,0.19473684210526315
96,0.25,0.1953125
97,0.25,0.1958762886597938
98,0.125,0.1951530612244898
99,0.25,0.19570707070707072
100,0.25,0.19625
101,0.25,0.1967821782178218
102,0.25,0.19730392156862744
103,0.25,0.19781553398058252
104,0.25,0.19831730769230768
105,0.125,0.1976190476190476
106,0.0,0.1957547169811321
107,0.0,0.1939252336448598
108,0.25,0.19444444444444445
109,0.25,0.19495412844036697
110,0.25,0.19545454545454546
111,0.25,0.19594594594594594
112,0.25,0.19642857142857142
113,0.0,0.19469026548672566
114,0.125,0.19407894736842105
115,0.25,0.19456521739130433
116,0.25,0.19504310344827586
117,0.25,0.1955128205128205
118,0.25,0.19597457627118645
119,0.0,0.19432773109243698
120,0.25,0.19479166666666667
121,0.25,0.1952479338842975
122,0.25,0.19569672131147542
123,0.25,0.19613821138211382
124,0.125,0.19556451612903225
125,0.25,0.196
126,0.25,0.19642857142857142
127,0.125,0.19586614173228348
128,0.25,0.1962890625
129,0.25,0.19670542635658914
130,0.25,0.1971153846153846
131,0.25,0.19751908396946566
132,0.25,0.19791666666666666
133,0.25,0.19830827067669174
134,0.25,0.19869402985074627
135,0.25,0.19907407407407407
136,0.0,0.19761029411764705
137,0.0,0.19616788321167883
138,0.25,0.19655797101449277
139,0.0,0.19514388489208634
140,0.25,0.19553571428571428
141,0.125,0.1950354609929078
142,0.25,0.1954225352112676
143,0.375,0.19667832167832167
144,0.25,0.1970486111111111
145,0.25,0.19741379310344828
146,0.125,0.1969178082191781
147,0.25,0.19727891156462585
148,0.0,0.19594594594594594
149,0.25,0.19630872483221476
150,0.25,0.19666666666666666
151,0.25,0.19701986754966888
152,0.0,0.19572368421052633
153,0.125,0.19526143790849673
154,0.25,0.1956168831168831
155,0.125,0.19516129032258064
156,0.25,0.1955128205128205
157,0.25,0.19585987261146498
158,0.25,0.1962025316455696
159,0.25,0.19654088050314467
160,0.375,0.19765625
161,0.25,0.19798136645962733
162,0.25,0.19830246913580246
163,0.25,0.19861963190184048
164,0.25,0.1989329268292683
165,0.25,0.19924242424242425
166,0.125,0.19879518072289157
167,0.25,0.19910179640718562
168,0.25,0.19940476190476192
169,0.25,0.1997041420118343
170,0.25,0.2
171,0.25,0.20029239766081872
172,0.625,0.20276162790697674
173,0.25,0.20303468208092484
174,0.0,0.20186781609195403
175,0.25,0.20214285714285715
176,0.25,0.20241477272727273
177,0.25,0.20268361581920905
178,0.125,0.20224719101123595
179,0.25,0.20251396648044692
180,0.25,0.20277777777777778
181,0.25,0.20303867403314918
182,0.125,0.2026098901098901
183,0.25,0.2028688524590164
184,0.0,0.20176630434782608
185,0.25,0.20202702702702702
186,0.25,0.20228494623655913
187,0.25,0.20254010695187166
188,0.25,0.20279255319148937
189,0.25,0.20304232804232805
190,0.25,0.20328947368421052
191,0.25,0.20353403141361257
192,0.0,0.20247395833333334
193,0.25,0.202720207253886
194,0.125,0.20231958762886598
195,0.25,0.20256410256410257
196,0.25,0.20280612244897958
197,0.375,0.2036802030456853
198,0.25,0.2039141414141414
199,0.25,0.2041457286432161
200,0.25,0.204375
201,0.25,0.204375
202,0.25,0.204375
203,0.0,0.203125
204,0.125,0.20375
205,0.25,0.20375
206,0.25,0.205
207,0.125,0.205625
208,0.25,0.205625
209,0.0,0.204375
210,0.0,0.203125
211,0.625,0.205
212,0.25,0.205
213,0.25,0.205
214,0.25,0.205
215,0.25,0.205
216,0.25,0.205
217,0.25,0.205
218,0.125,0.204375
219,0.25,0.204375
220,0.125,0.204375
221,0.125,0.205
222,0.0,0.20375
223,0.25,0.204375
224,0.25,0.205
225,0.0,0.20375
226,0.125,0.20375
227,0.25,0.20375
228,0.125,0.204375
229,0.25,0.204375
230,0.25,0.204375
231,0.25,0.204375
232,0.25,0.205
233,0.25,0.205
234,0.25,0.205
235,0.125,0.204375
236,0.0,0.203125
237,0.25,0.204375
238,0.25,0.204375
239,0.25,0.205625
240,0.25,0.205625
241,0.25,0.205625
242,0.25,0.20625
243,0.25,0.206875
244,0.25,0.206875
245,0.0,0.205625
246,0.25,0.205625
247,0.25,0.205625
248,0.25,0.205625
249,0.25,0.205625
250,0.25,0.205625
251,0.375,0.20625
252,0.25,0.20625
253,0.25,0.20625
254,0.25,0.20625
255,0.0,0.20625
256,0.125,0.206875
257,0.0,0.20625
258,0.125,0.206875
259,0.125,0.206875
260,0.25,0.206875
261,0.25,0.206875
262,0.375,0.20875
263,0.0,0.20875
264,0.0,0.2075
265,0.25,0.206875
266,0.125,0.20625
267,0.0,0.20625
268,0.25,0.20625
269,0.0,0.205
270,0.25,0.205
271,0.25,0.20625
272,0.375,0.208125
273,0.25,0.208125
274,0.25,0.2075
275,0.25,0.2075
276,0.25,0.2075
277,0.25,0.2075
278,0.125,0.206875
279,0.25,0.206875
280,0.25,0.206875
281,0.25,0.206875
282,0.25,0.206875
283,0.25,0.208125
284,0.25,0.208125
285,0.25,0.2075
286,0.375,0.20875
287,0.25,0.208125
288,0.25,0.208125
289,0.25,0.209375
290,0.25,0.209375
291,0.125,0.21
292,0.25,0.21
293,0.125,0.209375
294,0.25,0.209375
295,0.25,0.209375
296,0.25,0.209375
297,0.25,0.209375
298,0.25,0.21
299,0.25,0.21
300,0.25,0.21
301,0.25,0.21
302,0.125,0.209375
303,0.125,0.20875
304,0.125,0.208125
305,0.25,0.20875
306,0.25,0.21
307,0.25,0.21125
308,0.0,0.21
309,0.25,0.21
310,0.25,0.21
311,0.25,0.21
312,0.25,0.21
313,0.0,0.21
314,0.375,0.21125
315,0.25,0.21125
316,0.25,0.21125
317,0.25,0.21125
318,0.25,0.21125
319,0.25,0.2125
320,0.25,0.2125
321,0.25,0.2125
322,0.25,0.2125
323,0.0,0.21125
324,0.25,0.211875
325,0.25,0.211875
326,0.25,0.211875
327,0.0,0.21125
328,0.25,0.21125
329,0.25,0.21125
330,0.25,0.21125
331,0.25,0.21125
332,0.25,0.21125
333,0.25,0.21125
334,0.125,0.210625
335,0.25,0.210625
336,0.125,0.21125
337,0.25,0.2125
338,0.25,0.2125
339,0.375,0.214375
340,0.0,0.213125
341,0.25,0.21375
342,0.25,0.21375
343,0.25,0.213125
344,0.25,0.213125
345,0.125,0.2125
346,0.125,0.2125
347,0.25,0.2125
348,0.25,0.21375
349,0.25,0.21375
350,0.25,0.21375
351,0.125,0.213125
352,0.125,0.21375
353,0.25,0.214375
354,0.0,0.213125
355,0.25,0.21375
356,0.25,0.21375
357,0.25,0.21375
358,0.25,0.21375
359,0.25,0.21375
360,0.25,0.213125
361,0.0,0.211875
362,0.25,0.211875
363,0.25,0.211875
364,0.25,0.211875
365,0.0,0.210625
366,0.25,0.21125
367,0.25,0.21125
368,0.25,0.21125
369,0.25,0.21125
370,0.25,0.21125
371,0.375,0.211875
372,0.25,0.21
373,0.25,0.21
374,0.25,0.21125
375,0.0,0.21
376,0.25,0.21
377,0.25,0.21
378,0.25,0.210625
379,0.25,0.210625
380,0.25,0.210625
381,0.25,0.210625
382,0.0,0.21
383,0.125,0.209375
384,0.0,0.209375
385,0.25,0.209375
386,0.25,0.209375
387,0.25,0.209375
388,0.25,0.209375
389,0.25,0.209375
390,0.25,0.209375
391,0.25,0.209375
392,0.25,0.210625
393,0.375,0.21125
394,0.25,0.211875
395,0.25,0.211875
396,0.25,0.211875
397,0.25,0.21125
398,0.25,0.21125
399,0.125,0.210625
400,0.25,0.210625
401,0.0,0.209375
402,0.0,0.208125
403,0.25,0.209375
404,0.125,0.209375
405,0.125,0.20875
406,0.125,0.208125
407,0.25,0.20875
408,0.25,0.20875
409,0.25,0.21
410,0.125,0.210625
411,0.25,0.20875
412,0.0,0.2075
413,0.0,0.20625
414,0.25,0.20625
415,0.25,0.20625
416,0.25,0.20625
417,0.25,0.20625
418,0.0,0.205625
419,0.125,0.205
420,0.0,0.204375
421,0.125,0.204375
422,0.25,0.205625
423,0.25,0.205625
424,0.25,0.205625
425,0.25,0.206875
426,0.25,0.2075
427,0.25,0.2075
428,0.25,0.208125
429,0.25,0.208125
430,0.0,0.206875
431,0.25,0.206875
432,0.125,0.20625
433,0.125,0.205625
434,0.25,0.205625
435,0.0,0.205
436,0.375,0.206875
437,0.25,0.206875
438,0.25,0.206875
439,0.25,0.206875
440,0.25,0.206875
441,0.0,0.205625
442,0.0,0.204375
443,0.25,0.204375
444,0.25,0.204375
445,0.25,0.205625
446,0.25,0.205625
447,0.25,0.205625
448,0.25,0.205625
449,0.0,0.204375
450,0.0,0.203125
451,0.25,0.2025
452,0.25,0.2025
453,0.125,0.201875
454,0.25,0.201875
455,0.25,0.203125
456,0.25,0.20375
457,0.25,0.205
458,0.25,0.205625
459,0.25,0.20625
460,0.25,0.20625
461,0.0,0.205
462,0.25,0.204375
463,0.125,0.205
464,0.25,0.20625
465,0.25,0.20625
466,0.125,0.20625
467,0.25,0.2075
468,0.125,0.206875
469,0.25,0.208125
470,0.25,0.208125
471,0.25,0.208125
472,0.25,0.2075
473,0.25,0.2075
474,0.25,0.2075
475,0.25,0.2075
476,0.25,0.2075
477,0.125,0.206875
478,0.25,0.2075
479,0.25,0.2075
480,0.125,0.206875
481,0.125,0.20625
482,0.25,0.20625
483,0.25,0.20625
484,0.25,0.20625
485,0.25,0.20625
486,0.25,0.205625
487,0.25,0.205625
488,0.25,0.205625
489,0.25,0.205625
490,0.25,0.205625
491,0.125,0.205625
492,0.25,0.205625
493,0.25,0.20625
494,0.25,0.20625
495,0.0,0.205
496,0.25,0.205
497,0.25,0.205
498,0.125,0.204375
499,0.125,0.20375
500,0.25,0.20375
501,0.25,0.20375
502,0.25,0.204375
503,0.125,0.204375
504,0.25,0.205
505,0.25,0.205
506,0.25,0.205
507,0.25,0.205
508,0.25,0.20625
509,0.25,0.20625
510,0.25,0.20625
511,0.25,0.20625
512,0.0,0.205
513,0.25,0.20625
514,0.25,0.205625
515,0.125,0.205
516,0.125,0.204375
517,0.25,0.204375
518,0.25,0.204375
519,0.25,0.204375
520,0.25,0.204375
521,0.125,0.20375
522,0.25,0.20375
523,0.25,0.205
524,0.125,0.204375
525,0.25,0.204375
526,0.25,0.204375
527,0.375,0.20625
528,0.25,0.20625
529,0.25,0.20625
530,0.25,0.20625
531,0.125,0.205625
532,0.125,0.205
533,0.25,0.205
534,0.25,0.205625
535,0.25,0.205625
536,0.125,0.205625
537,0.0,0.204375
538,0.375,0.205
539,0.25,0.204375
540,0.25,0.205625
541,0.25,0.205625
542,0.5,0.206875
543,0.25,0.206875
544,0.25,0.206875
545,0.125,0.206875
546,0.25,0.2075
547,0.25,0.2075
548,0.0,0.20625
549,0.25,0.20625
550,0.25,0.20625
551,0.25,0.206875
552,0.25,0.2075
553,0.25,0.2075
554,0.25,0.20875
555,0.25,0.20875
556,0.25,0.20875
557,0.25,0.20875
558,0.375,0.209375
559,0.25,0.209375
560,0.25,0.209375
561,0.25,0.210625
562,0.0,0.209375
563,0.25,0.209375
564,0.25,0.209375
565,0.0,0.209375
566,0.25,0.209375
567,0.625,0.21125
568,0.625,0.213125
569,0.0,0.211875
570,0.625,0.21375
571,0.625,0.215
572,0.25,0.215
573,0.625,0.216875
574,0.625,0.21875
575,0.625,0.221875
576,0.625,0.22375
577,0.625,0.225625
578,0.625,0.2275
579,0.625,0.229375
580,0.625,0.23125
581,0.0,0.23
582,0.625,0.233125
583,0.625,0.235625
584,0.625,0.23875
585,0.0,0.2375
586,0.625,0.239375
587,0.625,0.24125
588,0.625,0.243125
589,0.625,0.245
590,0.125,0.244375
591,0.625,0.24625
592,0.625,0.248125
593,0.625,0.249375
594,0.625,0.25125
595,0.125,0.250625
596,0.625,0.2525
597,0.625,0.254375
598,0.625,0.25625
599,0.125,0.25625
600,0.625,0.258125
601,0.625,0.26125
602,0.125,0.261875
603,0.25,0.261875
604,0.625,0.264375
605,0.625,0.266875
606,0.125,0.266875
607,0.125,0.26625
608,0.625,0.268125
609,0.0,0.266875
610,0.625,0.269375
611,0.625,0.27125
612,0.625,0.274375
613,0.25,0.275625
614,0.125,0.275
615,0.625,0.276875
616,0.625,0.27875
617,0.625,0.280625
618,0.625,0.28375
619,0.625,0.28625
620,0.0,0.28625
621,0.625,0.28875
622,0.0,0.2875
623,0.625,0.289375
624,0.625,0.29125
625,0.125,0.290625
626,0.125,0.29
627,0.0,0.28875
628,0.625,0.290625
629,0.625,0.2925
630,0.0,0.2925
631,0.625,0.294375
632,0.625,0.296875
633,0.0,0.29625
634,0.625,0.298125
635,0.625,0.30125
636,0.625,0.3025
637,0.625,0.304375
638,0.125,0.30375
639,0.0,0.3025
640,0.0,0.30125
641,0.375,0.303125
642,0.625,0.30625
643,0.625,0.308125
644,0.125,0.3075
645,0.125,0.306875
646,0.625,0.30875
647,0.625,0.310625
648,0.625,0.3125
649,0.625,0.315625
650,0.0,0.315625
651,0.625,0.3175
652,0.625,0.319375
653,0.625,0.321875
654,0.625,0.32375
655,0.125,0.323125
656,0.625,0.325
657,0.625,0.326875
658,0.625,0.32875
659,0.625,0.330625
660,0.625,0.3325
661,0.625,0.335625
662,0.625,0.3375
663,0.625,0.34
664,0.25,0.34
665,0.0,0.33875
666,0.125,0.33875
667,0.625,0.340625
668,0.625,0.343125
669,0.625,0.345
670,0.625,0.346875
671,0.125,0.34625
672,0.625,0.348125
673,0.625,0.35
674,0.625,0.351875
675,0.625,0.35375
676,0.625,0.355625
677,0.125,0.355625
678,0.5,0.356875
679,0.625,0.35875
680,0.625,0.36125
681,0.625,0.36375
682,0.625,0.365625
683,0.625,0.3675
684,0.625,0.369375
685,0.625,0.37125
686,0.625,0.373125
687,0.625,0.375
688,0.0,0.37375
689,0.625,0.375625
690,0.125,0.375
691,0.625,0.3775
692,0.625,0.379375
693,0.625,0.38125
694,0.625,0.383125
695,0.625,0.38625
696,0.25,0.38625
697,0.625,0.388125
698,0.0,0.3875
699,0.625,0.39
700,0.625,0.391875
701,0.0,0.390625
702,0.25,0.390625
703,0.625,0.393125
704,0.625,0.395
705,0.125,0.394375
706,0.25,0.394375
707,0.625,0.39625
708,0.625,0.398125
709,0.0,0.396875
710,0.625,0.39875
711,0.375,0.399375
712,0.625,0.4025
713,0.625,0.404375
714,0.125,0.40375
715,0.625,0.40625
716,0.625,0.40875
717,0.5,0.41
718,0.0,0.40875
719,0.0,0.4075
720,0.0,0.40625
721,0.625,0.40875
722,0.0,0.4075
723,0.625,0.409375
724,0.625,0.411875
725,0.625,0.41375
726,0.0,0.4125
727,0.625,0.41375
728,0.125,0.413125
729,0.625,0.415
730,0.25,0.415
731,0.125,0.415
732,0.625,0.4175
733,0.625,0.419375
734,0.25,0.419375
735,0.625,0.42125
736,0.375,0.4225
737,0.625,0.425625
738,0.625,0.426875
739,0.125,0.42625
740,0.625,0.428125
741,0.125,0.4275
742,0.625,0.428125
743,0.625,0.43
744,0.625,0.431875
745,0.625,0.434375
746,0.625,0.43625
747,0.0,0.435
748,0.125,0.435625
749,0.625,0.4375
750,0.625,0.439375
751,0.625,0.44125
752,0.625,0.443125
753,0.625,0.445
754,0.625,0.446875
755,0.625,0.44875
756,0.625,0.450625
757,0.625,0.4525
758,0.625,0.45375
759,0.625,0.455625
760,0.625,0.4575
761,0.625,0.459375
762,0.0,0.459375
763,0.625,0.46125
764,0.625,0.463125
765,0.0,0.463125
766,0.125,0.4625
767,0.125,0.46
768,0.625,0.46
769,0.625,0.463125
770,0.625,0.463125
771,0.25,0.46125
772,0.0,0.46
773,0.625,0.46
774,0.375,0.45875
775,0.625,0.45875
776,0.125,0.45625
777,0.625,0.45625
778,0.625,0.45625
779,0.625,0.45625
780,0.25,0.454375
781,0.625,0.4575
782,0.0,0.454375
783,0.375,0.453125
784,0.0,0.45
785,0.625,0.453125
786,0.625,0.453125
787,0.625,0.453125
788,0.0,0.45
789,0.625,0.45
790,0.625,0.4525
791,0.375,0.45125
792,0.625,0.45125
793,0.625,0.45125
794,0.625,0.45125
795,0.625,0.45375
796,0.625,0.45375
797,0.625,0.45375
798,0.25,0.451875
799,0.625,0.454375
800,0.625,0.454375
801,0.625,0.454375
802,0.625,0.456875
803,0.625,0.45875
804,0.625,0.45875
805,0.125,0.45625
806,0.625,0.45875
807,0.625,0.46125
808,0.625,0.46125
809,0.625,0.464375
810,0.625,0.464375
811,0.0,0.46125
812,0.5,0.460625
813,0.625,0.4625
814,0.125,0.4625
815,0.375,0.46125
816,0.125,0.45875
817,0.625,0.45875
818,0.125,0.45625
819,0.625,0.45625
820,0.625,0.459375
821,0.625,0.459375
822,0.125,0.46
823,0.625,0.46
824,0.0,0.456875
825,0.625,0.459375
826,0.625,0.461875
827,0.625,0.465
828,0.25,0.463125
829,0.625,0.463125
830,0.625,0.46625
831,0.625,0.46625
832,0.625,0.46625
833,0.625,0.469375
834,0.0,0.46625
835,0.625,0.46625
836,0.0,0.463125
837,0.625,0.463125
838,0.625,0.465625
839,0.625,0.46875
840,0.625,0.471875
841,0.625,0.473125
842,0.625,0.473125
843,0.625,0.473125
844,0.625,0.475625
845,0.625,0.478125
846,0.125,0.475625
847,0.625,0.475625
848,0.625,0.475625
849,0.125,0.473125
850,0.625,0.47625
851,0.0,0.473125
852,0.625,0.473125
853,0.625,0.473125
854,0.625,0.473125
855,0.625,0.475625
856,0.625,0.475625
857,0.625,0.475625
858,0.625,0.475625
859,0.625,0.475625
860,0.625,0.475625
861,0.625,0.475625
862,0.125,0.473125
863,0.625,0.473125
864,0.625,0.475
865,0.25,0.47625
866,0.375,0.4775
867,0.625,0.4775
868,0.125,0.475
869,0.625,0.475
870,0.25,0.473125
871,0.125,0.473125
872,0.625,0.473125
873,0.125,0.470625
874,0.625,0.470625
875,0.625,0.470625
876,0.625,0.470625
877,0.625,0.473125
878,0.625,0.47375
879,0.625,0.47375
880,0.125,0.47125
881,0.625,0.47125
882,0.25,0.469375
883,0.625,0.469375
884,0.625,0.469375
885,0.625,0.469375
886,0.625,0.469375
887,0.625,0.469375
888,0.625,0.4725
889,0.375,0.47125
890,0.125,0.47125
891,0.625,0.47125
892,0.625,0.47125
893,0.25,0.469375
894,0.625,0.469375
895,0.625,0.469375
896,0.625,0.47125
897,0.125,0.46875
898,0.125,0.469375
899,0.125,0.466875
900,0.625,0.466875
901,0.625,0.47
902,0.625,0.471875
903,0.625,0.471875
904,0.625,0.471875
905,0.5,0.47375
906,0.625,0.475625
907,0.625,0.475625
908,0.625,0.475625
909,0.625,0.47875
910,0.125,0.47625
911,0.625,0.4775
912,0.625,0.4775
913,0.125,0.475
914,0.625,0.4775
915,0.625,0.4775
916,0.625,0.4775
917,0.125,0.475625
918,0.625,0.47875
919,0.625,0.481875
920,0.125,0.4825
921,0.625,0.4825
922,0.0,0.4825
923,0.625,0.4825
924,0.625,0.4825
925,0.625,0.4825
926,0.625,0.485625
927,0.375,0.484375
928,0.625,0.486875
929,0.625,0.486875
930,0.625,0.48875
931,0.625,0.49125
932,0.125,0.48875
933,0.625,0.48875
934,0.25,0.48875
935,0.0,0.485625
936,0.625,0.486875
937,0.625,0.486875
938,0.375,0.485625
939,0.0,0.485
940,0.625,0.485
941,0.0,0.484375
942,0.25,0.4825
943,0.375,0.48125
944,0.125,0.47875
945,0.625,0.47875
946,0.0,0.475625
947,0.25,0.476875
948,0.625,0.479375
949,0.625,0.479375
950,0.625,0.479375
951,0.625,0.479375
952,0.625,0.479375
953,0.625,0.479375
954,0.625,0.479375
955,0.625,0.479375
956,0.625,0.479375
957,0.0,0.47625
958,0.375,0.475
959,0.625,0.475
960,0.625,0.475
961,0.625,0.475
962,0.5,0.4775
963,0.125,0.475
964,0.25,0.473125
965,0.625,0.47625
966,0.625,0.47875
967,0.625,0.48125
968,0.625,0.48125
969,0.625,0.48125
970,0.625,0.48125
971,0.0,0.48
972,0.625,0.483125
973,0.625,0.483125
974,0.625,0.484375
975,0.625,0.484375
976,0.625,0.486875
977,0.125,0.484375
978,0.125,0.481875
979,0.625,0.481875
980,0.625,0.48375
981,0.625,0.48375
982,0.0,0.48375
983,0.625,0.485
984,0.625,0.488125
985,0.625,0.488125
986,0.625,0.488125
987,0.125,0.485625
988,0.0,0.485625
989,0.25,0.48375
990,0.625,0.48375
991,0.125,0.4825
992,0.625,0.4825
993,0.625,0.4825
994,0.625,0.4825
995,0.625,0.4825
996,0.625,0.4825
997,0.625,0.4825
998,0.625,0.484375
999,0.125,0.481875
1000,0.25,0.48
1001,0.625,0.48
1002,0.625,0.48
1003,0.0,0.476875
1004,0.625,0.476875
1005,0.625,0.479375
1006,0.625,0.479375
1007,0.625,0.479375
1008,0.625,0.479375
1009,0.625,0.479375
1010,0.625,0.479375
1011,0.625,0.4825
1012,0.625,0.483125
1013,0.625,0.483125
1014,0.625,0.485625
1015,0.625,0.486875
1016,0.625,0.489375
1017,0.25,0.4875
1018,0.0,0.486875
1019,0.625,0.486875
1020,0.375,0.485625
1021,0.625,0.485625
1022,0.625,0.488125
1023,0.625,0.488125
1024,0.25,0.489375
1025,0.125,0.486875
1026,0.125,0.484375
1027,0.625,0.484375
1028,0.625,0.48625
1029,0.625,0.48625
1030,0.125,0.48375
1031,0.0,0.480625
1032,0.0,0.4775
1033,0.0,0.474375
1034,0.625,0.4775
1035,0.625,0.4775
1036,0.625,0.480625
1037,0.125,0.478125
1038,0.625,0.478125
1039,0.625,0.478125
1040,0.0,0.475
1041,0.625,0.475
1042,0.625,0.475
1043,0.625,0.475
1044,0.625,0.475
1045,0.625,0.475
1046,0.625,0.4775
1047,0.5,0.476875
1048,0.625,0.476875
1049,0.125,0.476875
1050,0.625,0.476875
1051,0.625,0.48
1052,0.625,0.48
1053,0.625,0.48
1054,0.125,0.4775
1055,0.625,0.4775
1056,0.625,0.4775
1057,0.625,0.4775
1058,0.625,0.4775
1059,0.625,0.4775
1060,0.25,0.475625
1061,0.625,0.475625
1062,0.125,0.475625
1063,0.625,0.475625
1064,0.625,0.475625
1065,0.625,0.4775
1066,0.625,0.47875
1067,0.625,0.47875
1068,0.625,0.48125
1069,0.625,0.48125
1070,0.625,0.483125
1071,0.625,0.485625
1072,0.625,0.485625
1073,0.625,0.488125
1074,0.625,0.488125
1075,0.625,0.488125
1076,0.0,0.485
1077,0.125,0.4825
1078,0.625,0.4825
1079,0.625,0.4825
1080,0.625,0.485
1081,0.625,0.485
1082,0.625,0.486875
1083,0.625,0.486875
1084,0.625,0.486875
1085,0.125,0.484375
1086,0.625,0.484375
1087,0.625,0.484375
1088,0.625,0.484375
1089,0.5,0.485
1090,0.0,0.484375
1091,0.625,0.484375
1092,0.625,0.484375
1093,0.0,0.483125
1094,0.625,0.483125
1095,0.625,0.483125
1096,0.625,0.483125
1097,0.625,0.485625
1098,0.625,0.488125
1099,0.0,0.4875
1100,0.625,0.4875
1101,0.625,0.4875
1102,0.625,0.4875
1103,0.625,0.4875
1104,0.625,0.4875
1105,0.625,0.488125
1106,0.625,0.488125
1107,0.125,0.485625
1108,0.625,0.485625
1109,0.625,0.485625
1110,0.625,0.488125
1111,0.25,0.48625
1112,0.625,0.48625
1113,0.125,0.48625
1114,0.25,0.484375
1115,0.125,0.481875
1116,0.625,0.481875
1117,0.0,0.48125
1118,0.625,0.48125
1119,0.0,0.478125
1120,0.125,0.478125
1121,0.625,0.478125
1122,0.625,0.48125
1123,0.25,0.479375
1124,0.625,0.479375
1125,0.625,0.479375
1126,0.125,0.476875
1127,0.625,0.478125
1128,0.625,0.478125
1129,0.0,0.475
1130,0.625,0.475
1131,0.625,0.475
1132,0.375,0.47625
1133,0.625,0.47625
1134,0.25,0.47625
1135,0.625,0.479375
1136,0.125,0.476875
1137,0.125,0.474375
1138,0.625,0.475625
1139,0.375,0.4775
1140,0.25,0.475625
1141,0.125,0.47625
1142,0.625,0.478125
1143,0.625,0.479375
1144,0.0,0.47875
1145,0.625,0.47875
1146,0.625,0.481875
1147,0.25,0.481875
1148,0.625,0.481875
1149,0.625,0.481875
1150,0.625,0.481875
1151,0.0,0.47875
1152,0.625,0.47875
1153,0.125,0.47625
1154,0.625,0.47625
1155,0.0,0.473125
1156,0.0,0.47
1157,0.625,0.473125
1158,0.125,0.471875
1159,0.625,0.471875
1160,0.625,0.471875
1161,0.625,0.471875
1162,0.0,0.469375
1163,0.625,0.471875
1164,0.0,0.470625
1165,0.625,0.470625
1166,0.625,0.470625
1167,0.625,0.470625
1168,0.625,0.470625
1169,0.625,0.470625
1170,0.0,0.4675
1171,0.0,0.4675
1172,0.625,0.4675
1173,0.625,0.4675
1174,0.125,0.465
1175,0.625,0.465
1176,0.25,0.463125
1177,0.625,0.465625
1178,0.625,0.468125
1179,0.625,0.468125
1180,0.125,0.465625
1181,0.625,0.465625
1182,0.25,0.466875
1183,0.625,0.466875
1184,0.625,0.466875
1185,0.625,0.466875
1186,0.0,0.46375
1187,0.125,0.46375
1188,0.0,0.46375
1189,0.0,0.4625
1190,0.625,0.4625
1191,0.125,0.4625
1192,0.625,0.4625
1193,0.625,0.4625
1194,0.625,0.4625
1195,0.625,0.4625
1196,0.625,0.4625
1197,0.625,0.4625
1198,0.625,0.4625
1199,0.625,0.465
1200,0.625,0.466875
1201,0.125,0.464375
1202,0.625,0.464375
1203,0.625,0.4675
1204,0.625,0.4675
1205,0.625,0.4675
1206,0.625,0.4675
1207,0.625,0.4675
1208,0.625,0.4675
1209,0.625,0.4675
1210,0.625,0.4675
1211,0.625,0.4675
1212,0.625,0.4675
1213,0.625,0.4675
1214,0.625,0.4675
1215,0.625,0.4675
1216,0.25,0.465625
1217,0.625,0.4675
1218,0.625,0.470625
1219,0.625,0.470625
1220,0.625,0.471875
1221,0.625,0.471875
1222,0.625,0.471875
1223,0.0,0.46875
1224,0.625,0.470625
1225,0.625,0.473125
1226,0.25,0.47375
1227,0.625,0.47375
1228,0.625,0.47375
1229,0.625,0.47375
1230,0.625,0.47625
1231,0.25,0.4775
1232,0.375,0.479375
1233,0.625,0.4825
1234,0.125,0.48
1235,0.625,0.48
1236,0.625,0.48
1237,0.125,0.48
1238,0.625,0.48
1239,0.625,0.48
1240,0.625,0.483125
1241,0.625,0.483125
1242,0.625,0.483125
1243,0.0,0.48
1244,0.125,0.4775
1245,0.625,0.4775
1246,0.625,0.4775
1247,0.625,0.478125
1248,0.0,0.475
1249,0.0,0.474375
1250,0.625,0.474375
1251,0.0,0.47125
1252,0.625,0.47125
1253,0.0,0.468125
1254,0.625,0.470625
1255,0.625,0.470625
1256,0.625,0.470625
1257,0.625,0.470625
1258,0.625,0.470625
1259,0.25,0.46875
1260,0.625,0.470625
1261,0.25,0.46875
1262,0.625,0.47125
1263,0.625,0.47125
1264,0.625,0.47125
1265,0.625,0.47125
1266,0.625,0.47125
1267,0.625,0.47125
1268,0.625,0.47125
1269,0.0,0.468125
1270,0.0,0.465
1271,0.125,0.4625
1272,0.0,0.459375
1273,0.625,0.459375
1274,0.625,0.459375
1275,0.625,0.459375
1276,0.125,0.46
1277,0.625,0.4625
1278,0.625,0.4625
1279,0.625,0.4625
1280,0.625,0.4625
1281,0.625,0.4625
1282,0.625,0.4625
1283,0.625,0.4625
1284,0.625,0.4625
1285,0.125,0.4625
1286,0.625,0.4625
1287,0.0,0.459375
1288,0.625,0.459375
1289,0.625,0.46
1290,0.625,0.463125
1291,0.625,0.463125
1292,0.625,0.463125
1293,0.625,0.46625
1294,0.625,0.46625
1295,0.625,0.46625
1296,0.0,0.463125
1297,0.625,0.463125
1298,0.625,0.463125
1299,0.625,0.46625
1300,0.625,0.46625
1301,0.0,0.463125
1302,0.625,0.463125
1303,0.625,0.463125
1304,0.625,0.463125
1305,0.625,0.463125
1306,0.625,0.463125
1307,0.625,0.465625
1308,0.625,0.465625
1309,0.625,0.465625
1310,0.625,0.465625
1311,0.625,0.4675
1312,0.625,0.4675
1313,0.625,0.47
1314,0.25,0.47
1315,0.625,0.4725
1316,0.0,0.469375
1317,0.625,0.4725
1318,0.125,0.47
1319,0.625,0.473125
1320,0.5,0.475
1321,0.625,0.475
1322,0.125,0.4725
1323,0.625,0.474375
1324,0.625,0.474375
1325,0.625,0.474375
1326,0.25,0.475
1327,0.625,0.475
1328,0.625,0.475
1329,0.625,0.478125
1330,0.625,0.478125
1331,0.625,0.478125
1332,0.125,0.476875
1333,0.625,0.476875
1334,0.125,0.47625
1335,0.625,0.47625
1336,0.125,0.47625
1337,0.0,0.475625
1338,0.625,0.475625
1339,0.625,0.476875
1340,0.0,0.475625
1341,0.625,0.478125
1342,0.25,0.47625
1343,0.0,0.473125
1344,0.625,0.47625
1345,0.625,0.47625
1346,0.625,0.47625
1347,0.625,0.478125
1348,0.0,0.475
1349,0.625,0.475
1350,0.625,0.475
1351,0.625,0.478125
1352,0.625,0.478125
1353,0.125,0.478125
1354,0.625,0.478125
1355,0.625,0.48125
1356,0.625,0.484375
1357,0.625,0.484375
1358,0.625,0.486875
1359,0.625,0.486875
1360,0.0,0.48375
1361,0.625,0.48375
1362,0.625,0.486875
1363,0.625,0.486875
1364,0.625,0.49
1365,0.625,0.49
1366,0.625,0.49
1367,0.625,0.49
1368,0.625,0.49
1369,0.625,0.49
1370,0.625,0.493125
1371,0.625,0.49625
1372,0.0,0.493125
1373,0.625,0.493125
1374,0.625,0.495625
1375,0.0,0.4925
1376,0.625,0.494375
1377,0.625,0.494375
1378,0.625,0.494375
1379,0.25,0.4925
1380,0.625,0.495
1381,0.625,0.495
1382,0.625,0.496875
1383,0.625,0.496875
1384,0.625,0.496875
1385,0.625,0.496875
1386,0.625,0.5
1387,0.0,0.499375
1388,0.625,0.5025
1389,0.0,0.5025
1390,0.0,0.499375
1391,0.625,0.501875
1392,0.625,0.501875
1393,0.125,0.499375
1394,0.625,0.499375
1395,0.25,0.4975
1396,0.625,0.4975
1397,0.0,0.494375
1398,0.625,0.494375
1399,0.625,0.494375
1400,0.625,0.494375
1401,0.625,0.496875
1402,0.625,0.496875
1403,0.625,0.496875
1404,0.625,0.496875
1405,0.625,0.496875
1406,0.625,0.496875
1407,0.625,0.496875
1408,0.625,0.496875
1409,0.625,0.496875
1410,0.0,0.49375
1411,0.625,0.49375
1412,0.625,0.49375
1413,0.625,0.49375
1414,0.125,0.49125
1415,0.625,0.49125
1416,0.625,0.493125
1417,0.625,0.493125
1418,0.0,0.49
1419,0.625,0.49
1420,0.625,0.49
1421,0.625,0.49
1422,0.625,0.49
1423,0.625,0.493125
1424,0.625,0.493125
1425,0.625,0.493125
1426,0.625,0.495
1427,0.625,0.495
1428,0.125,0.4925
1429,0.625,0.4925
1430,0.625,0.4925
1431,0.625,0.494375
1432,0.625,0.495625
1433,0.625,0.495625
1434,0.625,0.498125
1435,0.625,0.498125
1436,0.5,0.4975
1437,0.125,0.4975
1438,0.625,0.4975
1439,0.625,0.4975
1440,0.625,0.4975
1441,0.625,0.4975
1442,0.625,0.4975
1443,0.0,0.4975
1444,0.625,0.5
1445,0.625,0.5
1446,0.625,0.5
1447,0.625,0.5
1448,0.625,0.503125
1449,0.125,0.50375
1450,0.125,0.50125
1451,0.125,0.501875
1452,0.0,0.49875
1453,0.625,0.501875
1454,0.625,0.501875
1455,0.0,0.49875
1456,0.625,0.49875
1457,0.625,0.49875
1458,0.625,0.49875
1459,0.625,0.500625
1460,0.625,0.500625
1461,0.625,0.5025
1462,0.0,0.499375
1463,0.625,0.499375
1464,0.625,0.499375
1465,0.625,0.499375
1466,0.625,0.499375
1467,0.625,0.499375
1468,0.625,0.499375
1469,0.125,0.5
1470,0.625,0.503125
1471,0.125,0.503125
1472,0.125,0.50375
1473,0.625,0.50375
1474,0.125,0.50125
1475,0.625,0.50125
1476,0.125,0.50125
1477,0.625,0.50125
1478,0.0,0.498125
1479,0.625,0.498125
1480,0.625,0.498125
1481,0.625,0.498125
1482,0.625,0.498125
1483,0.625,0.498125
1484,0.625,0.498125
1485,0.625,0.500625
1486,0.625,0.500625
1487,0.5,0.503125
1488,0.0,0.5
1489,0.625,0.5
1490,0.625,0.5
1491,0.625,0.5
1492,0.625,0.5
1493,0.125,0.4975
1494,0.125,0.495
1495,0.125,0.4925
1496,0.625,0.495625
1497,0.625,0.495625
1498,0.625,0.495625
1499,0.25,0.49375
1500,0.125,0.49125
1501,0.625,0.494375
1502,0.125,0.491875
1503,0.0,0.48875
1504,0.625,0.48875
1505,0.625,0.48875
1506,0.625,0.48875
1507,0.375,0.4875
1508,0.625,0.4875
1509,0.625,0.4875
1510,0.625,0.4875
1511,0.625,0.4875
1512,0.0,0.484375
1513,0.625,0.484375
1514,0.0,0.483125
1515,0.625,0.483125
1516,0.625,0.48625
1517,0.0,0.483125
1518,0.625,0.485625
1519,0.625,0.485625
1520,0.125,0.48375
1521,0.625,0.48375
1522,0.625,0.48625
1523,0.625,0.48625
1524,0.625,0.48625
1525,0.625,0.48625
1526,0.625,0.488125
1527,0.625,0.488125
1528,0.625,0.488125
1529,0.625,0.488125
1530,0.25,0.48625
1531,0.625,0.48625
1532,0.625,0.48875
1533,0.625,0.48875
1534,0.0,0.488125
1535,0.0,0.485
1536,0.625,0.4875
1537,0.625,0.490625
1538,0.625,0.490625
1539,0.625,0.490625
1540,0.625,0.49375
1541,0.125,0.49125
1542,0.625,0.493125
1543,0.625,0.49625
1544,0.625,0.49625
1545,0.625,0.49625
1546,0.625,0.49625
1547,0.25,0.494375
1548,0.625,0.4975
1549,0.625,0.4975
1550,0.0,0.494375
1551,0.625,0.494375
1552,0.625,0.494375
1553,0.125,0.494375
1554,0.625,0.494375
1555,0.625,0.494375
1556,0.625,0.494375
1557,0.625,0.494375
1558,0.625,0.494375
1559,0.625,0.494375
1560,0.625,0.4975
1561,0.625,0.4975
1562,0.625,0.4975
1563,0.625,0.4975
1564,0.625,0.4975
1565,0.625,0.4975
1566,0.0,0.494375
1567,0.625,0.494375
1568,0.625,0.494375
1569,0.625,0.494375
1570,0.625,0.494375
1571,0.625,0.494375
1572,0.625,0.4975
1573,0.625,0.4975
1574,0.625,0.4975
1575,0.625,0.500625
1576,0.375,0.499375
1577,0.625,0.499375
1578,0.625,0.499375
1579,0.25,0.499375
1580,0.625,0.499375
1581,0.625,0.499375
1582,0.625,0.499375
1583,0.375,0.498125
1584,0.625,0.498125
1585,0.125,0.495625
1586,0.625,0.495625
1587,0.125,0.49625
1588,0.0,0.493125
1589,0.625,0.49625
1590,0.25,0.4975
1591,0.625,0.4975
1592,0.625,0.4975
1593,0.625,0.5
1594,0.625,0.5
1595,0.625,0.501875
1596,0.625,0.501875
1597,0.625,0.505
1598,0.625,0.505
1599,0.125,0.5025
1600,0.625,0.5025
1601,0.625,0.5025
1602,0.625,0.5025
1603,0.0,0.499375
1604,0.625,0.499375
1605,0.0,0.49625
1606,0.625,0.49625
1607,0.625,0.49625
1608,0.0,0.493125
1609,0.125,0.490625
1610,0.625,0.49375
1611,0.625,0.49375
1612,0.625,0.49375
1613,0.625,0.49375
1614,0.625,0.49625
1615,0.625,0.49625
1616,0.375,0.495
1617,0.625,0.495
1618,0.625,0.498125
1619,0.625,0.498125
1620,0.625,0.498125
1621,0.375,0.496875
1622,0.625,0.496875
1623,0.625,0.496875
1624,0.625,0.496875
1625,0.0,0.49375
1626,0.625,0.49375
1627,0.125,0.49125
1628,0.625,0.49375
1629,0.625,0.49375
1630,0.625,0.49375
1631,0.125,0.49125
1632,0.625,0.49125
1633,0.625,0.49125
1634,0.625,0.49125
1635,0.625,0.49125
1636,0.625,0.491875
1637,0.5,0.49375
1638,0.125,0.49125
1639,0.625,0.49125
1640,0.625,0.49125
1641,0.125,0.48875
1642,0.625,0.48875
1643,0.125,0.489375
1644,0.0,0.48625
1645,0.625,0.48625
1646,0.625,0.48625
1647,0.25,0.484375
1648,0.625,0.484375
1649,0.625,0.486875
1650,0.25,0.4875
1651,0.625,0.49
1652,0.625,0.493125
1653,0.0,0.49
1654,0.625,0.49
1655,0.625,0.493125
1656,0.625,0.493125
1657,0.625,0.493125
1658,0.625,0.493125
1659,0.625,0.493125
1660,0.625,0.493125
1661,0.125,0.490625
1662,0.625,0.49375
1663,0.625,0.49375
1664,0.625,0.49375
1665,0.625,0.49375
1666,0.625,0.49375
1667,0.625,0.49375
1668,0.625,0.49375
1669,0.375,0.495
1670,0.625,0.495
1671,0.625,0.4975
1672,0.625,0.5
1673,0.625,0.5
1674,0.625,0.5025
1675,0.625,0.5025
1676,0.625,0.505
1677,0.125,0.5025
1678,0.625,0.505625
1679,0.625,0.505625
1680,0.375,0.504375
1681,0.625,0.504375
1682,0.625,0.504375
1683,0.625,0.504375
1684,0.625,0.504375
1685,0.0,0.50125
1686,0.625,0.50125
1687,0.625,0.501875
1688,0.625,0.505
1689,0.625,0.505
1690,0.625,0.505
1691,0.625,0.505
1692,0.625,0.505
1693,0.125,0.505
1694,0.625,0.5075
1695,0.125,0.5075
1696,0.125,0.505
1697,0.625,0.505
1698,0.125,0.5025
1699,0.625,0.504375
1700,0.625,0.506875
1701,0.625,0.506875
1702,0.125,0.506875
1703,0.625,0.51
1704,0.625,0.51
1705,0.125,0.5075
1706,0.625,0.5075
1707,0.625,0.50875
1708,0.125,0.50625
1709,0.125,0.50375
1710,0.0,0.500625
1711,0.625,0.500625
1712,0.0,0.500625
1713,0.625,0.500625
1714,0.625,0.50375
1715,0.625,0.50375
1716,0.625,0.50375
1717,0.625,0.506875
1718,0.625,0.506875
1719,0.0,0.50375
1720,0.625,0.50625
1721,0.625,0.50625
1722,0.0,0.503125
1723,0.625,0.503125
1724,0.625,0.503125
1725,0.125,0.500625
1726,0.625,0.500625
1727,0.125,0.498125
1728,0.625,0.498125
1729,0.625,0.498125
1730,0.625,0.5
1731,0.625,0.5
1732,0.625,0.5
1733,0.625,0.5
1734,0.625,0.503125
1735,0.125,0.50375
1736,0.625,0.50375
1737,0.25,0.501875
1738,0.625,0.501875
1739,0.625,0.501875
1740,0.625,0.501875
1741,0.625,0.504375
1742,0.625,0.504375
1743,0.625,0.504375
1744,0.625,0.504375
1745,0.625,0.504375
1746,0.625,0.504375
1747,0.25,0.504375
1748,0.625,0.504375
1749,0.375,0.503125
1750,0.625,0.50625
1751,0.125,0.50375
1752,0.625,0.50375
1753,0.625,0.50625
1754,0.625,0.50625
1755,0.625,0.50625
1756,0.625,0.50625
1757,0.625,0.50625
1758,0.375,0.505
1759,0.25,0.503125
1760,0.625,0.503125
1761,0.625,0.503125
1762,0.625,0.503125
1763,0.625,0.503125
1764,0.625,0.503125
1765,0.625,0.503125
1766,0.625,0.50625
1767,0.625,0.50625
1768,0.625,0.50625
1769,0.625,0.50625
1770,0.625,0.50625
1771,0.625,0.50625
1772,0.625,0.50625
1773,0.625,0.50625
1774,0.125,0.50375
1775,0.25,0.501875
1776,0.625,0.503125
1777,0.625,0.503125
1778,0.125,0.500625
1779,0.625,0.5025
1780,0.625,0.5025
1781,0.625,0.5025
1782,0.625,0.5025
1783,0.25,0.501875
1784,0.625,0.501875
1785,0.0,0.50125
1786,0.125,0.49875
1787,0.625,0.50125
1788,0.125,0.501875
1789,0.625,0.501875
1790,0.25,0.501875
1791,0.625,0.501875
1792,0.625,0.501875
1793,0.625,0.501875
1794,0.125,0.499375
1795,0.625,0.499375
1796,0.625,0.499375
1797,0.625,0.499375
1798,0.625,0.499375
1799,0.625,0.501875
1800,0.5,0.50125
1801,0.625,0.50125
1802,0.0,0.498125
1803,0.625,0.50125
1804,0.375,0.5
1805,0.625,0.503125
1806,0.625,0.503125
1807,0.625,0.503125
1808,0.125,0.50375
1809,0.125,0.50375
1810,0.625,0.50375
1811,0.375,0.5025
1812,0.625,0.5025
1813,0.625,0.5025
1814,0.625,0.5025
1815,0.25,0.500625
1816,0.625,0.501875
1817,0.625,0.501875
1818,0.625,0.501875
1819,0.625,0.501875
1820,0.625,0.501875
1821,0.0,0.5
1822,0.625,0.5
1823,0.625,0.5
1824,0.25,0.498125
1825,0.625,0.50125
1826,0.625,0.50125
1827,0.625,0.50375
1828,0.375,0.5025
1829,0.625,0.5025
1830,0.625,0.5025
1831,0.125,0.5025
1832,0.625,0.5025
1833,0.625,0.5025
1834,0.375,0.50125
1835,0.625,0.50125
1836,0.625,0.50125
1837,0.625,0.501875
1838,0.625,0.504375
1839,0.0,0.50125
1840,0.625,0.50125
1841,0.625,0.50375
1842,0.125,0.50125
1843,0.625,0.50375
1844,0.625,0.506875
1845,0.625,0.506875
1846,0.0,0.50375
1847,0.625,0.505625
1848,0.625,0.505625
1849,0.625,0.505625
1850,0.625,0.5075
1851,0.0,0.504375
1852,0.625,0.504375
1853,0.625,0.5075
1854,0.625,0.5075
1855,0.125,0.505
1856,0.625,0.505
1857,0.625,0.505
1858,0.625,0.505
1859,0.625,0.505
1860,0.25,0.503125
1861,0.625,0.505625
1862,0.625,0.505625
1863,0.625,0.505625
1864,0.625,0.505625
1865,0.625,0.505625
1866,0.25,0.50375
1867,0.0,0.500625
1868,0.625,0.500625
1869,0.625,0.501875
1870,0.625,0.501875
1871,0.625,0.501875
1872,0.625,0.501875
1873,0.625,0.501875
1874,0.625,0.501875
1875,0.125,0.499375
1876,0.625,0.499375
1877,0.625,0.501875
1878,0.625,0.501875
1879,0.375,0.500625
1880,0.625,0.501875
1881,0.625,0.501875
1882,0.625,0.501875
1883,0.125,0.499375
1884,0.625,0.499375
1885,0.625,0.5025
1886,0.0,0.499375
1887,0.625,0.499375
1888,0.625,0.499375
1889,0.625,0.499375
1890,0.625,0.499375
1891,0.625,0.499375
1892,0.625,0.499375
1893,0.0,0.49875
1894,0.625,0.49875
1895,0.625,0.50125
1896,0.625,0.50375
1897,0.625,0.50375
1898,0.625,0.50625
1899,0.625,0.50625
1900,0.625,0.50625
1901,0.625,0.50625
1902,0.625,0.50875
1903,0.625,0.50875
1904,0.625,0.50875
1905,0.625,0.51125
1906,0.625,0.51125
1907,0.625,0.51125
1908,0.625,0.51375
1909,0.625,0.51625
1910,0.0,0.51625
1911,0.625,0.51625
1912,0.625,0.519375
1913,0.625,0.519375
1914,0.625,0.519375
1915,0.125,0.516875
1916,0.625,0.516875
1917,0.625,0.516875
1918,0.625,0.516875
1919,0.625,0.52
1920,0.625,0.52
1921,0.625,0.52
1922,0.625,0.523125
1923,0.625,0.523125
1924,0.625,0.523125
1925,0.25,0.52375
1926,0.625,0.52375
1927,0.125,0.52375
1928,0.625,0.52375
1929,0.375,0.5225
1930,0.625,0.5225
1931,0.625,0.5225
1932,0.625,0.5225
1933,0.625,0.5225
1934,0.0,0.519375
1935,0.625,0.521875
1936,0.625,0.521875
1937,0.5,0.523125
1938,0.125,0.520625
1939,0.625,0.520625
1940,0.625,0.520625
1941,0.625,0.520625
1942,0.625,0.520625
1943,0.0,0.5175
1944,0.625,0.5175
1945,0.625,0.5175
1946,0.625,0.5175
1947,0.625,0.519375
1948,0.625,0.519375
1949,0.625,0.520625
1950,0.625,0.520625
1951,0.625,0.523125
1952,0.625,0.523125
1953,0.625,0.523125
1954,0.625,0.523125
1955,0.625,0.523125
1956,0.625,0.523125
1957,0.625,0.523125
1958,0.625,0.524375
1959,0.625,0.52625
1960,0.625,0.52625
1961,0.625,0.52625
1962,0.625,0.52625
1963,0.625,0.52625
1964,0.625,0.52625
1965,0.625,0.52625
1966,0.0,0.523125
1967,0.125,0.520625
1968,0.625,0.520625
1969,0.625,0.520625
1970,0.625,0.520625
1971,0.125,0.518125
1972,0.625,0.518125
1973,0.625,0.518125
1974,0.625,0.520625
1975,0.625,0.5225
1976,0.625,0.5225
1977,0.25,0.520625
1978,0.625,0.523125
1979,0.375,0.521875
1980,0.625,0.521875
1981,0.625,0.521875
1982,0.625,0.521875
1983,0.125,0.52125
1984,0.625,0.52125
1985,0.125,0.521875
1986,0.625,0.524375
1987,0.625,0.524375
1988,0.0,0.52375
1989,0.625,0.52375
1990,0.625,0.525625
1991,0.625,0.525625
1992,0.0,0.5225
1993,0.625,0.5225
1994,0.625,0.525
1995,0.625,0.525
1996,0.0,0.521875
1997,0.625,0.521875
1998,0.625,0.521875
1999,0.625,0.521875
2000,0.625,0.5225
2001,0.625,0.5225
2002,0.625,0.525625
2003,0.625,0.525625
2004,0.25,0.525
2005,0.625,0.525
2006,0.375,0.52375
2007,0.625,0.52375
2008,0.625,0.52625
2009,0.625,0.52875
2010,0.625,0.52875
2011,0.625,0.53
2012,0.375,0.52875
2013,0.625,0.52875
2014,0.625,0.52875
2015,0.625,0.530625
2016,0.625,0.530625
2017,0.625,0.530625
2018,0.625,0.530625
2019,0.625,0.530625
2020,0.0,0.5275
2021,0.625,0.530625
2022,0.0,0.5275
2023,0.625,0.5275
2024,0.625,0.529375
2025,0.0,0.52625
2026,0.625,0.52625
2027,0.625,0.52625
2028,0.0,0.524375
2029,0.625,0.524375
2030,0.625,0.524375
2031,0.0,0.52375
2032,0.625,0.52375
2033,0.125,0.52125
2034,0.625,0.5225
2035,0.0,0.519375
2036,0.625,0.519375
2037,0.625,0.519375
2038,0.625,0.519375
2039,0.625,0.5225
2040,0.625,0.5225
2041,0.625,0.5225
2042,0.125,0.5225
2043,0.0,0.519375
2044,0.625,0.519375
2045,0.625,0.519375
2046,0.625,0.5225
2047,0.625,0.5225
2048,0.625,0.5225
2049,0.625,0.5225
2050,0.625,0.5225
2051,0.625,0.525625
2052,0.625,0.525625
2053,0.625,0.525625
2054,0.625,0.525625
2055,0.625,0.528125
2056,0.125,0.525625
2057,0.625,0.525625
2058,0.625,0.525625
2059,0.125,0.523125
2060,0.625,0.525
2061,0.25,0.523125
2062,0.625,0.523125
2063,0.625,0.523125
2064,0.625,0.523125
2065,0.625,0.523125
2066,0.625,0.525
2067,0.625,0.528125
2068,0.625,0.528125
2069,0.625,0.528125
2070,0.625,0.528125
2071,0.625,0.528125
2072,0.625,0.528125
2073,0.625,0.528125
2074,0.25,0.52625
2075,0.625,0.52875
2076,0.625,0.52875
2077,0.625,0.52875
2078,0.625,0.52875
2079,0.625,0.53
2080,0.625,0.53
2081,0.625,0.53
2082,0.125,0.5275
2083,0.625,0.53
2084,0.625,0.53
2085,0.625,0.53
2086,0.625,0.533125
2087,0.625,0.533125
2088,0.625,0.533125
2089,0.25,0.53125
2090,0.625,0.53125
2091,0.625,0.53125
2092,0.625,0.53125
2093,0.625,0.534375
2094,0.625,0.534375
2095,0.125,0.531875
2096,0.625,0.531875
2097,0.625,0.531875
2098,0.0,0.52875
2099,0.625,0.52875
2100,0.625,0.52875
2101,0.625,0.52875
2102,0.625,0.52875
2103,0.625,0.52875
2104,0.625,0.52875
2105,0.625,0.52875
2106,0.625,0.52875
2107,0.625,0.52875
2108,0.625,0.52875
2109,0.625,0.52875
2110,0.625,0.531875
2111,0.125,0.529375
2112,0.625,0.529375
2113,0.625,0.529375
2114,0.625,0.529375
2115,0.125,0.529375
2116,0.625,0.529375
2117,0.625,0.529375
2118,0.625,0.529375
2119,0.625,0.529375
2120,0.125,0.526875
2121,0.625,0.526875
2122,0.625,0.526875
2123,0.625,0.526875
2124,0.625,0.526875
2125,0.625,0.52875
2126,0.625,0.52875
2127,0.625,0.53125
2128,0.625,0.53125
2129,0.625,0.5325
2130,0.625,0.5325
2131,0.625,0.5325
2132,0.625,0.5325
2133,0.125,0.53
2134,0.625,0.533125
2135,0.625,0.533125
2136,0.125,0.530625
2137,0.125,0.52875
2138,0.625,0.53125
2139,0.25,0.529375
2140,0.625,0.529375
2141,0.0,0.52625
2142,0.0,0.523125
2143,0.625,0.52625
2144,0.625,0.52625
2145,0.625,0.52625
2146,0.125,0.52375
2147,0.625,0.52375
2148,0.625,0.52375
2149,0.375,0.5225
2150,0.625,0.5225
2151,0.625,0.5225
2152,0.625,0.5225
2153,0.625,0.5225
2154,0.625,0.5225
2155,0.625,0.5225
2156,0.625,0.5225
2157,0.625,0.5225
2158,0.625,0.5225
2159,0.0,0.519375
2160,0.625,0.519375
2161,0.625,0.519375
2162,0.625,0.519375
2163,0.625,0.519375
2164,0.625,0.519375
2165,0.625,0.519375
2166,0.625,0.5225
2167,0.625,0.525
2168,0.625,0.525
2169,0.625,0.525
2170,0.625,0.525
2171,0.625,0.5275
2172,0.625,0.5275
2173,0.125,0.525
2174,0.625,0.525
2175,0.625,0.525
2176,0.625,0.525
2177,0.0,0.52375
2178,0.625,0.52375
2179,0.0,0.521875
2180,0.375,0.520625
2181,0.625,0.520625
2182,0.625,0.520625
2183,0.625,0.523125
2184,0.625,0.523125
2185,0.625,0.525625
2186,0.625,0.525625
2187,0.625,0.525625
2188,0.5,0.528125
2189,0.625,0.528125
2190,0.625,0.528125
2191,0.625,0.528125
2192,0.0,0.528125
2193,0.625,0.528125
2194,0.625,0.528125
2195,0.0,0.525
2196,0.625,0.528125
2197,0.0,0.525
2198,0.625,0.525
2199,0.625,0.525
2200,0.625,0.525
2201,0.0,0.521875
2202,0.625,0.521875
2203,0.25,0.52
2204,0.625,0.521875
2205,0.625,0.521875
2206,0.625,0.523125
2207,0.625,0.523125
2208,0.625,0.523125
2209,0.625,0.523125
2210,0.625,0.523125
2211,0.625,0.523125
2212,0.625,0.524375
2213,0.625,0.524375
2214,0.625,0.524375
2215,0.625,0.524375
2216,0.125,0.521875
2217,0.625,0.521875
2218,0.625,0.521875
2219,0.625,0.521875
2220,0.625,0.525
2221,0.625,0.525
2222,0.625,0.528125
2223,0.625,0.528125
2224,0.125,0.525625
2225,0.625,0.52875
2226,0.625,0.52875
2227,0.125,0.52625
2228,0.625,0.529375
2229,0.625,0.529375
2230,0.625,0.529375
2231,0.625,0.5325
2232,0.625,0.5325
2233,0.625,0.535
2234,0.625,0.535
2235,0.625,0.538125
2236,0.625,0.538125
2237,0.625,0.538125
2238,0.125,0.535625
2239,0.625,0.535625
2240,0.625,0.535625
2241,0.625,0.535625
2242,0.625,0.538125
2243,0.625,0.54125
2244,0.625,0.54125
2245,0.625,0.54125
2246,0.625,0.54125
2247,0.0,0.538125
2248,0.625,0.538125
2249,0.625,0.538125
2250,0.375,0.536875
2251,0.125,0.534375
2252,0.625,0.534375
2253,0.0,0.53125
2254,0.625,0.53125
2255,0.0,0.528125
2256,0.625,0.530625
2257,0.625,0.530625
2258,0.625,0.530625
2259,0.625,0.533125
2260,0.0,0.53
2261,0.625,0.531875
2262,0.0,0.52875
2263,0.625,0.52875
2264,0.625,0.52875
2265,0.625,0.52875
2266,0.625,0.52875
2267,0.625,0.52875
2268,0.125,0.52625
2269,0.625,0.52625
2270,0.625,0.52625
2271,0.375,0.525
2272,0.625,0.525
2273,0.625,0.525
2274,0.625,0.526875
2275,0.625,0.526875
2276,0.625,0.526875
2277,0.625,0.526875
2278,0.625,0.526875
2279,0.625,0.526875
2280,0.625,0.526875
2281,0.625,0.526875
2282,0.625,0.529375
2283,0.625,0.529375
2284,0.625,0.529375
2285,0.625,0.529375
2286,0.625,0.529375
2287,0.625,0.529375
2288,0.625,0.529375
2289,0.625,0.53125
2290,0.625,0.53125
2291,0.625,0.53125
2292,0.625,0.53125
2293,0.625,0.53125
2294,0.625,0.53125
2295,0.125,0.53125
2296,0.625,0.53125
2297,0.0,0.528125
2298,0.625,0.53125
2299,0.625,0.53125
2300,0.625,0.53125
2301,0.625,0.53125
2302,0.375,0.53
2303,0.625,0.53
2304,0.625,0.53
2305,0.625,0.53
2306,0.625,0.53
2307,0.125,0.5275
2308,0.0,0.524375
2309,0.625,0.524375
2310,0.625,0.524375
2311,0.625,0.526875
2312,0.625,0.526875
2313,0.625,0.526875
2314,0.625,0.526875
2315,0.375,0.528125
2316,0.625,0.528125
2317,0.625,0.528125
2318,0.625,0.528125
2319,0.0,0.525
2320,0.625,0.5275
2321,0.625,0.5275
2322,0.625,0.5275
2323,0.625,0.5275
2324,0.25,0.525625
2325,0.375,0.524375
2326,0.625,0.524375
2327,0.625,0.524375
2328,0.625,0.524375
2329,0.625,0.524375
2330,0.625,0.524375
2331,0.625,0.524375
2332,0.625,0.524375
2333,0.625,0.526875
2334,0.625,0.526875
2335,0.625,0.526875
2336,0.625,0.529375
2337,0.625,0.531875
2338,0.125,0.529375
2339,0.625,0.53125
2340,0.625,0.53125
2341,0.625,0.534375
2342,0.0,0.534375
2343,0.625,0.534375
2344,0.0,0.53125
2345,0.625,0.53125
2346,0.625,0.53375
2347,0.0,0.530625
2348,0.625,0.530625
2349,0.625,0.531875
2350,0.625,0.531875
2351,0.625,0.531875
2352,0.125,0.529375
2353,0.625,0.529375
2354,0.625,0.529375
2355,0.625,0.529375
2356,0.625,0.529375
2357,0.625,0.529375
2358,0.0,0.52625
2359,0.625,0.529375
2360,0.625,0.529375
2361,0.625,0.529375
2362,0.625,0.529375
2363,0.625,0.529375
2364,0.0,0.52625
2365,0.625,0.52625
2366,0.625,0.52625
2367,0.375,0.525
2368,0.25,0.523125
2369,0.625,0.523125
2370,0.0,0.52
2371,0.625,0.52
2372,0.625,0.52
2373,0.625,0.5225
2374,0.625,0.5225
2375,0.625,0.5225
2376,0.625,0.5225
2377,0.625,0.525625
2378,0.625,0.525625
2379,0.625,0.52875
2380,0.625,0.53
2381,0.625,0.53
2382,0.625,0.53
2383,0.625,0.53
2384,0.625,0.53
2385,0.625,0.53
2386,0.625,0.53
2387,0.0,0.526875
2388,0.625,0.5275
2389,0.625,0.5275
2390,0.0,0.524375
2391,0.625,0.524375
2392,0.625,0.5275
2393,0.625,0.5275
2394,0.125,0.525
2395,0.0,0.525
2396,0.625,0.525
2397,0.625,0.528125
2398,0.125,0.525625
2399,0.625,0.525625
2400,0.625,0.525625
2401,0.0,0.525625
2402,0.625,0.525625
2403,0.625,0.5275
2404,0.625,0.5275
2405,0.625,0.5275
2406,0.625,0.5275
2407,0.25,0.525625
2408,0.625,0.525625
2409,0.625,0.525625
2410,0.625,0.525625
2411,0.625,0.525625
2412,0.375,0.524375
2413,0.625,0.524375
2414,0.625,0.524375
2415,0.625,0.524375
2416,0.625,0.526875
2417,0.625,0.526875
2418,0.625,0.526875
2419,0.625,0.526875
2420,0.0,0.52375
2421,0.625,0.52375
2422,0.625,0.52375
2423,0.625,0.52375
2424,0.625,0.52625
2425,0.625,0.52625
2426,0.625,0.52625
2427,0.625,0.52875
2428,0.625,0.52875
2429,0.0,0.525625
2430,0.375,0.524375
2431,0.625,0.524375
2432,0.625,0.524375
2433,0.625,0.524375
2434,0.625,0.524375
2435,0.125,0.521875
2436,0.625,0.521875
2437,0.625,0.521875
2438,0.0,0.52125
2439,0.0,0.518125
2440,0.625,0.518125
2441,0.625,0.518125
2442,0.625,0.518125
2443,0.625,0.518125
2444,0.625,0.518125
2445,0.625,0.518125
2446,0.375,0.516875
2447,0.625,0.52
2448,0.625,0.52
2449,0.0,0.516875
2450,0.625,0.518125
2451,0.625,0.520625
2452,0.625,0.520625
2453,0.625,0.52375
2454,0.625,0.52375
2455,0.625,0.526875
2456,0.625,0.526875
2457,0.625,0.526875
2458,0.625,0.526875
2459,0.625,0.526875
2460,0.0,0.526875
2461,0.625,0.526875
2462,0.625,0.53
2463,0.625,0.53
2464,0.625,0.53
2465,0.25,0.528125
2466,0.625,0.528125
2467,0.625,0.528125
2468,0.25,0.52875
2469,0.625,0.52875
2470,0.0,0.525625
2471,0.625,0.526875
2472,0.625,0.526875
2473,0.625,0.526875
2474,0.625,0.526875
2475,0.625,0.526875
2476,0.625,0.526875
2477,0.0,0.52375
2478,0.625,0.52375
2479,0.625,0.52375
2480,0.625,0.52375
2481,0.625,0.52375
2482,0.0,0.520625
2483,0.625,0.520625
2484,0.625,0.520625
2485,0.625,0.520625
2486,0.625,0.520625
2487,0.625,0.520625
2488,0.375,0.519375
2489,0.625,0.519375
2490,0.625,0.519375
2491,0.625,0.519375
2492,0.0,0.51625
2493,0.625,0.51625
2494,0.625,0.51625
2495,0.625,0.51875
2496,0.375,0.5175
2497,0.625,0.520625
2498,0.625,0.520625
2499,0.625,0.520625
2500,0.625,0.520625
2501,0.625,0.520625
2502,0.625,0.521875
2503,0.0,0.51875
2504,0.625,0.51875
2505,0.625,0.51875
2506,0.625,0.51875
2507,0.625,0.52125
2508,0.625,0.524375
2509,0.375,0.523125
2510,0.625,0.523125
2511,0.625,0.523125
2512,0.625,0.523125
2513,0.25,0.52125
2514,0.625,0.52125
2515,0.625,0.5225
2516,0.625,0.5225
2517,0.625,0.5225
2518,0.25,0.520625
2519,0.25,0.521875
2520,0.625,0.521875
2521,0.625,0.521875
2522,0.0,0.51875
2523,0.625,0.51875
2524,0.625,0.520625
2525,0.625,0.521875
2526,0.375,0.520625
2527,0.25,0.51875
2528,0.625,0.51875
2529,0.125,0.51625
2530,0.125,0.51375
2531,0.625,0.51375
2532,0.625,0.51375
2533,0.625,0.51375
2534,0.625,0.51375
2535,0.625,0.51375
2536,0.625,0.51375
2537,0.625,0.51375
2538,0.625,0.51625
2539,0.625,0.51625
2540,0.625,0.51625
2541,0.625,0.51625
2542,0.625,0.519375
2543,0.625,0.519375
2544,0.625,0.5225
2545,0.0,0.519375
2546,0.625,0.519375
2547,0.375,0.52125
2548,0.625,0.52125
2549,0.625,0.52125
2550,0.0,0.518125
2551,0.625,0.518125
2552,0.625,0.520625
2553,0.625,0.520625
2554,0.625,0.520625
2555,0.625,0.520625
2556,0.625,0.520625
2557,0.625,0.520625
2558,0.625,0.52375
2559,0.125,0.52125
2560,0.625,0.52125
2561,0.625,0.52125
2562,0.0,0.518125
2563,0.625,0.518125
2564,0.625,0.52125
2565,0.125,0.51875
2566,0.625,0.51875
2567,0.625,0.52
2568,0.625,0.521875
2569,0.625,0.521875
2570,0.625,0.525
2571,0.25,0.523125
2572,0.625,0.523125
2573,0.625,0.523125
2574,0.625,0.523125
2575,0.625,0.523125
2576,0.625,0.523125
2577,0.0,0.52
2578,0.625,0.52
2579,0.625,0.52
2580,0.25,0.518125
2581,0.625,0.518125
2582,0.625,0.518125
2583,0.625,0.518125
2584,0.625,0.518125
2585,0.0,0.515
2586,0.625,0.515
2587,0.625,0.518125
2588,0.625,0.518125
2589,0.625,0.518125
2590,0.625,0.52125
2591,0.625,0.52125
2592,0.125,0.51875
2593,0.375,0.5175
2594,0.625,0.52
2595,0.625,0.523125
2596,0.625,0.523125
2597,0.625,0.523125
2598,0.625,0.525625
2599,0.625,0.525625
2600,0.25,0.52375
2601,0.0,0.52375
2602,0.0,0.520625
2603,0.625,0.520625
2604,0.625,0.520625
2605,0.625,0.520625
2606,0.625,0.520625
2607,0.0,0.519375
2608,0.625,0.519375
2609,0.625,0.519375
2610,0.625,0.519375
2611,0.625,0.519375
2612,0.625,0.520625
2613,0.625,0.520625
2614,0.625,0.520625
2615,0.625,0.520625
2616,0.625,0.520625
2617,0.625,0.520625
2618,0.625,0.520625
2619,0.625,0.520625
2620,0.625,0.52375
2621,0.375,0.5225
2622,0.625,0.5225
2623,0.625,0.5225
2624,0.125,0.52
2625,0.0,0.516875
2626,0.375,0.515625
2627,0.625,0.515625
2628,0.625,0.515625
2629,0.625,0.51875
2630,0.625,0.52
2631,0.625,0.52
2632,0.625,0.52
2633,0.125,0.5175
2634,0.625,0.5175
2635,0.25,0.518125
2636,0.625,0.518125
2637,0.625,0.518125
2638,0.625,0.52125
2639,0.625,0.524375
2640,0.625,0.524375
2641,0.625,0.524375
2642,0.625,0.524375
2643,0.625,0.524375
2644,0.625,0.524375
2645,0.0,0.52125
2646,0.625,0.5225
2647,0.625,0.5225
2648,0.625,0.5225
2649,0.625,0.525625
2650,0.625,0.525625
2651,0.625,0.525625
2652,0.625,0.525625
2653,0.625,0.525625
2654,0.625,0.525625
2655,0.625,0.525625
2656,0.625,0.525625
2657,0.625,0.525625
2658,0.625,0.525625
2659,0.625,0.525625
2660,0.0,0.525625
2661,0.625,0.525625
2662,0.625,0.525625
2663,0.625,0.525625
2664,0.25,0.52375
2665,0.625,0.525625
2666,0.625,0.525625
2667,0.625,0.525625
2668,0.625,0.5275
2669,0.625,0.5275
2670,0.625,0.530625
2671,0.0,0.5275
2672,0.625,0.5275
2673,0.625,0.5275
2674,0.0,0.524375
2675,0.625,0.524375
2676,0.625,0.524375
2677,0.625,0.5275
2678,0.625,0.5275
2679,0.625,0.5275
2680,0.625,0.5275
2681,0.0,0.524375
2682,0.625,0.5275
2683,0.625,0.5275
2684,0.625,0.5275
2685,0.25,0.525625
2686,0.625,0.525625
2687,0.625,0.525625
2688,0.625,0.526875
2689,0.625,0.526875
2690,0.625,0.526875
2691,0.625,0.526875
2692,0.625,0.53
2693,0.625,0.53
2694,0.625,0.53
2695,0.0,0.526875
2696,0.625,0.528125
2697,0.625,0.528125
2698,0.625,0.528125
2699,0.625,0.528125
2700,0.625,0.528125
2701,0.625,0.528125
2702,0.625,0.528125
2703,0.625,0.53125
2704,0.625,0.53125
2705,0.625,0.53125
2706,0.625,0.53125
2707,0.625,0.53125
2708,0.625,0.53125
2709,0.625,0.5325
2710,0.625,0.5325
2711,0.625,0.5325
2712,0.25,0.530625
2713,0.625,0.5325
2714,0.625,0.5325
2715,0.625,0.5325
2716,0.625,0.5325
2717,0.625,0.5325
2718,0.625,0.534375
2719,0.625,0.53625
2720,0.0,0.533125
2721,0.625,0.533125
2722,0.625,0.53625
2723,0.625,0.53625
2724,0.625,0.53625
2725,0.0,0.533125
2726,0.625,0.534375
2727,0.625,0.53625
2728,0.625,0.53625
2729,0.625,0.53875
2730,0.25,0.539375
2731,0.625,0.539375
2732,0.625,0.539375
2733,0.625,0.539375
2734,0.25,0.5375
2735,0.625,0.5375
2736,0.625,0.5375
2737,0.625,0.5375
2738,0.0,0.534375
2739,0.625,0.534375
2740,0.625,0.534375
2741,0.625,0.534375
2742,0.625,0.534375
2743,0.625,0.534375
2744,0.625,0.534375
2745,0.625,0.5375
2746,0.625,0.5375
2747,0.625,0.53875
2748,0.625,0.53875
2749,0.625,0.53875
2750,0.625,0.541875
2751,0.625,0.541875
2752,0.625,0.541875
2753,0.625,0.541875
2754,0.625,0.541875
2755,0.625,0.541875
2756,0.625,0.541875
2757,0.625,0.541875
2758,0.625,0.541875
2759,0.625,0.544375
2760,0.625,0.544375
2761,0.625,0.544375
2762,0.625,0.5475
2763,0.625,0.5475
2764,0.625,0.5475
2765,0.625,0.55
2766,0.625,0.55
2767,0.625,0.55
2768,0.625,0.55
2769,0.625,0.55
2770,0.625,0.55
2771,0.625,0.551875
2772,0.625,0.551875
2773,0.625,0.551875
2774,0.625,0.551875
2775,0.625,0.551875
2776,0.625,0.551875
2777,0.625,0.555
2778,0.625,0.555
2779,0.625,0.555
2780,0.625,0.556875
2781,0.625,0.556875
2782,0.625,0.556875
2783,0.625,0.556875
2784,0.625,0.556875
2785,0.0,0.556875
2786,0.625,0.556875
2787,0.0,0.55375
2788,0.625,0.55375
2789,0.625,0.55375
2790,0.625,0.55375
2791,0.625,0.55375
2792,0.625,0.55625
2793,0.625,0.5575
2794,0.625,0.5575
2795,0.625,0.5575
2796,0.625,0.5575
2797,0.625,0.5575
2798,0.625,0.5575
2799,0.625,0.5575
2800,0.625,0.559375
2801,0.625,0.5625
2802,0.625,0.565625
2803,0.625,0.565625
2804,0.625,0.565625
2805,0.625,0.565625
2806,0.625,0.565625
2807,0.375,0.5675
2808,0.625,0.5675
2809,0.625,0.5675
2810,0.625,0.5675
2811,0.625,0.5675
2812,0.625,0.5675
2813,0.625,0.5675
2814,0.625,0.5675
2815,0.625,0.5675
2816,0.625,0.5675
2817,0.0,0.564375
2818,0.0,0.56125
2819,0.625,0.56125
2820,0.625,0.56125
2821,0.625,0.5625
2822,0.625,0.5625
2823,0.0,0.559375
2824,0.0,0.55875
2825,0.625,0.561875
2826,0.625,0.563125
2827,0.25,0.56125
2828,0.625,0.56125
2829,0.625,0.56125
2830,0.625,0.56125
2831,0.625,0.56125
2832,0.625,0.56125
2833,0.625,0.56375
2834,0.625,0.56375
2835,0.625,0.565625
2836,0.625,0.565625
2837,0.625,0.565625
2838,0.625,0.565625
2839,0.625,0.565625
2840,0.625,0.565625
2841,0.125,0.563125
2842,0.0,0.56
2843,0.625,0.56
2844,0.625,0.56
2845,0.625,0.563125
2846,0.625,0.563125
2847,0.625,0.563125
2848,0.625,0.563125
2849,0.625,0.563125
2850,0.625,0.563125
2851,0.625,0.563125
2852,0.625,0.563125
2853,0.625,0.563125
2854,0.125,0.560625
2855,0.375,0.559375
2856,0.625,0.559375
2857,0.625,0.559375
2858,0.25,0.5575
2859,0.625,0.5575
2860,0.625,0.560625
2861,0.625,0.560625
2862,0.625,0.560625
2863,0.625,0.560625
2864,0.625,0.5625
2865,0.625,0.5625
2866,0.625,0.5625
2867,0.625,0.5625
2868,0.625,0.5625
2869,0.625,0.5625
2870,0.625,0.5625
2871,0.625,0.565625
2872,0.625,0.565625
2873,0.25,0.56375
2874,0.625,0.566875
2875,0.625,0.566875
2876,0.625,0.566875
2877,0.625,0.566875
2878,0.25,0.565
2879,0.625,0.565
2880,0.625,0.565
2881,0.625,0.568125
2882,0.625,0.568125
2883,0.125,0.565625
2884,0.625,0.565625
2885,0.625,0.5675
2886,0.625,0.5675
2887,0.625,0.5675
2888,0.625,0.5675
2889,0.625,0.5675
2890,0.625,0.5675
2891,0.625,0.5675
2892,0.625,0.5675
2893,0.625,0.5675
2894,0.625,0.5675
2895,0.625,0.570625
2896,0.625,0.570625
2897,0.625,0.570625
2898,0.625,0.570625
2899,0.625,0.570625
2900,0.625,0.570625
2901,0.625,0.570625
2902,0.625,0.570625
2903,0.625,0.570625
2904,0.625,0.570625
2905,0.625,0.570625
2906,0.625,0.570625
2907,0.625,0.570625
2908,0.625,0.570625
2909,0.625,0.570625
2910,0.625,0.570625
2911,0.625,0.570625
2912,0.625,0.5725
2913,0.125,0.57
2914,0.625,0.57
2915,0.625,0.57
2916,0.0,0.566875
2917,0.625,0.566875
2918,0.625,0.566875
2919,0.25,0.565
2920,0.625,0.568125
2921,0.625,0.568125
2922,0.625,0.568125
2923,0.625,0.568125
2924,0.625,0.568125
2925,0.625,0.57125
2926,0.625,0.57125
2927,0.625,0.57125
2928,0.625,0.57125
2929,0.125,0.56875
2930,0.625,0.570625
2931,0.375,0.569375
2932,0.625,0.569375
2933,0.625,0.569375
2934,0.625,0.57125
2935,0.625,0.57125
2936,0.625,0.57125
2937,0.625,0.57125
2938,0.625,0.574375
2939,0.625,0.574375
2940,0.625,0.574375
2941,0.625,0.574375
2942,0.625,0.574375
2943,0.625,0.574375
2944,0.625,0.574375
2945,0.625,0.574375
2946,0.625,0.574375
2947,0.625,0.574375
2948,0.375,0.573125
2949,0.625,0.573125
2950,0.625,0.573125
2951,0.625,0.573125
2952,0.625,0.573125
2953,0.625,0.573125
2954,0.625,0.573125
2955,0.625,0.573125
2956,0.625,0.573125
2957,0.625,0.573125
2958,0.625,0.573125
2959,0.0,0.57
2960,0.625,0.57
2961,0.625,0.57
2962,0.625,0.57
2963,0.625,0.57
2964,0.625,0.57
2965,0.125,0.5675
2966,0.0,0.564375
2967,0.625,0.564375
2968,0.625,0.564375
2969,0.625,0.564375
2970,0.125,0.561875
2971,0.0,0.55875
2972,0.625,0.55875
2973,0.625,0.55875
2974,0.625,0.55875
2975,0.625,0.55875
2976,0.625,0.55875
2977,0.0,0.555625
2978,0.375,0.554375
2979,0.625,0.554375
2980,0.625,0.554375
2981,0.0,0.55125
2982,0.625,0.55125
2983,0.625,0.55125
2984,0.625,0.55125
2985,0.625,0.554375
2986,0.25,0.5525
2987,0.625,0.555625
2988,0.625,0.555625
2989,0.625,0.555625
2990,0.625,0.555625
2991,0.375,0.554375
2992,0.625,0.554375
2993,0.625,0.554375
2994,0.625,0.554375
2995,0.625,0.554375
2996,0.625,0.554375
2997,0.625,0.554375
2998,0.125,0.551875
2999,0.625,0.551875
3000,0.625,0.551875
3001,0.625,0.551875
3002,0.625,0.551875
3003,0.625,0.551875
3004,0.625,0.551875
3005,0.0,0.54875
3006,0.625,0.54875
3007,0.625,0.55
3008,0.625,0.55
3009,0.625,0.55
3010,0.625,0.55
3011,0.625,0.55
3012,0.625,0.55
3013,0.625,0.55
3014,0.625,0.55
3015,0.625,0.55
3016,0.625,0.55
3017,0.625,0.553125
3018,0.625,0.55625
3019,0.625,0.55625
3020,0.625,0.55625
3021,0.625,0.55625
3022,0.625,0.55625
3023,0.625,0.559375
3024,0.625,0.5625
3025,0.625,0.5625
3026,0.625,0.5625
3027,0.625,0.564375
3028,0.625,0.564375
3029,0.625,0.564375
3030,0.625,0.564375
3031,0.625,0.564375
3032,0.625,0.564375
3033,0.625,0.564375
3034,0.625,0.564375
3035,0.625,0.564375
3036,0.625,0.564375
3037,0.125,0.561875
3038,0.625,0.561875
3039,0.625,0.561875
3040,0.625,0.561875
3041,0.625,0.564375
3042,0.625,0.5675
3043,0.625,0.5675
3044,0.625,0.5675
3045,0.625,0.5675
3046,0.625,0.5675
3047,0.625,0.5675
3048,0.625,0.5675
3049,0.625,0.5675
3050,0.625,0.5675
3051,0.625,0.5675
3052,0.125,0.565
3053,0.625,0.565
3054,0.625,0.5675
3055,0.625,0.56875
3056,0.625,0.56875
3057,0.125,0.56625
3058,0.625,0.568125
3059,0.625,0.568125
3060,0.625,0.568125
3061,0.25,0.56625
3062,0.625,0.56625
3063,0.625,0.56625
3064,0.625,0.56625
3065,0.625,0.56625
3066,0.625,0.56625
3067,0.0,0.563125
3068,0.625,0.563125
3069,0.625,0.563125
3070,0.625,0.563125
3071,0.625,0.563125
3072,0.625,0.563125
3073,0.625,0.565
3074,0.625,0.565
3075,0.625,0.565
3076,0.625,0.565
3077,0.625,0.565
3078,0.375,0.565625
3079,0.625,0.565625
3080,0.625,0.565625
3081,0.625,0.565625
3082,0.625,0.565625
3083,0.625,0.568125
3084,0.625,0.568125
3085,0.625,0.568125
3086,0.625,0.568125
3087,0.625,0.568125
3088,0.625,0.568125
3089,0.625,0.568125
3090,0.625,0.568125
3091,0.625,0.568125
3092,0.625,0.568125
3093,0.0,0.565
3094,0.625,0.565
3095,0.625,0.565
3096,0.625,0.565
3097,0.625,0.565
3098,0.625,0.565
3099,0.625,0.565
3100,0.625,0.565
3101,0.625,0.565
3102,0.625,0.565
3103,0.625,0.565
3104,0.625,0.565
3105,0.625,0.565
3106,0.625,0.565
3107,0.625,0.565
3108,0.625,0.565
3109,0.0,0.561875
3110,0.25,0.56
3111,0.625,0.56
3112,0.625,0.56
3113,0.625,0.5625
3114,0.625,0.5625
3115,0.625,0.5625
3116,0.625,0.565625
3117,0.625,0.565625
3118,0.625,0.565625
3119,0.625,0.5675
3120,0.625,0.5675
3121,0.0,0.564375
3122,0.0,0.56125
3123,0.625,0.56125
3124,0.625,0.56125
3125,0.625,0.56125
3126,0.625,0.56125
3127,0.625,0.56125
3128,0.375,0.56
3129,0.625,0.5625
3130,0.625,0.5625
3131,0.625,0.56375
3132,0.125,0.56125
3133,0.625,0.56125
3134,0.625,0.56125
3135,0.625,0.56125
3136,0.625,0.56125
3137,0.625,0.56125
3138,0.625,0.56125
3139,0.625,0.56125
3140,0.625,0.56125
3141,0.625,0.56125
3142,0.625,0.56125
3143,0.625,0.56125
3144,0.625,0.56125
3145,0.625,0.56125
3146,0.25,0.559375
3147,0.625,0.559375
3148,0.625,0.560625
3149,0.625,0.560625
3150,0.625,0.560625
3151,0.625,0.560625
3152,0.625,0.560625
3153,0.625,0.560625
3154,0.625,0.560625
3155,0.0,0.5575
3156,0.625,0.5575
3157,0.625,0.5575
3158,0.625,0.5575
3159,0.625,0.560625
3160,0.125,0.558125
3161,0.625,0.558125
3162,0.625,0.558125
3163,0.625,0.558125
3164,0.625,0.558125
3165,0.0,0.5575
3166,0.625,0.560625
3167,0.625,0.560625
3168,0.625,0.560625
3169,0.625,0.560625
3170,0.625,0.563125
3171,0.625,0.56625
3172,0.625,0.56625
3173,0.625,0.56625
3174,0.625,0.56625
3175,0.625,0.56625
3176,0.625,0.56625
3177,0.0,0.56625
3178,0.625,0.5675
3179,0.625,0.5675
3180,0.0,0.564375
3181,0.625,0.5675
3182,0.625,0.5675
3183,0.0,0.564375
3184,0.125,0.561875
3185,0.625,0.561875
3186,0.625,0.56375
3187,0.125,0.56125
3188,0.625,0.56125
3189,0.25,0.559375
3190,0.625,0.559375
3191,0.625,0.560625
3192,0.625,0.560625
3193,0.625,0.560625
3194,0.625,0.560625
3195,0.625,0.560625
3196,0.625,0.560625
3197,0.625,0.560625
3198,0.625,0.563125
3199,0.25,0.56125
3200,0.625,0.56125
3201,0.625,0.56125
3202,0.625,0.56125
3203,0.125,0.55875
3204,0.625,0.55875
3205,0.625,0.561875
3206,0.625,0.561875
3207,0.625,0.561875
3208,0.625,0.561875
3209,0.625,0.561875
3210,0.625,0.561875
3211,0.625,0.561875
3212,0.625,0.561875
3213,0.625,0.561875
3214,0.625,0.561875
3215,0.625,0.561875
3216,0.625,0.561875
3217,0.125,0.559375
3218,0.625,0.559375
3219,0.625,0.559375
3220,0.625,0.559375
3221,0.625,0.559375
3222,0.625,0.559375
3223,0.125,0.556875
3224,0.625,0.556875
3225,0.625,0.556875
3226,0.625,0.556875
3227,0.625,0.556875
3228,0.625,0.556875
3229,0.625,0.556875
3230,0.625,0.556875
3231,0.625,0.556875
3232,0.625,0.556875
3233,0.625,0.556875
3234,0.625,0.556875
3235,0.625,0.556875
3236,0.5,0.55625
3237,0.625,0.55875
3238,0.625,0.55875
3239,0.625,0.55875
3240,0.625,0.55875
3241,0.625,0.55875
3242,0.625,0.55875
3243,0.625,0.55875
3244,0.625,0.55875
3245,0.625,0.55875
3246,0.625,0.55875
3247,0.625,0.55875
3248,0.625,0.55875
3249,0.625,0.55875
3250,0.625,0.55875
3251,0.0,0.555625
3252,0.625,0.558125
3253,0.625,0.558125
3254,0.625,0.558125
3255,0.625,0.558125
3256,0.625,0.558125
3257,0.625,0.560625
3258,0.625,0.560625
3259,0.625,0.560625
3260,0.625,0.560625
3261,0.0,0.559375
3262,0.625,0.559375
3263,0.625,0.559375
3264,0.625,0.559375
3265,0.625,0.559375
3266,0.625,0.559375
3267,0.625,0.5625
3268,0.625,0.5625
3269,0.625,0.5625
3270,0.625,0.5625
3271,0.625,0.5625
3272,0.0,0.559375
3273,0.625,0.559375
3274,0.625,0.559375
3275,0.625,0.559375
3276,0.625,0.559375
3277,0.625,0.559375
3278,0.625,0.560625
3279,0.625,0.560625
3280,0.625,0.560625
3281,0.625,0.560625
3282,0.625,0.560625
3283,0.625,0.560625
3284,0.625,0.560625
3285,0.625,0.560625
3286,0.625,0.560625
3287,0.625,0.560625
3288,0.625,0.560625
3289,0.625,0.560625
3290,0.625,0.560625
3291,0.625,0.560625
3292,0.625,0.560625
3293,0.625,0.56375
3294,0.625,0.56375
3295,0.625,0.56375
3296,0.625,0.56375
3297,0.625,0.56375
3298,0.25,0.561875
3299,0.625,0.561875
3300,0.125,0.559375
3301,0.125,0.556875
3302,0.625,0.556875
3303,0.625,0.556875
3304,0.375,0.555625
3305,0.625,0.555625
3306,0.625,0.555625
3307,0.625,0.555625
3308,0.625,0.555625
3309,0.625,0.55875
3310,0.625,0.560625
3311,0.625,0.560625
3312,0.625,0.560625
3313,0.625,0.560625
3314,0.625,0.560625
3315,0.625,0.560625
3316,0.125,0.558125
3317,0.625,0.558125
3318,0.625,0.558125
3319,0.625,0.558125
3320,0.625,0.558125
3321,0.625,0.56125
3322,0.625,0.564375
3323,0.625,0.564375
3324,0.625,0.564375
3325,0.625,0.564375
3326,0.625,0.564375
3327,0.625,0.564375
3328,0.625,0.565625
3329,0.625,0.565625
3330,0.625,0.565625
3331,0.625,0.565625
3332,0.625,0.568125
3333,0.625,0.568125
3334,0.625,0.568125
3335,0.625,0.568125
3336,0.625,0.568125
3337,0.625,0.568125
3338,0.625,0.568125
3339,0.625,0.568125
3340,0.625,0.568125
3341,0.625,0.568125
3342,0.0,0.565
3343,0.625,0.565
3344,0.625,0.565
3345,0.625,0.565
3346,0.625,0.566875
3347,0.625,0.566875
3348,0.625,0.566875
3349,0.625,0.566875
3350,0.625,0.566875
3351,0.625,0.566875
3352,0.625,0.566875
3353,0.625,0.566875
3354,0.625,0.566875
3355,0.625,0.57
3356,0.625,0.57
3357,0.625,0.57
3358,0.625,0.57
3359,0.625,0.57
3360,0.625,0.5725
3361,0.625,0.5725
3362,0.625,0.5725
3363,0.625,0.5725
3364,0.625,0.5725
3365,0.625,0.575625
3366,0.625,0.575625
3367,0.625,0.575625
3368,0.625,0.575625
3369,0.625,0.575625
3370,0.625,0.575625
3371,0.625,0.575625
3372,0.625,0.575625
3373,0.0,0.5725
3374,0.625,0.5725
3375,0.625,0.5725
3376,0.0,0.569375
3377,0.625,0.5725
3378,0.0,0.569375
3379,0.625,0.569375
3380,0.625,0.5725
3381,0.625,0.5725
3382,0.0,0.569375
3383,0.625,0.5725
3384,0.625,0.575
3385,0.625,0.575
3386,0.625,0.575
3387,0.625,0.5775
3388,0.625,0.5775
3389,0.625,0.579375
3390,0.625,0.579375
3391,0.625,0.579375
3392,0.625,0.579375
3393,0.625,0.579375
3394,0.625,0.579375
3395,0.625,0.579375
3396,0.625,0.579375
3397,0.625,0.579375
3398,0.625,0.579375
3399,0.625,0.58125
3400,0.625,0.58125
3401,0.625,0.58125
3402,0.625,0.58125
3403,0.0,0.580625
3404,0.0,0.5775
3405,0.625,0.5775
3406,0.625,0.5775
3407,0.625,0.5775
3408,0.625,0.5775
3409,0.625,0.5775
3410,0.625,0.5775
3411,0.625,0.5775
3412,0.625,0.5775
3413,0.625,0.5775
3414,0.625,0.5775
3415,0.125,0.575
3416,0.625,0.575
3417,0.625,0.5775
3418,0.625,0.5775
3419,0.625,0.5775
3420,0.625,0.5775
3421,0.625,0.5775
3422,0.625,0.5775
3423,0.625,0.58
3424,0.625,0.58
3425,0.625,0.58
3426,0.625,0.58
3427,0.625,0.58
3428,0.125,0.5775
3429,0.625,0.5775
3430,0.625,0.5775
3431,0.625,0.5775
3432,0.25,0.575625
3433,0.625,0.575625
3434,0.125,0.573125
3435,0.625,0.573125
3436,0.625,0.57375
3437,0.625,0.57375
3438,0.625,0.57375
3439,0.0,0.570625
3440,0.625,0.570625
3441,0.625,0.570625
3442,0.625,0.570625
3443,0.625,0.570625
3444,0.625,0.570625
3445,0.625,0.570625
3446,0.25,0.56875
3447,0.625,0.56875
3448,0.125,0.56625
3449,0.625,0.56625
3450,0.125,0.56375
3451,0.625,0.566875
3452,0.625,0.566875
3453,0.625,0.566875
3454,0.625,0.566875
3455,0.125,0.564375
3456,0.625,0.564375
3457,0.125,0.561875
3458,0.625,0.561875
3459,0.125,0.559375
3460,0.625,0.559375
3461,0.125,0.56
3462,0.625,0.56
3463,0.625,0.56
3464,0.625,0.56
3465,0.625,0.56
3466,0.625,0.56
3467,0.625,0.56
3468,0.25,0.558125
3469,0.625,0.558125
3470,0.0,0.555
3471,0.625,0.555
3472,0.625,0.558125
3473,0.625,0.558125
3474,0.625,0.558125
3475,0.625,0.558125
3476,0.625,0.558125
3477,0.0,0.555
3478,0.625,0.555
3479,0.625,0.555
3480,0.625,0.555
3481,0.625,0.555
3482,0.625,0.555
3483,0.625,0.555
3484,0.625,0.555
3485,0.625,0.555
3486,0.625,0.555
3487,0.625,0.555
3488,0.625,0.555
3489,0.625,0.555
3490,0.625,0.555
3491,0.625,0.555
3492,0.625,0.555
3493,0.0,0.551875
3494,0.625,0.551875
3495,0.625,0.551875
3496,0.625,0.551875
3497,0.625,0.551875
3498,0.625,0.55375
3499,0.625,0.55375
3500,0.625,0.55625
3501,0.625,0.55875
3502,0.625,0.55875
3503,0.625,0.55875
3504,0.625,0.56
3505,0.625,0.56
3506,0.625,0.56
3507,0.375,0.55875
3508,0.625,0.55875
3509,0.125,0.55625
3510,0.625,0.55625
3511,0.625,0.55625
3512,0.625,0.55625
3513,0.625,0.55625
3514,0.625,0.55625
3515,0.625,0.55625
3516,0.625,0.55875
3517,0.625,0.55875
3518,0.0,0.555625
3519,0.625,0.555625
3520,0.625,0.555625
3521,0.625,0.555625
3522,0.625,0.555625
3523,0.625,0.555625
3524,0.625,0.555625
3525,0.625,0.555625
3526,0.625,0.555625
3527,0.625,0.555625
3528,0.625,0.555625
3529,0.625,0.555625
3530,0.625,0.555625
3531,0.625,0.555625
3532,0.625,0.555625
3533,0.125,0.553125
3534,0.625,0.553125
3535,0.0,0.55
3536,0.625,0.55
3537,0.625,0.55
3538,0.625,0.55
3539,0.625,0.55
3540,0.625,0.55
3541,0.625,0.55
3542,0.625,0.553125
3543,0.625,0.553125
3544,0.625,0.553125
3545,0.625,0.553125
3546,0.625,0.553125
3547,0.625,0.553125
3548,0.625,0.553125
3549,0.625,0.553125
3550,0.625,0.553125
3551,0.625,0.553125
3552,0.625,0.553125
3553,0.625,0.553125
3554,0.625,0.553125
3555,0.625,0.553125
3556,0.625,0.553125
3557,0.625,0.553125
3558,0.625,0.553125
3559,0.625,0.553125
3560,0.625,0.553125
3561,0.625,0.553125
3562,0.25,0.55125
3563,0.625,0.55125
3564,0.0,0.548125
3565,0.625,0.548125
3566,0.625,0.548125
3567,0.625,0.548125
3568,0.625,0.548125
3569,0.0,0.545
3570,0.625,0.545
3571,0.625,0.545
3572,0.625,0.545
3573,0.625,0.548125
3574,0.125,0.545625
3575,0.625,0.545625
3576,0.625,0.54875
3577,0.625,0.54875
3578,0.625,0.551875
3579,0.625,0.551875
3580,0.625,0.551875
3581,0.25,0.55
3582,0.625,0.553125
3583,0.625,0.553125
3584,0.625,0.553125
3585,0.625,0.553125
3586,0.625,0.553125
3587,0.625,0.553125
3588,0.625,0.553125
3589,0.625,0.553125
3590,0.625,0.553125
3591,0.625,0.553125
3592,0.25,0.55125
3593,0.625,0.55125
3594,0.625,0.55125
3595,0.625,0.55125
3596,0.625,0.55125
3597,0.0,0.548125
3598,0.625,0.548125
3599,0.25,0.54625
3600,0.625,0.54625
3601,0.625,0.54625
3602,0.625,0.54625
3603,0.625,0.549375
3604,0.625,0.5525
3605,0.375,0.55125
3606,0.0,0.548125
3607,0.625,0.548125
3608,0.625,0.548125
3609,0.625,0.548125
3610,0.625,0.548125
3611,0.625,0.548125
3612,0.625,0.548125
3613,0.625,0.548125
3614,0.625,0.548125
3615,0.0,0.5475
3616,0.625,0.5475
3617,0.625,0.5475
3618,0.625,0.5475
3619,0.625,0.5475
3620,0.625,0.5475
3621,0.25,0.545625
3622,0.625,0.545625
3623,0.0,0.5425
3624,0.625,0.5425
3625,0.625,0.5425
3626,0.625,0.5425
3627,0.625,0.5425
3628,0.625,0.545
3629,0.625,0.545
3630,0.625,0.545
3631,0.625,0.545
3632,0.625,0.546875
3633,0.125,0.544375
3634,0.625,0.546875
3635,0.625,0.546875
3636,0.625,0.546875
3637,0.625,0.546875
3638,0.625,0.546875
3639,0.625,0.55
3640,0.625,0.55
3641,0.625,0.55
3642,0.625,0.55
3643,0.625,0.55
3644,0.625,0.55
3645,0.625,0.55
3646,0.625,0.551875
3647,0.625,0.551875
3648,0.625,0.554375
3649,0.625,0.554375
3650,0.625,0.556875
3651,0.25,0.555
3652,0.125,0.5525
3653,0.625,0.5525
3654,0.625,0.5525
3655,0.625,0.555
3656,0.625,0.555
3657,0.625,0.5575
3658,0.625,0.5575
3659,0.625,0.56
3660,0.625,0.56
3661,0.25,0.560625
3662,0.625,0.560625
3663,0.625,0.560625
3664,0.625,0.560625
3665,0.625,0.560625
3666,0.625,0.560625
3667,0.625,0.560625
3668,0.625,0.5625
3669,0.625,0.5625
3670,0.625,0.565625
3671,0.625,0.565625
3672,0.625,0.565625
3673,0.625,0.565625
3674,0.625,0.565625
3675,0.625,0.565625
3676,0.625,0.565625
3677,0.625,0.56875
3678,0.625,0.56875
3679,0.125,0.56625
3680,0.625,0.56625
3681,0.25,0.564375
3682,0.625,0.564375
3683,0.625,0.564375
3684,0.25,0.5625
3685,0.625,0.5625
3686,0.625,0.5625
3687,0.625,0.5625
3688,0.625,0.5625
3689,0.625,0.5625
3690,0.625,0.5625
3691,0.625,0.5625
3692,0.625,0.5625
3693,0.625,0.565625
3694,0.625,0.565625
3695,0.625,0.565625
3696,0.625,0.565625
3697,0.625,0.565625
3698,0.625,0.565625
3699,0.625,0.565625
3700,0.625,0.565625
3701,0.625,0.565625
3702,0.625,0.565625
3703,0.625,0.565625
3704,0.625,0.565625
3705,0.625,0.565625
3706,0.625,0.565625
3707,0.375,0.565625
3708,0.625,0.565625
3709,0.625,0.568125
3710,0.625,0.568125
3711,0.625,0.568125
3712,0.625,0.568125
3713,0.625,0.568125
3714,0.125,0.565625
3715,0.625,0.565625
3716,0.625,0.565625
3717,0.625,0.565625
3718,0.625,0.56875
3719,0.625,0.56875
3720,0.625,0.56875
3721,0.625,0.56875
3722,0.125,0.56625
3723,0.625,0.56625
3724,0.625,0.56625
3725,0.625,0.56625
3726,0.625,0.56625
3727,0.125,0.56375
3728,0.625,0.56375
3729,0.625,0.56375
3730,0.625,0.56375
3731,0.125,0.56125
3732,0.625,0.56125
3733,0.625,0.56375
3734,0.625,0.56375
3735,0.625,0.566875
3736,0.625,0.566875
3737,0.125,0.564375
3738,0.625,0.564375
3739,0.125,0.561875
3740,0.625,0.561875
3741,0.625,0.561875
3742,0.625,0.561875
3743,0.625,0.561875
3744,0.625,0.561875
3745,0.625,0.561875
3746,0.625,0.561875
3747,0.625,0.561875
3748,0.625,0.561875
3749,0.625,0.561875
3750,0.25,0.56
3751,0.0,0.556875
3752,0.625,0.556875
3753,0.625,0.556875
3754,0.625,0.556875
3755,0.625,0.556875
3756,0.625,0.556875
3757,0.625,0.556875
3758,0.625,0.556875
3759,0.625,0.556875
3760,0.625,0.556875
3761,0.625,0.556875
3762,0.625,0.55875
3763,0.625,0.55875
3764,0.125,0.559375
3765,0.625,0.559375
3766,0.625,0.559375
3767,0.625,0.559375
3768,0.0,0.55625
3769,0.125,0.556875
3770,0.625,0.556875
3771,0.625,0.556875
3772,0.625,0.556875
3773,0.625,0.556875
3774,0.625,0.559375
3775,0.625,0.559375
3776,0.625,0.559375
3777,0.625,0.559375
3778,0.625,0.559375
3779,0.625,0.559375
3780,0.625,0.559375
3781,0.625,0.56125
3782,0.625,0.56125
3783,0.625,0.56125
3784,0.625,0.56125
3785,0.625,0.56125
3786,0.625,0.56125
3787,0.625,0.56125
3788,0.625,0.56125
3789,0.625,0.56125
3790,0.625,0.56125
3791,0.625,0.56125
3792,0.625,0.563125
3793,0.625,0.563125
3794,0.625,0.563125
3795,0.625,0.563125
3796,0.0,0.56
3797,0.25,0.56125
3798,0.125,0.55875
3799,0.625,0.560625
3800,0.625,0.560625
3801,0.0,0.5575
3802,0.625,0.5575
3803,0.625,0.5575
3804,0.625,0.5575
3805,0.625,0.55875
3806,0.625,0.561875
3807,0.625,0.561875
3808,0.625,0.561875
3809,0.625,0.561875
3810,0.625,0.561875
3811,0.625,0.561875
3812,0.625,0.561875
3813,0.625,0.561875
3814,0.625,0.561875
3815,0.625,0.565
3816,0.625,0.565
3817,0.625,0.565
3818,0.625,0.565
3819,0.625,0.565
3820,0.625,0.565
3821,0.625,0.566875
3822,0.0,0.56375
3823,0.625,0.566875
3824,0.625,0.566875
3825,0.625,0.566875
3826,0.625,0.566875
3827,0.625,0.566875
3828,0.625,0.566875
3829,0.125,0.564375
3830,0.625,0.564375
3831,0.625,0.564375
3832,0.625,0.564375
3833,0.625,0.566875
3834,0.625,0.566875
3835,0.625,0.566875
3836,0.625,0.566875
3837,0.625,0.566875
3838,0.625,0.566875
3839,0.625,0.566875
3840,0.625,0.566875
3841,0.625,0.566875
3842,0.625,0.566875
3843,0.625,0.566875
3844,0.625,0.566875
3845,0.625,0.566875
3846,0.625,0.566875
3847,0.625,0.566875
3848,0.625,0.566875
3849,0.625,0.566875
3850,0.625,0.566875
3851,0.625,0.56875
3852,0.625,0.57125
3853,0.625,0.57125
3854,0.625,0.57125
3855,0.625,0.57125
3856,0.625,0.57125
3857,0.625,0.57125
3858,0.375,0.57
3859,0.625,0.57
3860,0.0,0.566875
3861,0.125,0.56625
3862,0.625,0.56625
3863,0.625,0.56625
3864,0.625,0.56625
3865,0.0,0.563125
3866,0.625,0.563125
3867,0.625,0.563125
3868,0.625,0.563125
3869,0.625,0.563125
3870,0.625,0.563125
3871,0.0,0.56
3872,0.625,0.56
3873,0.625,0.56
3874,0.625,0.56
3875,0.625,0.56
3876,0.625,0.56
3877,0.625,0.56
3878,0.625,0.56
3879,0.625,0.5625
3880,0.625,0.5625
3881,0.625,0.564375
3882,0.625,0.564375
3883,0.625,0.564375
3884,0.625,0.56625
3885,0.625,0.56625
3886,0.625,0.56625
3887,0.625,0.56625
3888,0.625,0.56625
3889,0.625,0.56625
3890,0.625,0.56625
3891,0.625,0.56625
3892,0.625,0.56625
3893,0.625,0.56625
3894,0.625,0.56625
3895,0.625,0.56625
3896,0.375,0.565
3897,0.625,0.565
3898,0.625,0.565
3899,0.625,0.565
3900,0.625,0.565
3901,0.625,0.565
3902,0.625,0.565
3903,0.625,0.565
3904,0.625,0.565
3905,0.625,0.565
3906,0.625,0.565
3907,0.625,0.56625
3908,0.625,0.56625
3909,0.625,0.56625
3910,0.625,0.56625
3911,0.625,0.56625
3912,0.625,0.56625
3913,0.625,0.56625
3914,0.625,0.56875
3915,0.625,0.56875
3916,0.625,0.56875
3917,0.625,0.56875
3918,0.625,0.56875
3919,0.625,0.56875
3920,0.625,0.56875
3921,0.625,0.56875
3922,0.125,0.56875
3923,0.625,0.56875
3924,0.625,0.56875
3925,0.625,0.56875
3926,0.625,0.56875
3927,0.625,0.57125
3928,0.625,0.57125
3929,0.625,0.57125
3930,0.625,0.57125
3931,0.375,0.5725
3932,0.625,0.5725
3933,0.625,0.5725
3934,0.625,0.5725
3935,0.625,0.5725
3936,0.625,0.5725
3937,0.625,0.575
3938,0.625,0.575
3939,0.625,0.5775
3940,0.125,0.575
3941,0.625,0.575
3942,0.125,0.5725
3943,0.625,0.5725
3944,0.625,0.5725
3945,0.0,0.569375
3946,0.625,0.569375
3947,0.625,0.569375
3948,0.625,0.569375
3949,0.625,0.569375
3950,0.625,0.57125
3951,0.625,0.574375
3952,0.625,0.574375
3953,0.375,0.573125
3954,0.25,0.57125
3955,0.625,0.57125
3956,0.625,0.57125
3957,0.125,0.56875
3958,0.625,0.56875
3959,0.625,0.56875
3960,0.625,0.56875
3961,0.625,0.56875
3962,0.125,0.56625
3963,0.625,0.56625
3964,0.625,0.56875
3965,0.625,0.56875
3966,0.625,0.56875
3967,0.625,0.56875
3968,0.625,0.571875
3969,0.625,0.574375
3970,0.625,0.574375
3971,0.625,0.574375
3972,0.625,0.574375
3973,0.625,0.574375
3974,0.625,0.574375
3975,0.625,0.574375
3976,0.625,0.574375
3977,0.625,0.574375
3978,0.625,0.574375
3979,0.625,0.574375
3980,0.625,0.574375
3981,0.625,0.574375
3982,0.625,0.574375
3983,0.625,0.574375
3984,0.625,0.574375
3985,0.625,0.574375
3986,0.625,0.574375
3987,0.625,0.574375
3988,0.625,0.574375
3989,0.625,0.574375
3990,0.625,0.574375
3991,0.625,0.574375
3992,0.625,0.574375
3993,0.625,0.574375
3994,0.625,0.574375
3995,0.625,0.574375
3996,0.625,0.5775
3997,0.625,0.579375
3998,0.625,0.581875
3999,0.625,0.581875
4000,0.625,0.581875
4001,0.625,0.585
4002,0.625,0.585
4003,0.625,0.585
4004,0.625,0.585
4005,0.625,0.585
4006,0.0,0.581875
4007,0.625,0.581875
4008,0.625,0.581875
4009,0.625,0.581875
4010,0.625,0.581875
4011,0.25,0.58
4012,0.625,0.58
4013,0.625,0.58
4014,0.625,0.58
4015,0.625,0.58
4016,0.625,0.58
4017,0.625,0.58
4018,0.0,0.576875
4019,0.5,0.57625
4020,0.625,0.57625
4021,0.625,0.57625
4022,0.625,0.579375
4023,0.625,0.579375
4024,0.625,0.579375
4025,0.125,0.576875
4026,0.625,0.576875
4027,0.625,0.576875
4028,0.625,0.576875
4029,0.625,0.579375
4030,0.625,0.579375
4031,0.625,0.579375
4032,0.25,0.5775
4033,0.625,0.5775
4034,0.625,0.5775
4035,0.625,0.5775
4036,0.625,0.5775
4037,0.125,0.575
4038,0.625,0.575
4039,0.625,0.575
4040,0.625,0.575
4041,0.375,0.57375
4042,0.625,0.57375
4043,0.625,0.57375
4044,0.625,0.57375
4045,0.625,0.57375
4046,0.625,0.57375
4047,0.625,0.57375
4048,0.625,0.57375
4049,0.625,0.57375
4050,0.125,0.57125
4051,0.625,0.57125
4052,0.625,0.57125
4053,0.625,0.57125
4054,0.625,0.57125
4055,0.625,0.57125
4056,0.625,0.57125
4057,0.625,0.57125
4058,0.625,0.5725
4059,0.625,0.5725
4060,0.625,0.575625
4061,0.625,0.578125
4062,0.625,0.578125
4063,0.125,0.575625
4064,0.625,0.575625
4065,0.625,0.57875
4066,0.625,0.57875
4067,0.625,0.57875
4068,0.625,0.57875
4069,0.625,0.57875
4070,0.625,0.57875
4071,0.625,0.581875
4072,0.625,0.581875
4073,0.625,0.581875
4074,0.625,0.581875
4075,0.625,0.581875
4076,0.125,0.579375
4077,0.625,0.579375
4078,0.625,0.579375
4079,0.625,0.579375
4080,0.625,0.579375
4081,0.625,0.579375
4082,0.625,0.579375
4083,0.625,0.579375
4084,0.625,0.579375
4085,0.625,0.579375
4086,0.625,0.579375
4087,0.625,0.579375
4088,0.625,0.579375
4089,0.625,0.579375
4090,0.625,0.579375
4091,0.625,0.579375
4092,0.625,0.579375
4093,0.625,0.579375
4094,0.625,0.579375
4095,0.625,0.579375
4096,0.625,0.580625
4097,0.625,0.580625
4098,0.625,0.580625
4099,0.625,0.580625
4100,0.625,0.580625
4101,0.625,0.580625
4102,0.625,0.580625
4103,0.625,0.580625
4104,0.625,0.580625
4105,0.125,0.578125
4106,0.625,0.578125
4107,0.625,0.578125
4108,0.625,0.578125
4109,0.625,0.578125
4110,0.625,0.578125
4111,0.625,0.578125
4112,0.625,0.578125
4113,0.625,0.578125
4114,0.625,0.578125
4115,0.625,0.578125
4116,0.125,0.575625
4117,0.625,0.575625
4118,0.625,0.575625
4119,0.625,0.575625
4120,0.625,0.575625
4121,0.625,0.575625
4122,0.0,0.575
4123,0.625,0.575
4124,0.625,0.575
4125,0.625,0.575
4126,0.625,0.575
4127,0.625,0.575
4128,0.625,0.575
4129,0.625,0.575
4130,0.625,0.575
4131,0.625,0.57625
4132,0.625,0.57625
4133,0.625,0.57625
4134,0.625,0.57625
4135,0.625,0.57625
4136,0.625,0.57625
4137,0.25,0.574375
4138,0.625,0.574375
4139,0.625,0.574375
4140,0.625,0.576875
4141,0.625,0.576875
4142,0.625,0.579375
4143,0.625,0.579375
4144,0.625,0.579375
4145,0.625,0.5825
4146,0.625,0.5825
4147,0.625,0.5825
4148,0.625,0.5825
4149,0.0,0.579375
4150,0.625,0.579375
4151,0.625,0.579375
4152,0.625,0.579375
4153,0.625,0.580625
4154,0.625,0.5825
4155,0.625,0.5825
4156,0.625,0.5825
4157,0.0,0.581875
4158,0.125,0.579375
4159,0.625,0.579375
4160,0.625,0.579375
4161,0.625,0.579375
4162,0.625,0.581875
4163,0.625,0.581875
4164,0.625,0.581875
4165,0.625,0.581875
4166,0.625,0.581875
4167,0.0,0.57875
4168,0.625,0.57875
4169,0.625,0.57875
4170,0.125,0.57625
4171,0.625,0.57625
4172,0.625,0.57625
4173,0.625,0.57625
4174,0.625,0.57625
4175,0.625,0.57625
4176,0.625,0.57625
4177,0.625,0.57625
4178,0.625,0.57625
4179,0.625,0.57625
4180,0.625,0.57625
4181,0.625,0.57625
4182,0.625,0.57625
4183,0.625,0.57625
4184,0.625,0.57625
4185,0.625,0.57625
4186,0.625,0.57625
4187,0.625,0.57625
4188,0.625,0.57625
4189,0.625,0.57625
4190,0.625,0.57625
4191,0.625,0.57625
4192,0.625,0.57625
4193,0.625,0.57625
4194,0.625,0.57625
4195,0.625,0.57625
4196,0.625,0.57625
4197,0.625,0.57625
4198,0.625,0.57625
4199,0.625,0.57625
4200,0.625,0.57625
4201,0.625,0.57625
4202,0.625,0.57625
4203,0.625,0.57625
4204,0.625,0.57625
4205,0.625,0.57625
4206,0.625,0.579375
4207,0.625,0.579375
4208,0.625,0.579375
4209,0.625,0.579375
4210,0.625,0.579375
4211,0.625,0.58125
4212,0.625,0.58125
4213,0.625,0.58125
4214,0.625,0.58125
4215,0.625,0.58125
4216,0.125,0.57875
4217,0.625,0.57875
4218,0.625,0.581875
4219,0.5,0.581875
4220,0.625,0.581875
4221,0.625,0.581875
4222,0.25,0.58
4223,0.625,0.58
4224,0.625,0.58
4225,0.625,0.5825
4226,0.625,0.5825
4227,0.625,0.5825
4228,0.625,0.5825
4229,0.625,0.5825
4230,0.625,0.5825
4231,0.625,0.5825
4232,0.625,0.584375
4233,0.625,0.584375
4234,0.625,0.584375
4235,0.625,0.584375
4236,0.125,0.581875
4237,0.625,0.584375
4238,0.0,0.58125
4239,0.625,0.58125
4240,0.625,0.58125
4241,0.625,0.5825
4242,0.625,0.5825
4243,0.625,0.5825
4244,0.625,0.5825
4245,0.625,0.5825
4246,0.625,0.5825
4247,0.625,0.5825
4248,0.625,0.5825
4249,0.625,0.5825
4250,0.625,0.585
4251,0.25,0.583125
4252,0.125,0.580625
4253,0.625,0.580625
4254,0.625,0.580625
4255,0.625,0.580625
4256,0.625,0.580625
4257,0.0,0.5775
4258,0.625,0.5775
4259,0.625,0.5775
4260,0.625,0.5775
4261,0.625,0.5775
4262,0.625,0.5775
4263,0.625,0.58
4264,0.625,0.58
4265,0.625,0.58
4266,0.625,0.58
4267,0.625,0.58
4268,0.625,0.58
4269,0.625,0.58
4270,0.625,0.58
4271,0.625,0.58
4272,0.625,0.58
4273,0.625,0.58
4274,0.625,0.58
4275,0.625,0.58
4276,0.625,0.5825
4277,0.625,0.5825
4278,0.625,0.5825
4279,0.0,0.579375
4280,0.625,0.579375
4281,0.625,0.579375
4282,0.625,0.579375
4283,0.625,0.579375
4284,0.625,0.579375
4285,0.625,0.579375
4286,0.625,0.579375
4287,0.625,0.579375
4288,0.625,0.579375
4289,0.625,0.579375
4290,0.625,0.579375
4291,0.625,0.579375
4292,0.625,0.579375
4293,0.625,0.579375
4294,0.625,0.579375
4295,0.625,0.579375
4296,0.625,0.579375
4297,0.625,0.579375
4298,0.625,0.579375
4299,0.625,0.579375
4300,0.625,0.579375
4301,0.625,0.579375
4302,0.625,0.579375
4303,0.125,0.576875
4304,0.25,0.575
4305,0.625,0.5775
4306,0.625,0.5775
4307,0.625,0.5775
4308,0.625,0.5775
4309,0.625,0.5775
4310,0.625,0.5775
4311,0.625,0.5775
4312,0.625,0.5775
4313,0.625,0.5775
4314,0.625,0.5775
4315,0.625,0.5775
4316,0.625,0.58
4317,0.625,0.58
4318,0.625,0.58
4319,0.625,0.58
4320,0.625,0.58
4321,0.625,0.58
4322,0.625,0.583125
4323,0.5,0.5825
4324,0.625,0.5825
4325,0.625,0.5825
4326,0.625,0.5825
4327,0.625,0.5825
4328,0.625,0.5825
4329,0.625,0.5825
4330,0.625,0.5825
4331,0.625,0.5825
4332,0.625,0.5825
4333,0.625,0.5825
4334,0.625,0.5825
4335,0.625,0.5825
4336,0.625,0.5825
4337,0.625,0.584375
4338,0.625,0.584375
4339,0.625,0.584375
4340,0.625,0.584375
4341,0.625,0.584375
4342,0.625,0.584375
4343,0.25,0.5825
4344,0.625,0.5825
4345,0.625,0.5825
4346,0.625,0.5825
4347,0.625,0.5825
4348,0.625,0.5825
4349,0.625,0.585625
4350,0.625,0.585625
4351,0.625,0.585625
4352,0.625,0.585625
4353,0.625,0.585625
4354,0.625,0.585625
4355,0.625,0.585625
4356,0.625,0.585625
4357,0.625,0.58875
4358,0.625,0.59125
4359,0.625,0.59125
4360,0.625,0.59125
4361,0.625,0.59125
4362,0.0,0.588125
4363,0.125,0.585625
4364,0.625,0.585625
4365,0.625,0.585625
4366,0.625,0.585625
4367,0.625,0.58875
4368,0.625,0.58875
4369,0.625,0.58875
4370,0.625,0.59125
4371,0.625,0.59125
4372,0.625,0.59125
4373,0.0,0.588125
4374,0.625,0.588125
4375,0.625,0.588125
4376,0.625,0.588125
4377,0.625,0.588125
4378,0.625,0.588125
4379,0.625,0.588125
4380,0.625,0.588125
4381,0.625,0.588125
4382,0.625,0.588125
4383,0.625,0.588125
4384,0.625,0.588125
4385,0.625,0.588125
4386,0.625,0.588125
4387,0.625,0.588125
4388,0.125,0.585625
4389,0.625,0.585625
4390,0.625,0.585625
4391,0.25,0.58375
4392,0.625,0.58375
4393,0.625,0.58375
4394,0.625,0.58375
4395,0.625,0.58375
4396,0.625,0.58375
4397,0.625,0.58375
4398,0.625,0.58375
4399,0.625,0.58375
4400,0.625,0.58375
4401,0.625,0.58375
4402,0.625,0.58375
4403,0.625,0.58375
4404,0.125,0.58125
4405,0.625,0.58125
4406,0.625,0.58125
4407,0.625,0.58125
4408,0.625,0.58125
4409,0.625,0.58125
4410,0.625,0.58125
4411,0.625,0.58125
4412,0.625,0.58125
4413,0.625,0.58125
4414,0.625,0.58125
4415,0.625,0.58125
4416,0.625,0.58375
4417,0.625,0.58375
4418,0.625,0.58375
4419,0.625,0.584375
4420,0.625,0.584375
4421,0.625,0.584375
4422,0.625,0.58625
4423,0.625,0.58625
4424,0.625,0.58625
4425,0.625,0.58625
4426,0.625,0.58625
4427,0.625,0.58625
4428,0.625,0.58625
4429,0.625,0.58625
4430,0.625,0.58625
4431,0.625,0.58625
4432,0.625,0.58625
4433,0.625,0.58625
4434,0.625,0.58625
4435,0.625,0.58625
4436,0.625,0.58875
4437,0.625,0.58875
4438,0.625,0.591875
4439,0.625,0.591875
4440,0.625,0.591875
4441,0.625,0.591875
4442,0.625,0.591875
4443,0.625,0.591875
4444,0.625,0.591875
4445,0.625,0.591875
4446,0.625,0.591875
4447,0.625,0.591875
4448,0.625,0.591875
4449,0.625,0.591875
4450,0.625,0.591875
4451,0.625,0.59375
4452,0.625,0.59625
4453,0.625,0.59625
4454,0.625,0.59625
4455,0.625,0.59625
4456,0.625,0.59625
4457,0.625,0.599375
4458,0.625,0.599375
4459,0.625,0.599375
4460,0.625,0.599375
4461,0.625,0.599375
4462,0.625,0.599375
4463,0.625,0.599375
4464,0.625,0.599375
4465,0.625,0.599375
4466,0.625,0.599375
4467,0.625,0.599375
4468,0.625,0.599375
4469,0.625,0.599375
4470,0.625,0.599375
4471,0.625,0.599375
4472,0.625,0.599375
4473,0.625,0.599375
4474,0.625,0.599375
4475,0.625,0.599375
4476,0.625,0.599375
4477,0.625,0.599375
4478,0.625,0.599375
4479,0.625,0.6025
4480,0.625,0.6025
4481,0.625,0.6025
4482,0.625,0.6025
4483,0.625,0.6025
4484,0.625,0.6025
4485,0.625,0.6025
4486,0.625,0.6025
4487,0.625,0.6025
4488,0.625,0.6025
4489,0.625,0.6025
4490,0.625,0.6025
4491,0.625,0.6025
4492,0.625,0.6025
4493,0.625,0.6025
4494,0.625,0.6025
4495,0.625,0.6025
4496,0.625,0.6025
4497,0.625,0.6025
4498,0.625,0.6025
4499,0.25,0.600625
4500,0.625,0.600625
4501,0.625,0.600625
4502,0.625,0.600625
4503,0.625,0.603125
4504,0.625,0.605
4505,0.625,0.605
4506,0.625,0.605
4507,0.625,0.605
4508,0.625,0.605
4509,0.625,0.605
4510,0.625,0.605
4511,0.625,0.605
4512,0.625,0.605
4513,0.625,0.605
4514,0.625,0.605
4515,0.625,0.605
4516,0.625,0.605
4517,0.625,0.605
4518,0.625,0.605
4519,0.625,0.605
4520,0.625,0.605
4521,0.625,0.605
4522,0.625,0.605
4523,0.625,0.605625
4524,0.625,0.605625
4525,0.625,0.605625
4526,0.625,0.605625
4527,0.625,0.605625
4528,0.625,0.605625
4529,0.625,0.605625
4530,0.625,0.605625
4531,0.625,0.605625
4532,0.625,0.605625
4533,0.625,0.605625
4534,0.625,0.605625
4535,0.625,0.605625
4536,0.625,0.605625
4537,0.0,0.6025
4538,0.625,0.6025
4539,0.625,0.6025
4540,0.625,0.6025
4541,0.625,0.6025
4542,0.625,0.6025
4543,0.125,0.601875
4544,0.625,0.601875
4545,0.625,0.601875
4546,0.625,0.601875
4547,0.625,0.601875
4548,0.625,0.601875
4549,0.625,0.601875
4550,0.625,0.601875
4551,0.625,0.601875
4552,0.625,0.601875
4553,0.625,0.601875
4554,0.625,0.601875
4555,0.625,0.601875
4556,0.625,0.601875
4557,0.625,0.601875
4558,0.625,0.601875
4559,0.625,0.601875
4560,0.625,0.601875
4561,0.625,0.601875
4562,0.625,0.605
4563,0.625,0.6075
4564,0.625,0.6075
4565,0.625,0.6075
4566,0.625,0.6075
4567,0.625,0.6075
4568,0.625,0.6075
4569,0.625,0.6075
4570,0.625,0.6075
4571,0.625,0.6075
4572,0.625,0.6075
4573,0.625,0.610625
4574,0.625,0.610625
4575,0.625,0.610625
4576,0.625,0.610625
4577,0.625,0.610625
4578,0.125,0.608125
4579,0.625,0.608125
4580,0.625,0.608125
4581,0.625,0.608125
4582,0.625,0.608125
4583,0.625,0.608125
4584,0.625,0.608125
4585,0.625,0.608125
4586,0.625,0.608125
4587,0.625,0.608125
4588,0.625,0.610625
4589,0.625,0.610625
4590,0.625,0.610625
4591,0.625,0.6125
4592,0.625,0.6125
4593,0.625,0.6125
4594,0.625,0.6125
4595,0.625,0.6125
4596,0.625,0.6125
4597,0.625,0.6125
4598,0.625,0.6125
4599,0.625,0.6125
4600,0.625,0.6125
4601,0.625,0.6125
4602,0.625,0.6125
4603,0.625,0.6125
4604,0.625,0.615
4605,0.625,0.615
4606,0.625,0.615
4607,0.625,0.615
4608,0.625,0.615
4609,0.625,0.615
4610,0.625,0.615
4611,0.375,0.61375
4612,0.625,0.61375
4613,0.625,0.61375
4614,0.625,0.61375
4615,0.625,0.61375
4616,0.625,0.61375
4617,0.625,0.61375
4618,0.625,0.61375
4619,0.625,0.61375
4620,0.625,0.61375
4621,0.625,0.61375
4622,0.625,0.61375
4623,0.625,0.61375
4624,0.625,0.61375
4625,0.625,0.61375
4626,0.625,0.61375
4627,0.625,0.61375
4628,0.625,0.61375
4629,0.625,0.61375
4630,0.625,0.61375
4631,0.625,0.61375
4632,0.625,0.61375
4633,0.625,0.61375
4634,0.625,0.61375
4635,0.625,0.61375
4636,0.625,0.61375
4637,0.625,0.61375
4638,0.625,0.61375
4639,0.625,0.61375
4640,0.625,0.61375
4641,0.625,0.61375
4642,0.625,0.61375
4643,0.625,0.61375
4644,0.625,0.61375
4645,0.625,0.61375
4646,0.625,0.61375
4647,0.625,0.61375
4648,0.625,0.61375
4649,0.625,0.61375
4650,0.625,0.61375
4651,0.625,0.61375
4652,0.625,0.61375
4653,0.625,0.61375
4654,0.625,0.61375
4655,0.625,0.61375
4656,0.625,0.61375
4657,0.625,0.61375
4658,0.625,0.61375
4659,0.625,0.61375
4660,0.625,0.61375
4661,0.625,0.61375
4662,0.625,0.61375
4663,0.625,0.61375
4664,0.625,0.61375
4665,0.625,0.61375
4666,0.625,0.61375
4667,0.625,0.61375
4668,0.625,0.61375
4669,0.625,0.61375
4670,0.625,0.61375
4671,0.625,0.61375
4672,0.625,0.61375
4673,0.625,0.61375
4674,0.625,0.61375
4675,0.625,0.61375
4676,0.625,0.61375
4677,0.625,0.61375
4678,0.625,0.61375
4679,0.625,0.61375
4680,0.625,0.61375
4681,0.625,0.61375
4682,0.625,0.61375
4683,0.625,0.61375
4684,0.625,0.61375
4685,0.625,0.61375
4686,0.625,0.61375
4687,0.625,0.61375
4688,0.625,0.61375
4689,0.625,0.61375
4690,0.625,0.61375
4691,0.625,0.61375
4692,0.625,0.61375
4693,0.625,0.61375
4694,0.625,0.61375
4695,0.625,0.61375
4696,0.625,0.61375
4697,0.625,0.61375
4698,0.625,0.61375
4699,0.625,0.615625
4700,0.625,0.615625
4701,0.625,0.615625
4702,0.625,0.615625
4703,0.625,0.615625
4704,0.125,0.613125
4705,0.625,0.613125
4706,0.625,0.613125
4707,0.625,0.613125
4708,0.625,0.613125
4709,0.0,0.61
4710,0.625,0.61
4711,0.625,0.61
4712,0.625,0.61
4713,0.625,0.61
4714,0.625,0.61
4715,0.625,0.61
4716,0.625,0.61
4717,0.625,0.61
4718,0.625,0.61
4719,0.625,0.61
4720,0.625,0.61
4721,0.625,0.61
4722,0.625,0.61
4723,0.625,0.61
4724,0.625,0.61
4725,0.625,0.61
4726,0.625,0.61
4727,0.625,0.61
4728,0.625,0.61
4729,0.625,0.61
4730,0.625,0.61
4731,0.625,0.61
4732,0.625,0.61
4733,0.625,0.61
4734,0.625,0.61
4735,0.625,0.61
4736,0.625,0.61
4737,0.625,0.613125
4738,0.625,0.613125
4739,0.625,0.613125
4740,0.625,0.613125
4741,0.625,0.613125
4742,0.625,0.613125
4743,0.625,0.615625
4744,0.625,0.615625
4745,0.625,0.615625
4746,0.625,0.615625
4747,0.625,0.615625
4748,0.625,0.615625
4749,0.0,0.6125
4750,0.625,0.6125
4751,0.625,0.6125
4752,0.625,0.6125
4753,0.625,0.6125
4754,0.625,0.6125
4755,0.625,0.6125
4756,0.625,0.6125
4757,0.625,0.6125
4758,0.625,0.6125
4759,0.625,0.6125
4760,0.625,0.6125
4761,0.625,0.6125
4762,0.625,0.6125
4763,0.625,0.6125
4764,0.0,0.609375
4765,0.625,0.609375
4766,0.625,0.609375
4767,0.625,0.609375
4768,0.625,0.609375
4769,0.625,0.609375
4770,0.625,0.609375
4771,0.625,0.609375
4772,0.625,0.609375
4773,0.625,0.609375
4774,0.625,0.609375
4775,0.625,0.609375
4776,0.625,0.609375
4777,0.625,0.609375
4778,0.625,0.611875
4779,0.625,0.611875
4780,0.625,0.611875
4781,0.625,0.611875
4782,0.625,0.611875
4783,0.625,0.611875
4784,0.625,0.611875
4785,0.625,0.611875
4786,0.625,0.611875
4787,0.625,0.611875
4788,0.625,0.611875
4789,0.625,0.611875
4790,0.625,0.611875
4791,0.625,0.611875
4792,0.625,0.611875
4793,0.625,0.611875
4794,0.625,0.611875
4795,0.625,0.611875
4796,0.625,0.611875
4797,0.625,0.611875
4798,0.625,0.611875
4799,0.625,0.611875
4800,0.625,0.611875
4801,0.625,0.611875
4802,0.625,0.611875
4803,0.625,0.611875
4804,0.625,0.611875
4805,0.625,0.611875
4806,0.625,0.611875
4807,0.625,0.611875
4808,0.625,0.611875
4809,0.625,0.611875
4810,0.625,0.611875
4811,0.625,0.613125
4812,0.625,0.613125
4813,0.625,0.613125
4814,0.625,0.613125
4815,0.375,0.611875
4816,0.625,0.611875
4817,0.625,0.611875
4818,0.625,0.611875
4819,0.625,0.611875
4820,0.625,0.611875
4821,0.625,0.611875
4822,0.625,0.611875
4823,0.0,0.60875
4824,0.625,0.60875
4825,0.625,0.60875
4826,0.625,0.60875
4827,0.625,0.60875
4828,0.625,0.60875
4829,0.625,0.60875
4830,0.625,0.60875
4831,0.625,0.60875
4832,0.625,0.60875
4833,0.625,0.60875
4834,0.625,0.60875
4835,0.625,0.60875
4836,0.625,0.60875
4837,0.625,0.60875
4838,0.625,0.60875
4839,0.625,0.60875
4840,0.625,0.60875
4841,0.625,0.60875
4842,0.625,0.60875
4843,0.625,0.60875
4844,0.625,0.60875
4845,0.625,0.60875
4846,0.625,0.60875
4847,0.625,0.60875
4848,0.625,0.60875
4849,0.625,0.60875
4850,0.625,0.60875
4851,0.625,0.60875
4852,0.625,0.60875
4853,0.625,0.60875
4854,0.625,0.60875
4855,0.625,0.60875
4856,0.625,0.60875
4857,0.625,0.60875
4858,0.625,0.60875
4859,0.625,0.60875
4860,0.625,0.60875
4861,0.625,0.60875
4862,0.625,0.60875
4863,0.625,0.60875
4864,0.625,0.60875
4865,0.625,0.60875
4866,0.625,0.60875
4867,0.625,0.60875
4868,0.625,0.60875
4869,0.625,0.60875
4870,0.625,0.60875
4871,0.625,0.60875
4872,0.625,0.60875
4873,0.625,0.60875
4874,0.625,0.60875
4875,0.625,0.60875
4876,0.625,0.60875
4877,0.625,0.60875
4878,0.625,0.60875
4879,0.625,0.60875
4880,0.625,0.60875
4881,0.625,0.60875
4882,0.625,0.60875
4883,0.625,0.60875
4884,0.625,0.60875
4885,0.625,0.60875
4886,0.625,0.60875
4887,0.625,0.60875
4888,0.625,0.60875
4889,0.125,0.60625
4890,0.625,0.60625
4891,0.625,0.60625
4892,0.625,0.60625
4893,0.625,0.60625
4894,0.625,0.60625
4895,0.625,0.60625
4896,0.625,0.60625
4897,0.625,0.60625
4898,0.625,0.60625
4899,0.125,0.60375
4900,0.625,0.60375
4901,0.625,0.60375
4902,0.625,0.60375
4903,0.625,0.60375
4904,0.625,0.60625
4905,0.625,0.60625
4906,0.625,0.60625
4907,0.625,0.60625
4908,0.625,0.60625
4909,0.0,0.60625
4910,0.625,0.60625
4911,0.625,0.60625
4912,0.625,0.60625
4913,0.625,0.60625
4914,0.625,0.60625
4915,0.625,0.60625
4916,0.625,0.60625
4917,0.625,0.60625
4918,0.625,0.60625
4919,0.625,0.60625
4920,0.625,0.60625
4921,0.625,0.60625
4922,0.625,0.60625
4923,0.625,0.60625
4924,0.625,0.60625
4925,0.625,0.60625
4926,0.625,0.60625
4927,0.625,0.60625
4928,0.625,0.60625
4929,0.625,0.60625
4930,0.625,0.60625
4931,0.625,0.60625
4932,0.625,0.60625
4933,0.625,0.60625
4934,0.625,0.60625
4935,0.625,0.60625
4936,0.625,0.60625
4937,0.625,0.60625
4938,0.625,0.60625
4939,0.625,0.60625
4940,0.625,0.60625
4941,0.625,0.60625
4942,0.625,0.60625
4943,0.625,0.60625
4944,0.625,0.60625
4945,0.625,0.60625
4946,0.625,0.60625
4947,0.625,0.60625
4948,0.625,0.60625
4949,0.625,0.609375
4950,0.625,0.609375
4951,0.625,0.609375
4952,0.625,0.609375
4953,0.625,0.609375
4954,0.625,0.609375
4955,0.625,0.609375
4956,0.625,0.609375
4957,0.625,0.609375
4958,0.625,0.609375
4959,0.625,0.609375
4960,0.625,0.609375
4961,0.625,0.609375
4962,0.625,0.609375
4963,0.625,0.609375
4964,0.625,0.6125
4965,0.625,0.6125
4966,0.625,0.6125
4967,0.625,0.6125
4968,0.625,0.6125
4969,0.625,0.6125
4970,0.625,0.6125
4971,0.625,0.6125
4972,0.625,0.6125
4973,0.625,0.6125
4974,0.625,0.6125
4975,0.625,0.6125
4976,0.625,0.6125
4977,0.625,0.6125
4978,0.625,0.6125
4979,0.625,0.6125
4980,0.625,0.6125
4981,0.625,0.6125
4982,0.625,0.6125
4983,0.625,0.6125
4984,0.625,0.6125
4985,0.625,0.6125
4986,0.625,0.6125
4987,0.625,0.6125
4988,0.625,0.6125
4989,0.625,0.6125
4990,0.625,0.6125
4991,0.625,0.6125
4992,0.625,0.6125
4993,0.625,0.6125
4994,0.625,0.6125
4995,0.625,0.6125
4996,0.625,0.6125
4997,0.625,0.6125
4998,0.625,0.6125
4999,0.625,0.6125
5000,0.625,0.6125
