source,target,relation,weight,evidence,verification_status
company:600570.SH,keyword:资产管理,semantic_association,0.506855,AR_600570_SH_2025,
company:600570.SH,keyword:业财一体化,semantic_association,0.497288,AR_600570_SH_2025,
company:600570.SH,keyword:支付清算,semantic_association,0.49309,AR_600570_SH_2025,
company:600570.SH,keyword:数据资产,semantic_association,0.492462,AR_600570_SH_2025,
company:600570.SH,keyword:流式计算,semantic_association,0.490485,AR_600570_SH_2025,
company:600570.SH,keyword:量化投资,semantic_association,0.486716,AR_600570_SH_2025,
company:600570.SH,keyword:信用评分,semantic_association,0.476232,AR_600570_SH_2025,
company:600570.SH,keyword:数字银行,semantic_association,0.475186,AR_600570_SH_2025,
company:600570.SH,keyword:核心银行系统,semantic_association,0.468271,AR_600570_SH_2025,
company:600570.SH,keyword:财务SaaS,semantic_association,0.467839,AR_600570_SH_2025,
company:600570.SH,keyword:信贷风控,semantic_association,0.465087,AR_600570_SH_2025,
company:600570.SH,keyword:财富管理,semantic_association,0.459845,AR_600570_SH_2025,
company:600570.SH,keyword:资产管理,semantic_association,0.553787,AR_600570_SH_2025,
company:600570.SH,keyword:授信审批,semantic_association,0.517214,AR_600570_SH_2025,
company:600570.SH,keyword:财富管理,semantic_association,0.509748,AR_600570_SH_2025,
company:600570.SH,keyword:业财一体化,semantic_association,0.509358,AR_600570_SH_2025,
company:600570.SH,keyword:核心银行系统,semantic_association,0.507625,AR_600570_SH_2025,
company:600570.SH,keyword:信用评分,semantic_association,0.501341,AR_600570_SH_2025,
company:600570.SH,keyword:量化投资,semantic_association,0.501225,AR_600570_SH_2025,
company:600570.SH,keyword:贷后管理,semantic_association,0.49703,AR_600570_SH_2025,
company:600570.SH,keyword:财务SaaS,semantic_association,0.481533,AR_600570_SH_2025,
company:600570.SH,keyword:信贷风控,semantic_association,0.4799,AR_600570_SH_2025,
company:600570.SH,keyword:开放银行,semantic_association,0.47728,AR_600570_SH_2025,
company:600570.SH,keyword:银行IT,semantic_association,0.474219,AR_600570_SH_2025,
company:600570.SH,keyword:核心银行系统,semantic_association,0.553617,AR_600570_SH_2025,
company:600570.SH,keyword:金融云,semantic_association,0.546548,AR_600570_SH_2025,
company:600570.SH,keyword:供应链金融,semantic_association,0.540003,AR_600570_SH_2025,
company:600570.SH,keyword:资产管理,semantic_association,0.533086,AR_600570_SH_2025,
company:600570.SH,keyword:量化投资,semantic_association,0.532899,AR_600570_SH_2025,
company:600570.SH,keyword:金融大数据,semantic_association,0.532683,AR_600570_SH_2025,
company:600570.SH,keyword:财务SaaS,semantic_association,0.525719,AR_600570_SH_2025,
company:600570.SH,keyword:信贷风控,semantic_association,0.518302,AR_600570_SH_2025,
company:600570.SH,keyword:银行IT,semantic_association,0.517784,AR_600570_SH_2025,
company:600570.SH,keyword:业财一体化,semantic_association,0.512589,AR_600570_SH_2025,
company:600570.SH,keyword:AIOps,semantic_association,0.511759,AR_600570_SH_2025,
company:600570.SH,keyword:财富管理,semantic_association,0.511489,AR_600570_SH_2025,
company:600570.SH,keyword:财务SaaS,semantic_association,0.48065,AR_600570_SH_2025,
company:600570.SH,keyword:核心银行系统,semantic_association,0.469321,AR_600570_SH_2025,
company:600570.SH,keyword:资产管理,semantic_association,0.4604,AR_600570_SH_2025,
company:600570.SH,keyword:业财一体化,semantic_association,0.459635,AR_600570_SH_2025,
company:600570.SH,keyword:数据资产,semantic_association,0.458875,AR_600570_SH_2025,
company:600570.SH,keyword:财富管理,semantic_association,0.454136,AR_600570_SH_2025,
company:600570.SH,keyword:量化投资,semantic_association,0.442781,AR_600570_SH_2025,
company:600570.SH,keyword:财务共享,semantic_association,0.441843,AR_600570_SH_2025,
company:600570.SH,keyword:安全运营,semantic_association,0.424366,AR_600570_SH_2025,
company:600570.SH,keyword:智能合约,semantic_association,0.423691,AR_600570_SH_2025,
company:600570.SH,keyword:推荐系统,semantic_association,0.422437,AR_600570_SH_2025,
company:600570.SH,keyword:供应链金融,semantic_association,0.419988,AR_600570_SH_2025,
company:300663.SZ,keyword:主数据管理,semantic_association,0.589369,AR_300663_SZ_2025,
company:300663.SZ,keyword:推荐系统,semantic_association,0.570892,AR_300663_SZ_2025,
company:300663.SZ,keyword:核心银行系统,semantic_association,0.568305,AR_300663_SZ_2025,
company:300663.SZ,keyword:监管科技,semantic_association,0.562998,AR_300663_SZ_2025,
company:300663.SZ,keyword:数据质量,semantic_association,0.562481,AR_300663_SZ_2025,
company:300663.SZ,keyword:银行IT,semantic_association,0.559716,AR_300663_SZ_2025,
company:300663.SZ,keyword:金融大数据,semantic_association,0.55557,AR_300663_SZ_2025,
company:300663.SZ,keyword:财务SaaS,semantic_association,0.552336,AR_300663_SZ_2025,
company:300663.SZ,keyword:信贷风控,semantic_association,0.549877,AR_300663_SZ_2025,
company:300663.SZ,keyword:数字银行,semantic_association,0.542362,AR_300663_SZ_2025,
company:300663.SZ,keyword:数据资产,semantic_association,0.536517,AR_300663_SZ_2025,
company:300663.SZ,keyword:智能客服,semantic_association,0.533242,AR_300663_SZ_2025,
company:300663.SZ,keyword:推荐系统,semantic_association,0.504546,AR_300663_SZ_2025,
company:300663.SZ,keyword:财务SaaS,semantic_association,0.503196,AR_300663_SZ_2025,
company:300663.SZ,keyword:提示工程,semantic_association,0.490174,AR_300663_SZ_2025,
company:300663.SZ,keyword:核心银行系统,semantic_association,0.482685,AR_300663_SZ_2025,
company:300663.SZ,keyword:资产管理,semantic_association,0.477971,AR_300663_SZ_2025,
company:300663.SZ,keyword:财富管理,semantic_association,0.473633,AR_300663_SZ_2025,
company:300663.SZ,keyword:数据资产,semantic_association,0.470844,AR_300663_SZ_2025,
company:300663.SZ,keyword:信贷风控,semantic_association,0.462515,AR_300663_SZ_2025,
company:300663.SZ,keyword:授信审批,semantic_association,0.458747,AR_300663_SZ_2025,
company:300663.SZ,keyword:监管科技,semantic_association,0.456124,AR_300663_SZ_2025,
company:300663.SZ,keyword:银行IT,semantic_association,0.454417,AR_300663_SZ_2025,
company:300663.SZ,keyword:金融云,semantic_association,0.451417,AR_300663_SZ_2025,
company:300663.SZ,keyword:推荐系统,semantic_association,0.53032,AR_300663_SZ_2025,
company:300663.SZ,keyword:数据资产,semantic_association,0.516755,AR_300663_SZ_2025,
company:300663.SZ,keyword:主数据管理,semantic_association,0.508548,AR_300663_SZ_2025,
company:300663.SZ,keyword:财务SaaS,semantic_association,0.505167,AR_300663_SZ_2025,
company:300663.SZ,keyword:支付清算,semantic_association,0.504187,AR_300663_SZ_2025,
company:300663.SZ,keyword:信贷风控,semantic_association,0.494512,AR_300663_SZ_2025,
company:300663.SZ,keyword:数据质量,semantic_association,0.491655,AR_300663_SZ_2025,
company:300663.SZ,keyword:多方安全计算,semantic_association,0.4907,AR_300663_SZ_2025,
company:300663.SZ,keyword:税务数字化,semantic_association,0.483616,AR_300663_SZ_2025,
company:300663.SZ,keyword:合规科技,semantic_association,0.483113,AR_300663_SZ_2025,
company:300663.SZ,keyword:供应链金融,semantic_association,0.480608,AR_300663_SZ_2025,
company:300663.SZ,keyword:云计算,semantic_association,0.477137,AR_300663_SZ_2025,
company:300663.SZ,keyword:推荐系统,semantic_association,0.504546,AR_300663_SZ_2025,
company:300663.SZ,keyword:财务SaaS,semantic_association,0.503196,AR_300663_SZ_2025,
company:300663.SZ,keyword:提示工程,semantic_association,0.490174,AR_300663_SZ_2025,
company:300663.SZ,keyword:核心银行系统,semantic_association,0.482685,AR_300663_SZ_2025,
company:300663.SZ,keyword:资产管理,semantic_association,0.477971,AR_300663_SZ_2025,
company:300663.SZ,keyword:财富管理,semantic_association,0.473633,AR_300663_SZ_2025,
company:300663.SZ,keyword:数据资产,semantic_association,0.470844,AR_300663_SZ_2025,
company:300663.SZ,keyword:信贷风控,semantic_association,0.462515,AR_300663_SZ_2025,
company:300663.SZ,keyword:授信审批,semantic_association,0.458747,AR_300663_SZ_2025,
company:300663.SZ,keyword:监管科技,semantic_association,0.456124,AR_300663_SZ_2025,
company:300663.SZ,keyword:银行IT,semantic_association,0.454417,AR_300663_SZ_2025,
company:300663.SZ,keyword:金融云,semantic_association,0.451417,AR_300663_SZ_2025,
company:002987.SZ,keyword:金融大数据,semantic_association,0.58744,AR_002987_SZ_2025,
company:002987.SZ,keyword:信贷风控,semantic_association,0.5661,AR_002987_SZ_2025,
company:002987.SZ,keyword:银行IT,semantic_association,0.56467,AR_002987_SZ_2025,
company:002987.SZ,keyword:金融云,semantic_association,0.558943,AR_002987_SZ_2025,
company:002987.SZ,keyword:数字银行,semantic_association,0.557798,AR_002987_SZ_2025,
company:002987.SZ,keyword:核心银行系统,semantic_association,0.553355,AR_002987_SZ_2025,
company:002987.SZ,keyword:供应链金融,semantic_association,0.541059,AR_002987_SZ_2025,
company:002987.SZ,keyword:主数据管理,semantic_association,0.537223,AR_002987_SZ_2025,
company:002987.SZ,keyword:数据资产,semantic_association,0.534178,AR_002987_SZ_2025,
company:002987.SZ,keyword:数据质量,semantic_association,0.527948,AR_002987_SZ_2025,
company:002987.SZ,keyword:智能客服,semantic_association,0.51907,AR_002987_SZ_2025,
company:002987.SZ,keyword:信用评分,semantic_association,0.516945,AR_002987_SZ_2025,
company:002987.SZ,keyword:金融大数据,semantic_association,0.603641,AR_002987_SZ_2025,
company:002987.SZ,keyword:人工智能,semantic_association,0.546696,AR_002987_SZ_2025,
company:002987.SZ,keyword:数据治理,semantic_association,0.545092,AR_002987_SZ_2025,
company:002987.SZ,keyword:数字银行,semantic_association,0.540715,AR_002987_SZ_2025,
company:002987.SZ,keyword:主数据管理,semantic_association,0.528327,AR_002987_SZ_2025,
company:002987.SZ,keyword:数据质量,semantic_association,0.528008,AR_002987_SZ_2025,
company:002987.SZ,keyword:核心银行系统,semantic_association,0.527362,AR_002987_SZ_2025,
company:002987.SZ,keyword:银行IT,semantic_association,0.527222,AR_002987_SZ_2025,
company:002987.SZ,keyword:金融云,semantic_association,0.522954,AR_002987_SZ_2025,
company:002987.SZ,keyword:数据资产,semantic_association,0.519337,AR_002987_SZ_2025,
company:002987.SZ,keyword:智能交易,semantic_association,0.518134,AR_002987_SZ_2025,
company:002987.SZ,keyword:云计算,semantic_association,0.514744,AR_002987_SZ_2025,
company:002987.SZ,keyword:金融大数据,semantic_association,0.603641,AR_002987_SZ_2025,
company:002987.SZ,keyword:人工智能,semantic_association,0.546696,AR_002987_SZ_2025,
company:002987.SZ,keyword:数据治理,semantic_association,0.545092,AR_002987_SZ_2025,
company:002987.SZ,keyword:数字银行,semantic_association,0.540715,AR_002987_SZ_2025,
company:002987.SZ,keyword:主数据管理,semantic_association,0.528327,AR_002987_SZ_2025,
company:002987.SZ,keyword:数据质量,semantic_association,0.528008,AR_002987_SZ_2025,
company:002987.SZ,keyword:核心银行系统,semantic_association,0.527362,AR_002987_SZ_2025,
company:002987.SZ,keyword:银行IT,semantic_association,0.527222,AR_002987_SZ_2025,
company:002987.SZ,keyword:金融云,semantic_association,0.522954,AR_002987_SZ_2025,
company:002987.SZ,keyword:数据资产,semantic_association,0.519337,AR_002987_SZ_2025,
company:002987.SZ,keyword:智能交易,semantic_association,0.518134,AR_002987_SZ_2025,
company:002987.SZ,keyword:云计算,semantic_association,0.514744,AR_002987_SZ_2025,
company:002987.SZ,keyword:信贷风控,semantic_association,0.494759,AR_002987_SZ_2025,
company:002987.SZ,keyword:数据资产,semantic_association,0.492168,AR_002987_SZ_2025,
company:002987.SZ,keyword:多方安全计算,semantic_association,0.490914,AR_002987_SZ_2025,
company:002987.SZ,keyword:提示工程,semantic_association,0.4796,AR_002987_SZ_2025,
company:002987.SZ,keyword:信息抽取,semantic_association,0.47342,AR_002987_SZ_2025,
company:002987.SZ,keyword:资产管理,semantic_association,0.47045,AR_002987_SZ_2025,
company:002987.SZ,keyword:金融大数据,semantic_association,0.458565,AR_002987_SZ_2025,
company:002987.SZ,keyword:信用评分,semantic_association,0.45695,AR_002987_SZ_2025,
company:002987.SZ,keyword:授信审批,semantic_association,0.456129,AR_002987_SZ_2025,
company:002987.SZ,keyword:财务SaaS,semantic_association,0.45109,AR_002987_SZ_2025,
company:002987.SZ,keyword:推荐系统,semantic_association,0.448146,AR_002987_SZ_2025,
company:002987.SZ,keyword:供应链金融,semantic_association,0.442671,AR_002987_SZ_2025,
company:603927.SH,keyword:数据质量,semantic_association,0.553488,AR_603927_SH_2025,
company:603927.SH,keyword:资产管理,semantic_association,0.545824,AR_603927_SH_2025,
company:603927.SH,keyword:推荐系统,semantic_association,0.545088,AR_603927_SH_2025,
company:603927.SH,keyword:合规科技,semantic_association,0.543521,AR_603927_SH_2025,
company:603927.SH,keyword:主数据管理,semantic_association,0.530861,AR_603927_SH_2025,
company:603927.SH,keyword:监管科技,semantic_association,0.526248,AR_603927_SH_2025,
company:603927.SH,keyword:授信审批,semantic_association,0.523548,AR_603927_SH_2025,
company:603927.SH,keyword:财务SaaS,semantic_association,0.51558,AR_603927_SH_2025,
company:603927.SH,keyword:核心银行系统,semantic_association,0.5155,AR_603927_SH_2025,
company:603927.SH,keyword:银行IT,semantic_association,0.511061,AR_603927_SH_2025,
company:603927.SH,keyword:身份认证,semantic_association,0.50741,AR_603927_SH_2025,
company:603927.SH,keyword:贷后管理,semantic_association,0.50657,AR_603927_SH_2025,
company:603927.SH,keyword:保险科技,semantic_association,0.618762,AR_603927_SH_2025,
company:603927.SH,keyword:合规科技,semantic_association,0.570853,AR_603927_SH_2025,
company:603927.SH,keyword:智能风控,semantic_association,0.570294,AR_603927_SH_2025,
company:603927.SH,keyword:财务SaaS,semantic_association,0.568898,AR_603927_SH_2025,
company:603927.SH,keyword:监管科技,semantic_association,0.567557,AR_603927_SH_2025,
company:603927.SH,keyword:主数据管理,semantic_association,0.56246,AR_603927_SH_2025,
company:603927.SH,keyword:智能客服,semantic_association,0.558143,AR_603927_SH_2025,
company:603927.SH,keyword:智能理赔,semantic_association,0.555073,AR_603927_SH_2025,
company:603927.SH,keyword:AIOps,semantic_association,0.554782,AR_603927_SH_2025,
company:603927.SH,keyword:人工智能,semantic_association,0.546036,AR_603927_SH_2025,
company:603927.SH,keyword:智能合约,semantic_association,0.546005,AR_603927_SH_2025,
company:603927.SH,keyword:推荐系统,semantic_association,0.54115,AR_603927_SH_2025,
company:603927.SH,keyword:保险科技,semantic_association,0.695328,AR_603927_SH_2025,
company:603927.SH,keyword:合规科技,semantic_association,0.538691,AR_603927_SH_2025,
company:603927.SH,keyword:多方安全计算,semantic_association,0.534321,AR_603927_SH_2025,
company:603927.SH,keyword:财务SaaS,semantic_association,0.529871,AR_603927_SH_2025,
company:603927.SH,keyword:智能客服,semantic_association,0.50791,AR_603927_SH_2025,
company:603927.SH,keyword:智能理赔,semantic_association,0.506589,AR_603927_SH_2025,
company:603927.SH,keyword:金融云,semantic_association,0.503921,AR_603927_SH_2025,
company:603927.SH,keyword:监管科技,semantic_association,0.498269,AR_603927_SH_2025,
company:603927.SH,keyword:金融大数据,semantic_association,0.497822,AR_603927_SH_2025,
company:603927.SH,keyword:推荐系统,semantic_association,0.496019,AR_603927_SH_2025,
company:603927.SH,keyword:信贷风控,semantic_association,0.492492,AR_603927_SH_2025,
company:603927.SH,keyword:财务共享,semantic_association,0.491613,AR_603927_SH_2025,
company:603927.SH,keyword:财务SaaS,semantic_association,0.532021,AR_603927_SH_2025,
company:603927.SH,keyword:信贷风控,semantic_association,0.518627,AR_603927_SH_2025,
company:603927.SH,keyword:保险科技,semantic_association,0.50119,AR_603927_SH_2025,
company:603927.SH,keyword:资产管理,semantic_association,0.496081,AR_603927_SH_2025,
company:603927.SH,keyword:数据资产,semantic_association,0.488723,AR_603927_SH_2025,
company:603927.SH,keyword:财富管理,semantic_association,0.470671,AR_603927_SH_2025,
company:603927.SH,keyword:银行IT,semantic_association,0.470306,AR_603927_SH_2025,
company:603927.SH,keyword:核心银行系统,semantic_association,0.467137,AR_603927_SH_2025,
company:603927.SH,keyword:提示工程,semantic_association,0.46607,AR_603927_SH_2025,
company:603927.SH,keyword:监管科技,semantic_association,0.459041,AR_603927_SH_2025,
company:603927.SH,keyword:金融云,semantic_association,0.458931,AR_603927_SH_2025,
company:603927.SH,keyword:财务共享,semantic_association,0.454038,AR_603927_SH_2025,
company:300033.SZ,keyword:金融大数据,semantic_association,0.609887,AR_300033_SZ_2025,
company:300033.SZ,keyword:数据质量,semantic_association,0.597752,AR_300033_SZ_2025,
company:300033.SZ,keyword:数据治理,semantic_association,0.589945,AR_300033_SZ_2025,
company:300033.SZ,keyword:主数据管理,semantic_association,0.582579,AR_300033_SZ_2025,
company:300033.SZ,keyword:数据资产,semantic_association,0.575439,AR_300033_SZ_2025,
company:300033.SZ,keyword:核心银行系统,semantic_association,0.547412,AR_300033_SZ_2025,
company:300033.SZ,keyword:金融云,semantic_association,0.533938,AR_300033_SZ_2025,
company:300033.SZ,keyword:数字银行,semantic_association,0.530895,AR_300033_SZ_2025,
company:300033.SZ,keyword:数据血缘,semantic_association,0.529944,AR_300033_SZ_2025,
company:300033.SZ,keyword:智能客服,semantic_association,0.529903,AR_300033_SZ_2025,
company:300033.SZ,keyword:合规科技,semantic_association,0.527023,AR_300033_SZ_2025,
company:300033.SZ,keyword:数据仓库,semantic_association,0.525945,AR_300033_SZ_2025,
company:300033.SZ,keyword:主数据管理,semantic_association,0.607064,AR_300033_SZ_2025,
company:300033.SZ,keyword:数据治理,semantic_association,0.605636,AR_300033_SZ_2025,
company:300033.SZ,keyword:合规科技,semantic_association,0.60307,AR_300033_SZ_2025,
company:300033.SZ,keyword:金融大数据,semantic_association,0.59729,AR_300033_SZ_2025,
company:300033.SZ,keyword:数据质量,semantic_association,0.585574,AR_300033_SZ_2025,
company:300033.SZ,keyword:数据资产,semantic_association,0.570535,AR_300033_SZ_2025,
company:300033.SZ,keyword:网络安全,semantic_association,0.5683,AR_300033_SZ_2025,
company:300033.SZ,keyword:金融云,semantic_association,0.543879,AR_300033_SZ_2025,
company:300033.SZ,keyword:信贷风控,semantic_association,0.540803,AR_300033_SZ_2025,
company:300033.SZ,keyword:数据血缘,semantic_association,0.53815,AR_300033_SZ_2025,
company:300033.SZ,keyword:多方安全计算,semantic_association,0.536597,AR_300033_SZ_2025,
company:300033.SZ,keyword:核心银行系统,semantic_association,0.534233,AR_300033_SZ_2025,
company:300033.SZ,keyword:核心银行系统,semantic_association,0.593396,AR_300033_SZ_2025,
company:300033.SZ,keyword:金融大数据,semantic_association,0.580002,AR_300033_SZ_2025,
company:300033.SZ,keyword:金融云,semantic_association,0.569202,AR_300033_SZ_2025,
company:300033.SZ,keyword:主数据管理,semantic_association,0.567193,AR_300033_SZ_2025,
company:300033.SZ,keyword:信贷风控,semantic_association,0.539779,AR_300033_SZ_2025,
company:300033.SZ,keyword:数据资产,semantic_association,0.536071,AR_300033_SZ_2025,
company:300033.SZ,keyword:供应链金融,semantic_association,0.535275,AR_300033_SZ_2025,
company:300033.SZ,keyword:量化投资,semantic_association,0.524969,AR_300033_SZ_2025,
company:300033.SZ,keyword:银行IT,semantic_association,0.524915,AR_300033_SZ_2025,
company:300033.SZ,keyword:财务SaaS,semantic_association,0.521031,AR_300033_SZ_2025,
company:300033.SZ,keyword:数字银行,semantic_association,0.519798,AR_300033_SZ_2025,
company:300033.SZ,keyword:数据质量,semantic_association,0.519144,AR_300033_SZ_2025,
company:300033.SZ,keyword:核心银行系统,semantic_association,0.479305,AR_300033_SZ_2025,
company:300033.SZ,keyword:数据资产,semantic_association,0.45359,AR_300033_SZ_2025,
company:300033.SZ,keyword:金融大数据,semantic_association,0.441359,AR_300033_SZ_2025,
company:300033.SZ,keyword:信贷风控,semantic_association,0.441291,AR_300033_SZ_2025,
company:300033.SZ,keyword:金融云,semantic_association,0.434041,AR_300033_SZ_2025,
company:300033.SZ,keyword:智能问答,semantic_association,0.432868,AR_300033_SZ_2025,
company:300033.SZ,keyword:合规科技,semantic_association,0.429031,AR_300033_SZ_2025,
company:300033.SZ,keyword:财务SaaS,semantic_association,0.429015,AR_300033_SZ_2025,
company:300033.SZ,keyword:授信审批,semantic_association,0.428164,AR_300033_SZ_2025,
company:300033.SZ,keyword:推荐系统,semantic_association,0.427653,AR_300033_SZ_2025,
company:300033.SZ,keyword:安全运营,semantic_association,0.427489,AR_300033_SZ_2025,
company:300033.SZ,keyword:资产管理,semantic_association,0.426676,AR_300033_SZ_2025,
company:300059.SZ,keyword:金融大数据,semantic_association,0.640629,AR_300059_SZ_2025,
company:300059.SZ,keyword:财富管理,semantic_association,0.625754,AR_300059_SZ_2025,
company:300059.SZ,keyword:数据资产,semantic_association,0.591329,AR_300059_SZ_2025,
company:300059.SZ,keyword:金融云,semantic_association,0.590622,AR_300059_SZ_2025,
company:300059.SZ,keyword:财务SaaS,semantic_association,0.582847,AR_300059_SZ_2025,
company:300059.SZ,keyword:供应链金融,semantic_association,0.562824,AR_300059_SZ_2025,
company:300059.SZ,keyword:数字银行,semantic_association,0.557515,AR_300059_SZ_2025,
company:300059.SZ,keyword:量化投资,semantic_association,0.554628,AR_300059_SZ_2025,
company:300059.SZ,keyword:数据仓库,semantic_association,0.543496,AR_300059_SZ_2025,
company:300059.SZ,keyword:资产管理,semantic_association,0.542614,AR_300059_SZ_2025,
company:300059.SZ,keyword:云计算,semantic_association,0.540018,AR_300059_SZ_2025,
company:300059.SZ,keyword:数据质量,semantic_association,0.539364,AR_300059_SZ_2025,
company:300059.SZ,keyword:财富管理,semantic_association,0.635806,AR_300059_SZ_2025,
company:300059.SZ,keyword:资产管理,semantic_association,0.603372,AR_300059_SZ_2025,
company:300059.SZ,keyword:量化投资,semantic_association,0.567578,AR_300059_SZ_2025,
company:300059.SZ,keyword:业财一体化,semantic_association,0.544387,AR_300059_SZ_2025,
company:300059.SZ,keyword:数据资产,semantic_association,0.538955,AR_300059_SZ_2025,
company:300059.SZ,keyword:财务SaaS,semantic_association,0.518833,AR_300059_SZ_2025,
company:300059.SZ,keyword:多方安全计算,semantic_association,0.508807,AR_300059_SZ_2025,
company:300059.SZ,keyword:数字银行,semantic_association,0.504381,AR_300059_SZ_2025,
company:300059.SZ,keyword:供应链金融,semantic_association,0.493284,AR_300059_SZ_2025,
company:300059.SZ,keyword:开放银行,semantic_association,0.493182,AR_300059_SZ_2025,
company:300059.SZ,keyword:财务共享,semantic_association,0.492546,AR_300059_SZ_2025,
company:300059.SZ,keyword:银行IT,semantic_association,0.487603,AR_300059_SZ_2025,
company:300059.SZ,keyword:供应链金融,semantic_association,0.519796,AR_300059_SZ_2025,
company:300059.SZ,keyword:多方安全计算,semantic_association,0.516118,AR_300059_SZ_2025,
company:300059.SZ,keyword:财富管理,semantic_association,0.511704,AR_300059_SZ_2025,
company:300059.SZ,keyword:信贷风控,semantic_association,0.506522,AR_300059_SZ_2025,
company:300059.SZ,keyword:数据资产,semantic_association,0.502694,AR_300059_SZ_2025,
company:300059.SZ,keyword:财务SaaS,semantic_association,0.499252,AR_300059_SZ_2025,
company:300059.SZ,keyword:资产管理,semantic_association,0.48084,AR_300059_SZ_2025,
company:300059.SZ,keyword:主数据管理,semantic_association,0.477489,AR_300059_SZ_2025,
company:300059.SZ,keyword:数据质量,semantic_association,0.466804,AR_300059_SZ_2025,
company:300059.SZ,keyword:支付清算,semantic_association,0.465524,AR_300059_SZ_2025,
company:300059.SZ,keyword:财务共享,semantic_association,0.464604,AR_300059_SZ_2025,
company:300059.SZ,keyword:智能客服,semantic_association,0.462462,AR_300059_SZ_2025,
company:300059.SZ,keyword:财富管理,semantic_association,0.574156,AR_300059_SZ_2025,
company:300059.SZ,keyword:财务SaaS,semantic_association,0.54,AR_300059_SZ_2025,
company:300059.SZ,keyword:数据资产,semantic_association,0.523336,AR_300059_SZ_2025,
company:300059.SZ,keyword:资产管理,semantic_association,0.510862,AR_300059_SZ_2025,
company:300059.SZ,keyword:财务共享,semantic_association,0.485349,AR_300059_SZ_2025,
company:300059.SZ,keyword:金融大数据,semantic_association,0.484665,AR_300059_SZ_2025,
company:300059.SZ,keyword:多方安全计算,semantic_association,0.470713,AR_300059_SZ_2025,
company:300059.SZ,keyword:业财一体化,semantic_association,0.46526,AR_300059_SZ_2025,
company:300059.SZ,keyword:量化投资,semantic_association,0.464735,AR_300059_SZ_2025,
company:300059.SZ,keyword:智能问答,semantic_association,0.457793,AR_300059_SZ_2025,
company:300059.SZ,keyword:信贷风控,semantic_association,0.453973,AR_300059_SZ_2025,
company:300059.SZ,keyword:金融云,semantic_association,0.452299,AR_300059_SZ_2025,
company:600446.SH,keyword:数字银行,semantic_association,0.575268,AR_600446_SH_2025,
company:600446.SH,keyword:金融大数据,semantic_association,0.570633,AR_600446_SH_2025,
company:600446.SH,keyword:银行IT,semantic_association,0.567952,AR_600446_SH_2025,
company:600446.SH,keyword:核心银行系统,semantic_association,0.567535,AR_600446_SH_2025,
company:600446.SH,keyword:数据资产,semantic_association,0.560832,AR_600446_SH_2025,
company:600446.SH,keyword:合规科技,semantic_association,0.544828,AR_600446_SH_2025,
company:600446.SH,keyword:金融云,semantic_association,0.541106,AR_600446_SH_2025,
company:600446.SH,keyword:数据质量,semantic_association,0.537691,AR_600446_SH_2025,
company:600446.SH,keyword:量化投资,semantic_association,0.53635,AR_600446_SH_2025,
company:600446.SH,keyword:绿色金融,semantic_association,0.535698,AR_600446_SH_2025,
company:600446.SH,keyword:手机银行,semantic_association,0.533406,AR_600446_SH_2025,
company:600446.SH,keyword:供应链金融,semantic_association,0.530339,AR_600446_SH_2025,
company:600446.SH,keyword:智能交易,semantic_association,0.583225,AR_600446_SH_2025,
company:600446.SH,keyword:智能客服,semantic_association,0.582996,AR_600446_SH_2025,
company:600446.SH,keyword:人工智能,semantic_association,0.575102,AR_600446_SH_2025,
company:600446.SH,keyword:智能问答,semantic_association,0.567242,AR_600446_SH_2025,
company:600446.SH,keyword:智能合约,semantic_association,0.56168,AR_600446_SH_2025,
company:600446.SH,keyword:AIOps,semantic_association,0.549135,AR_600446_SH_2025,
company:600446.SH,keyword:智能理赔,semantic_association,0.542327,AR_600446_SH_2025,
company:600446.SH,keyword:数字银行,semantic_association,0.535389,AR_600446_SH_2025,
company:600446.SH,keyword:智能投顾,semantic_association,0.526516,AR_600446_SH_2025,
company:600446.SH,keyword:智能风控,semantic_association,0.525025,AR_600446_SH_2025,
company:600446.SH,keyword:银行IT,semantic_association,0.519057,AR_600446_SH_2025,
company:600446.SH,keyword:金融大数据,semantic_association,0.507038,AR_600446_SH_2025,
company:600446.SH,keyword:数据资产,semantic_association,0.568366,AR_600446_SH_2025,
company:600446.SH,keyword:信贷风控,semantic_association,0.561797,AR_600446_SH_2025,
company:600446.SH,keyword:支付清算,semantic_association,0.553799,AR_600446_SH_2025,
company:600446.SH,keyword:资产管理,semantic_association,0.550207,AR_600446_SH_2025,
company:600446.SH,keyword:量化投资,semantic_association,0.545737,AR_600446_SH_2025,
company:600446.SH,keyword:财务SaaS,semantic_association,0.536167,AR_600446_SH_2025,
company:600446.SH,keyword:银行IT,semantic_association,0.532628,AR_600446_SH_2025,
company:600446.SH,keyword:金融大数据,semantic_association,0.532125,AR_600446_SH_2025,
company:600446.SH,keyword:数字银行,semantic_association,0.5259,AR_600446_SH_2025,
company:600446.SH,keyword:绿色金融,semantic_association,0.525747,AR_600446_SH_2025,
company:600446.SH,keyword:信用评分,semantic_association,0.525283,AR_600446_SH_2025,
company:600446.SH,keyword:金融云,semantic_association,0.524133,AR_600446_SH_2025,
company:600446.SH,keyword:信贷风控,semantic_association,0.496374,AR_600446_SH_2025,
company:600446.SH,keyword:多方安全计算,semantic_association,0.473263,AR_600446_SH_2025,
company:600446.SH,keyword:财务SaaS,semantic_association,0.470532,AR_600446_SH_2025,
company:600446.SH,keyword:保险科技,semantic_association,0.46963,AR_600446_SH_2025,
company:600446.SH,keyword:提示工程,semantic_association,0.468379,AR_600446_SH_2025,
company:600446.SH,keyword:核心银行系统,semantic_association,0.457595,AR_600446_SH_2025,
company:600446.SH,keyword:资产管理,semantic_association,0.453792,AR_600446_SH_2025,
company:600446.SH,keyword:银行IT,semantic_association,0.453346,AR_600446_SH_2025,
company:600446.SH,keyword:数据资产,semantic_association,0.448146,AR_600446_SH_2025,
company:600446.SH,keyword:智能问答,semantic_association,0.440758,AR_600446_SH_2025,
company:600446.SH,keyword:金融大数据,semantic_association,0.43932,AR_600446_SH_2025,
company:600446.SH,keyword:金融云,semantic_association,0.437777,AR_600446_SH_2025,
company:300377.SZ,keyword:财务SaaS,semantic_association,0.521844,AR_300377_SZ_2025,
company:300377.SZ,keyword:实时计算,semantic_association,0.519232,AR_300377_SZ_2025,
company:300377.SZ,keyword:量化投资,semantic_association,0.500182,AR_300377_SZ_2025,
company:300377.SZ,keyword:多方安全计算,semantic_association,0.499067,AR_300377_SZ_2025,
company:300377.SZ,keyword:信用评分,semantic_association,0.495474,AR_300377_SZ_2025,
company:300377.SZ,keyword:数据资产,semantic_association,0.488397,AR_300377_SZ_2025,
company:300377.SZ,keyword:支付清算,semantic_association,0.483428,AR_300377_SZ_2025,
company:300377.SZ,keyword:业财一体化,semantic_association,0.482821,AR_300377_SZ_2025,
company:300377.SZ,keyword:流式计算,semantic_association,0.4805,AR_300377_SZ_2025,
company:300377.SZ,keyword:信息抽取,semantic_association,0.477444,AR_300377_SZ_2025,
company:300377.SZ,keyword:信贷风控,semantic_association,0.475224,AR_300377_SZ_2025,
company:300377.SZ,keyword:智能理赔,semantic_association,0.469807,AR_300377_SZ_2025,
company:300377.SZ,keyword:财务SaaS,semantic_association,0.51536,AR_300377_SZ_2025,
company:300377.SZ,keyword:实时计算,semantic_association,0.4988,AR_300377_SZ_2025,
company:300377.SZ,keyword:数据资产,semantic_association,0.493817,AR_300377_SZ_2025,
company:300377.SZ,keyword:信息抽取,semantic_association,0.492013,AR_300377_SZ_2025,
company:300377.SZ,keyword:业财一体化,semantic_association,0.491413,AR_300377_SZ_2025,
company:300377.SZ,keyword:资产管理,semantic_association,0.488445,AR_300377_SZ_2025,
company:300377.SZ,keyword:财务共享,semantic_association,0.483869,AR_300377_SZ_2025,
company:300377.SZ,keyword:财富管理,semantic_association,0.483488,AR_300377_SZ_2025,
company:300377.SZ,keyword:信用评分,semantic_association,0.483462,AR_300377_SZ_2025,
company:300377.SZ,keyword:信贷风控,semantic_association,0.479882,AR_300377_SZ_2025,
company:300377.SZ,keyword:智能交易,semantic_association,0.479134,AR_300377_SZ_2025,
company:300377.SZ,keyword:智能理赔,semantic_association,0.475019,AR_300377_SZ_2025,
company:300377.SZ,keyword:信贷风控,semantic_association,0.539076,AR_300377_SZ_2025,
company:300377.SZ,keyword:信用评分,semantic_association,0.518029,AR_300377_SZ_2025,
company:300377.SZ,keyword:量化投资,semantic_association,0.506258,AR_300377_SZ_2025,
company:300377.SZ,keyword:信息抽取,semantic_association,0.50539,AR_300377_SZ_2025,
company:300377.SZ,keyword:数据质量,semantic_association,0.503564,AR_300377_SZ_2025,
company:300377.SZ,keyword:资产管理,semantic_association,0.502493,AR_300377_SZ_2025,
company:300377.SZ,keyword:数据资产,semantic_association,0.500865,AR_300377_SZ_2025,
company:300377.SZ,keyword:财富管理,semantic_association,0.500644,AR_300377_SZ_2025,
company:300377.SZ,keyword:财务SaaS,semantic_association,0.49921,AR_300377_SZ_2025,
company:300377.SZ,keyword:贷后管理,semantic_association,0.497438,AR_300377_SZ_2025,
company:300377.SZ,keyword:业财一体化,semantic_association,0.495977,AR_300377_SZ_2025,
company:300377.SZ,keyword:银行IT,semantic_association,0.489292,AR_300377_SZ_2025,
company:300377.SZ,keyword:信贷风控,semantic_association,0.50567,AR_300377_SZ_2025,
company:300377.SZ,keyword:时序预测,semantic_association,0.498984,AR_300377_SZ_2025,
company:300377.SZ,keyword:信息抽取,semantic_association,0.467603,AR_300377_SZ_2025,
company:300377.SZ,keyword:信用评分,semantic_association,0.459128,AR_300377_SZ_2025,
company:300377.SZ,keyword:实时计算,semantic_association,0.448899,AR_300377_SZ_2025,
company:300377.SZ,keyword:财务SaaS,semantic_association,0.447946,AR_300377_SZ_2025,
company:300377.SZ,keyword:多方安全计算,semantic_association,0.442187,AR_300377_SZ_2025,
company:300377.SZ,keyword:授信审批,semantic_association,0.441609,AR_300377_SZ_2025,
company:300377.SZ,keyword:财富管理,semantic_association,0.439278,AR_300377_SZ_2025,
company:300377.SZ,keyword:量化投资,semantic_association,0.437621,AR_300377_SZ_2025,
company:300377.SZ,keyword:资产管理,semantic_association,0.436753,AR_300377_SZ_2025,
company:300377.SZ,keyword:业财一体化,semantic_association,0.431214,AR_300377_SZ_2025,
company:300674.SZ,keyword:银行IT,semantic_association,0.592509,AR_300674_SZ_2025,
company:300674.SZ,keyword:核心银行系统,semantic_association,0.585782,AR_300674_SZ_2025,
company:300674.SZ,keyword:信贷风控,semantic_association,0.571057,AR_300674_SZ_2025,
company:300674.SZ,keyword:授信审批,semantic_association,0.567239,AR_300674_SZ_2025,
company:300674.SZ,keyword:合规科技,semantic_association,0.564175,AR_300674_SZ_2025,
company:300674.SZ,keyword:信用评分,semantic_association,0.556557,AR_300674_SZ_2025,
company:300674.SZ,keyword:监管科技,semantic_association,0.545386,AR_300674_SZ_2025,
company:300674.SZ,keyword:数据质量,semantic_association,0.538305,AR_300674_SZ_2025,
company:300674.SZ,keyword:金融云,semantic_association,0.53514,AR_300674_SZ_2025,
company:300674.SZ,keyword:主数据管理,semantic_association,0.531964,AR_300674_SZ_2025,
company:300674.SZ,keyword:数字银行,semantic_association,0.528225,AR_300674_SZ_2025,
company:300674.SZ,keyword:财务SaaS,semantic_association,0.527256,AR_300674_SZ_2025,
company:300674.SZ,keyword:核心银行系统,semantic_association,0.579428,AR_300674_SZ_2025,
company:300674.SZ,keyword:银行IT,semantic_association,0.576987,AR_300674_SZ_2025,
company:300674.SZ,keyword:供应链金融,semantic_association,0.567622,AR_300674_SZ_2025,
company:300674.SZ,keyword:金融云,semantic_association,0.561776,AR_300674_SZ_2025,
company:300674.SZ,keyword:智能客服,semantic_association,0.558086,AR_300674_SZ_2025,
company:300674.SZ,keyword:数字银行,semantic_association,0.543736,AR_300674_SZ_2025,
company:300674.SZ,keyword:金融大数据,semantic_association,0.54155,AR_300674_SZ_2025,
company:300674.SZ,keyword:信贷风控,semantic_association,0.53788,AR_300674_SZ_2025,
company:300674.SZ,keyword:财务SaaS,semantic_association,0.535467,AR_300674_SZ_2025,
company:300674.SZ,keyword:主数据管理,semantic_association,0.53258,AR_300674_SZ_2025,
company:300674.SZ,keyword:智能合约,semantic_association,0.527718,AR_300674_SZ_2025,
company:300674.SZ,keyword:监管科技,semantic_association,0.524132,AR_300674_SZ_2025,
company:300674.SZ,keyword:AIOps,semantic_association,0.561936,AR_300674_SZ_2025,
company:300674.SZ,keyword:深度学习,semantic_association,0.556305,AR_300674_SZ_2025,
company:300674.SZ,keyword:AIGC,semantic_association,0.555452,AR_300674_SZ_2025,
company:300674.SZ,keyword:人工智能,semantic_association,0.549562,AR_300674_SZ_2025,
company:300674.SZ,keyword:财务SaaS,semantic_association,0.528509,AR_300674_SZ_2025,
company:300674.SZ,keyword:主数据管理,semantic_association,0.522317,AR_300674_SZ_2025,
company:300674.SZ,keyword:云计算,semantic_association,0.520901,AR_300674_SZ_2025,
company:300674.SZ,keyword:智能合约,semantic_association,0.513972,AR_300674_SZ_2025,
company:300674.SZ,keyword:银行IT,semantic_association,0.500926,AR_300674_SZ_2025,
company:300674.SZ,keyword:RPA,semantic_association,0.500014,AR_300674_SZ_2025,
company:300674.SZ,keyword:金融云,semantic_association,0.496046,AR_300674_SZ_2025,
company:300674.SZ,keyword:智能客服,semantic_association,0.482733,AR_300674_SZ_2025,
company:300674.SZ,keyword:提示工程,semantic_association,0.495459,AR_300674_SZ_2025,
company:300674.SZ,keyword:财务SaaS,semantic_association,0.478617,AR_300674_SZ_2025,
company:300674.SZ,keyword:资产管理,semantic_association,0.473582,AR_300674_SZ_2025,
company:300674.SZ,keyword:财富管理,semantic_association,0.464125,AR_300674_SZ_2025,
company:300674.SZ,keyword:业财一体化,semantic_association,0.460484,AR_300674_SZ_2025,
company:300674.SZ,keyword:量化投资,semantic_association,0.449999,AR_300674_SZ_2025,
company:300674.SZ,keyword:财务共享,semantic_association,0.44972,AR_300674_SZ_2025,
company:300674.SZ,keyword:文本摘要,semantic_association,0.442316,AR_300674_SZ_2025,
company:300674.SZ,keyword:数据资产,semantic_association,0.437801,AR_300674_SZ_2025,
company:300674.SZ,keyword:核心银行系统,semantic_association,0.437429,AR_300674_SZ_2025,
company:300674.SZ,keyword:银行IT,semantic_association,0.435432,AR_300674_SZ_2025,
company:300674.SZ,keyword:信贷风控,semantic_association,0.435249,AR_300674_SZ_2025,
company:000555.SZ,keyword:金融云,semantic_association,0.623798,AR_000555_SZ_2025,
company:000555.SZ,keyword:数字银行,semantic_association,0.589064,AR_000555_SZ_2025,
company:000555.SZ,keyword:金融大数据,semantic_association,0.582025,AR_000555_SZ_2025,
company:000555.SZ,keyword:核心银行系统,semantic_association,0.58022,AR_000555_SZ_2025,
company:000555.SZ,keyword:银行IT,semantic_association,0.561215,AR_000555_SZ_2025,
company:000555.SZ,keyword:分布式架构,semantic_association,0.552482,AR_000555_SZ_2025,
company:000555.SZ,keyword:云计算,semantic_association,0.54219,AR_000555_SZ_2025,
company:000555.SZ,keyword:主数据管理,semantic_association,0.536843,AR_000555_SZ_2025,
company:000555.SZ,keyword:信贷风控,semantic_association,0.5307,AR_000555_SZ_2025,
company:000555.SZ,keyword:财务SaaS,semantic_association,0.525924,AR_000555_SZ_2025,
company:000555.SZ,keyword:数据资产,semantic_association,0.518387,AR_000555_SZ_2025,
company:000555.SZ,keyword:数据治理,semantic_association,0.513548,AR_000555_SZ_2025,
company:000555.SZ,keyword:数字银行,semantic_association,0.664526,AR_000555_SZ_2025,
company:000555.SZ,keyword:金融云,semantic_association,0.632416,AR_000555_SZ_2025,
company:000555.SZ,keyword:核心银行系统,semantic_association,0.621178,AR_000555_SZ_2025,
company:000555.SZ,keyword:金融大数据,semantic_association,0.620495,AR_000555_SZ_2025,
company:000555.SZ,keyword:银行IT,semantic_association,0.614502,AR_000555_SZ_2025,
company:000555.SZ,keyword:信贷风控,semantic_association,0.597537,AR_000555_SZ_2025,
company:000555.SZ,keyword:主数据管理,semantic_association,0.594329,AR_000555_SZ_2025,
company:000555.SZ,keyword:财务SaaS,semantic_association,0.566431,AR_000555_SZ_2025,
company:000555.SZ,keyword:贷后管理,semantic_association,0.564134,AR_000555_SZ_2025,
company:000555.SZ,keyword:智能客服,semantic_association,0.563627,AR_000555_SZ_2025,
company:000555.SZ,keyword:数据质量,semantic_association,0.559052,AR_000555_SZ_2025,
company:000555.SZ,keyword:数据治理,semantic_association,0.556934,AR_000555_SZ_2025,
company:000555.SZ,keyword:数字银行,semantic_association,0.640642,AR_000555_SZ_2025,
company:000555.SZ,keyword:金融大数据,semantic_association,0.613638,AR_000555_SZ_2025,
company:000555.SZ,keyword:税务数字化,semantic_association,0.578139,AR_000555_SZ_2025,
company:000555.SZ,keyword:金融云,semantic_association,0.57047,AR_000555_SZ_2025,
company:000555.SZ,keyword:银行IT,semantic_association,0.56124,AR_000555_SZ_2025,
company:000555.SZ,keyword:主数据管理,semantic_association,0.559995,AR_000555_SZ_2025,
company:000555.SZ,keyword:数据治理,semantic_association,0.553806,AR_000555_SZ_2025,
company:000555.SZ,keyword:数据资产,semantic_association,0.550241,AR_000555_SZ_2025,
company:000555.SZ,keyword:数据质量,semantic_association,0.545467,AR_000555_SZ_2025,
company:000555.SZ,keyword:信息抽取,semantic_association,0.536061,AR_000555_SZ_2025,
company:000555.SZ,keyword:财务SaaS,semantic_association,0.5346,AR_000555_SZ_2025,
company:000555.SZ,keyword:智能客服,semantic_association,0.533491,AR_000555_SZ_2025,
company:000555.SZ,keyword:数据资产,semantic_association,0.556225,AR_000555_SZ_2025,
company:000555.SZ,keyword:数字银行,semantic_association,0.548027,AR_000555_SZ_2025,
company:000555.SZ,keyword:财务SaaS,semantic_association,0.543604,AR_000555_SZ_2025,
company:000555.SZ,keyword:税务数字化,semantic_association,0.517278,AR_000555_SZ_2025,
company:000555.SZ,keyword:金融大数据,semantic_association,0.514163,AR_000555_SZ_2025,
company:000555.SZ,keyword:财富管理,semantic_association,0.508745,AR_000555_SZ_2025,
company:000555.SZ,keyword:主数据管理,semantic_association,0.498677,AR_000555_SZ_2025,
company:000555.SZ,keyword:数据仓库,semantic_association,0.497027,AR_000555_SZ_2025,
company:000555.SZ,keyword:数据血缘,semantic_association,0.492802,AR_000555_SZ_2025,
company:000555.SZ,keyword:数据质量,semantic_association,0.486566,AR_000555_SZ_2025,
company:000555.SZ,keyword:资产管理,semantic_association,0.478576,AR_000555_SZ_2025,
company:000555.SZ,keyword:银行IT,semantic_association,0.476444,AR_000555_SZ_2025,
company:300348.SZ,keyword:量化投资,semantic_association,0.500558,AR_300348_SZ_2025,
company:300348.SZ,keyword:财务SaaS,semantic_association,0.49393,AR_300348_SZ_2025,
company:300348.SZ,keyword:资产管理,semantic_association,0.491195,AR_300348_SZ_2025,
company:300348.SZ,keyword:财务共享,semantic_association,0.488841,AR_300348_SZ_2025,
company:300348.SZ,keyword:财富管理,semantic_association,0.486382,AR_300348_SZ_2025,
company:300348.SZ,keyword:数据资产,semantic_association,0.480451,AR_300348_SZ_2025,
company:300348.SZ,keyword:合规科技,semantic_association,0.479583,AR_300348_SZ_2025,
company:300348.SZ,keyword:深度学习,semantic_association,0.479259,AR_300348_SZ_2025,
company:300348.SZ,keyword:数据质量,semantic_association,0.474799,AR_300348_SZ_2025,
company:300348.SZ,keyword:业财一体化,semantic_association,0.471487,AR_300348_SZ_2025,
company:300348.SZ,keyword:国产化,semantic_association,0.470754,AR_300348_SZ_2025,
company:300348.SZ,keyword:支付清算,semantic_association,0.465308,AR_300348_SZ_2025,
company:300348.SZ,keyword:智能交易,semantic_association,0.53643,AR_300348_SZ_2025,
company:300348.SZ,keyword:深度学习,semantic_association,0.535028,AR_300348_SZ_2025,
company:300348.SZ,keyword:财务SaaS,semantic_association,0.525982,AR_300348_SZ_2025,
company:300348.SZ,keyword:量化投资,semantic_association,0.51178,AR_300348_SZ_2025,
company:300348.SZ,keyword:AIOps,semantic_association,0.508925,AR_300348_SZ_2025,
company:300348.SZ,keyword:智能客服,semantic_association,0.508789,AR_300348_SZ_2025,
company:300348.SZ,keyword:人工智能,semantic_association,0.50039,AR_300348_SZ_2025,
company:300348.SZ,keyword:银行IT,semantic_association,0.49695,AR_300348_SZ_2025,
company:300348.SZ,keyword:智能问答,semantic_association,0.495439,AR_300348_SZ_2025,
company:300348.SZ,keyword:AIGC,semantic_association,0.491652,AR_300348_SZ_2025,
company:300348.SZ,keyword:智能合约,semantic_association,0.488567,AR_300348_SZ_2025,
company:300348.SZ,keyword:数字银行,semantic_association,0.487784,AR_300348_SZ_2025,
company:300348.SZ,keyword:财务SaaS,semantic_association,0.479567,AR_300348_SZ_2025,
company:300348.SZ,keyword:量化投资,semantic_association,0.473552,AR_300348_SZ_2025,
company:300348.SZ,keyword:深度学习,semantic_association,0.465026,AR_300348_SZ_2025,
company:300348.SZ,keyword:授信审批,semantic_association,0.462794,AR_300348_SZ_2025,
company:300348.SZ,keyword:提示工程,semantic_association,0.456517,AR_300348_SZ_2025,
company:300348.SZ,keyword:财务共享,semantic_association,0.446769,AR_300348_SZ_2025,
company:300348.SZ,keyword:财富管理,semantic_association,0.440571,AR_300348_SZ_2025,
company:300348.SZ,keyword:数据资产,semantic_association,0.437867,AR_300348_SZ_2025,
company:300348.SZ,keyword:智能合约,semantic_association,0.436612,AR_300348_SZ_2025,
company:300348.SZ,keyword:主数据管理,semantic_association,0.436049,AR_300348_SZ_2025,
company:300348.SZ,keyword:合规科技,semantic_association,0.432124,AR_300348_SZ_2025,
company:300348.SZ,keyword:AIGC,semantic_association,0.429593,AR_300348_SZ_2025,
company:300348.SZ,keyword:财务SaaS,semantic_association,0.527391,AR_300348_SZ_2025,
company:300348.SZ,keyword:财务共享,semantic_association,0.516798,AR_300348_SZ_2025,
company:300348.SZ,keyword:财富管理,semantic_association,0.515283,AR_300348_SZ_2025,
company:300348.SZ,keyword:数据资产,semantic_association,0.506237,AR_300348_SZ_2025,
company:300348.SZ,keyword:资产管理,semantic_association,0.486583,AR_300348_SZ_2025,
company:300348.SZ,keyword:数字银行,semantic_association,0.472502,AR_300348_SZ_2025,
company:300348.SZ,keyword:业财一体化,semantic_association,0.465234,AR_300348_SZ_2025,
company:300348.SZ,keyword:量化投资,semantic_association,0.461314,AR_300348_SZ_2025,
company:300348.SZ,keyword:提示工程,semantic_association,0.460548,AR_300348_SZ_2025,
company:300348.SZ,keyword:税务数字化,semantic_association,0.448026,AR_300348_SZ_2025,
company:300348.SZ,keyword:智能问答,semantic_association,0.440083,AR_300348_SZ_2025,
company:300348.SZ,keyword:金融大数据,semantic_association,0.439953,AR_300348_SZ_2025,
company:300872.SZ,keyword:核心银行系统,semantic_association,0.629186,AR_300872_SZ_2025,
company:300872.SZ,keyword:金融云,semantic_association,0.57508,AR_300872_SZ_2025,
company:300872.SZ,keyword:银行IT,semantic_association,0.568108,AR_300872_SZ_2025,
company:300872.SZ,keyword:数字银行,semantic_association,0.556522,AR_300872_SZ_2025,
company:300872.SZ,keyword:金融大数据,semantic_association,0.550906,AR_300872_SZ_2025,
company:300872.SZ,keyword:智能交易,semantic_association,0.543861,AR_300872_SZ_2025,
company:300872.SZ,keyword:人工智能,semantic_association,0.524751,AR_300872_SZ_2025,
company:300872.SZ,keyword:财务SaaS,semantic_association,0.523662,AR_300872_SZ_2025,
company:300872.SZ,keyword:主数据管理,semantic_association,0.522157,AR_300872_SZ_2025,
company:300872.SZ,keyword:云计算,semantic_association,0.520954,AR_300872_SZ_2025,
company:300872.SZ,keyword:信贷风控,semantic_association,0.518495,AR_300872_SZ_2025,
company:300872.SZ,keyword:推荐系统,semantic_association,0.517913,AR_300872_SZ_2025,
company:300872.SZ,keyword:业财一体化,semantic_association,0.534628,AR_300872_SZ_2025,
company:300872.SZ,keyword:提示工程,semantic_association,0.485408,AR_300872_SZ_2025,
company:300872.SZ,keyword:量化投资,semantic_association,0.484116,AR_300872_SZ_2025,
company:300872.SZ,keyword:财富管理,semantic_association,0.479523,AR_300872_SZ_2025,
company:300872.SZ,keyword:资产管理,semantic_association,0.477234,AR_300872_SZ_2025,
company:300872.SZ,keyword:财务SaaS,semantic_association,0.473019,AR_300872_SZ_2025,
company:300872.SZ,keyword:核心银行系统,semantic_association,0.470104,AR_300872_SZ_2025,
company:300872.SZ,keyword:推荐系统,semantic_association,0.46316,AR_300872_SZ_2025,
company:300872.SZ,keyword:数据质量,semantic_association,0.459003,AR_300872_SZ_2025,
company:300872.SZ,keyword:国产化,semantic_association,0.458758,AR_300872_SZ_2025,
company:300872.SZ,keyword:数据资产,semantic_association,0.458207,AR_300872_SZ_2025,
company:300872.SZ,keyword:主数据管理,semantic_association,0.458191,AR_300872_SZ_2025,
company:300872.SZ,keyword:业财一体化,semantic_association,0.534628,AR_300872_SZ_2025,
company:300872.SZ,keyword:提示工程,semantic_association,0.485408,AR_300872_SZ_2025,
company:300872.SZ,keyword:量化投资,semantic_association,0.484116,AR_300872_SZ_2025,
company:300872.SZ,keyword:财富管理,semantic_association,0.479523,AR_300872_SZ_2025,
company:300872.SZ,keyword:资产管理,semantic_association,0.477234,AR_300872_SZ_2025,
company:300872.SZ,keyword:财务SaaS,semantic_association,0.473019,AR_300872_SZ_2025,
company:300872.SZ,keyword:核心银行系统,semantic_association,0.470104,AR_300872_SZ_2025,
company:300872.SZ,keyword:推荐系统,semantic_association,0.46316,AR_300872_SZ_2025,
company:300872.SZ,keyword:数据质量,semantic_association,0.459003,AR_300872_SZ_2025,
company:300872.SZ,keyword:国产化,semantic_association,0.458758,AR_300872_SZ_2025,
company:300872.SZ,keyword:数据资产,semantic_association,0.458207,AR_300872_SZ_2025,
company:300872.SZ,keyword:主数据管理,semantic_association,0.458191,AR_300872_SZ_2025,
company:300872.SZ,keyword:业财一体化,semantic_association,0.532979,AR_300872_SZ_2025,
company:300872.SZ,keyword:财富管理,semantic_association,0.531315,AR_300872_SZ_2025,
company:300872.SZ,keyword:财务SaaS,semantic_association,0.518101,AR_300872_SZ_2025,
company:300872.SZ,keyword:数据资产,semantic_association,0.502656,AR_300872_SZ_2025,
company:300872.SZ,keyword:资产管理,semantic_association,0.499931,AR_300872_SZ_2025,
company:300872.SZ,keyword:财务共享,semantic_association,0.486222,AR_300872_SZ_2025,
company:300872.SZ,keyword:金融大数据,semantic_association,0.479419,AR_300872_SZ_2025,
company:300872.SZ,keyword:金融云,semantic_association,0.474904,AR_300872_SZ_2025,
company:300872.SZ,keyword:量化投资,semantic_association,0.467707,AR_300872_SZ_2025,
company:300872.SZ,keyword:核心银行系统,semantic_association,0.466275,AR_300872_SZ_2025,
company:300872.SZ,keyword:数字银行,semantic_association,0.460815,AR_300872_SZ_2025,
company:300872.SZ,keyword:信贷风控,semantic_association,0.450064,AR_300872_SZ_2025,
company:688590.SH,keyword:信贷风控,semantic_association,0.591279,AR_688590_SH_2025,
company:688590.SH,keyword:推荐系统,semantic_association,0.545492,AR_688590_SH_2025,
company:688590.SH,keyword:金融云,semantic_association,0.545249,AR_688590_SH_2025,
company:688590.SH,keyword:核心银行系统,semantic_association,0.525737,AR_688590_SH_2025,
company:688590.SH,keyword:供应链金融,semantic_association,0.519691,AR_688590_SH_2025,
company:688590.SH,keyword:多方安全计算,semantic_association,0.515313,AR_688590_SH_2025,
company:688590.SH,keyword:金融大数据,semantic_association,0.508437,AR_688590_SH_2025,
company:688590.SH,keyword:财务SaaS,semantic_association,0.508362,AR_688590_SH_2025,
company:688590.SH,keyword:银行IT,semantic_association,0.501798,AR_688590_SH_2025,
company:688590.SH,keyword:量化投资,semantic_association,0.492249,AR_688590_SH_2025,
company:688590.SH,keyword:资产管理,semantic_association,0.491548,AR_688590_SH_2025,
company:688590.SH,keyword:主数据管理,semantic_association,0.48592,AR_688590_SH_2025,
company:688590.SH,keyword:财务SaaS,semantic_association,0.508597,AR_688590_SH_2025,
company:688590.SH,keyword:推荐系统,semantic_association,0.499837,AR_688590_SH_2025,
company:688590.SH,keyword:流式计算,semantic_association,0.493402,AR_688590_SH_2025,
company:688590.SH,keyword:量化投资,semantic_association,0.489017,AR_688590_SH_2025,
company:688590.SH,keyword:多方安全计算,semantic_association,0.484664,AR_688590_SH_2025,
company:688590.SH,keyword:支付清算,semantic_association,0.484139,AR_688590_SH_2025,
company:688590.SH,keyword:财务共享,semantic_association,0.482736,AR_688590_SH_2025,
company:688590.SH,keyword:实时计算,semantic_association,0.480829,AR_688590_SH_2025,
company:688590.SH,keyword:国产化,semantic_association,0.477576,AR_688590_SH_2025,
company:688590.SH,keyword:业财一体化,semantic_association,0.475146,AR_688590_SH_2025,
company:688590.SH,keyword:云计算,semantic_association,0.473241,AR_688590_SH_2025,
company:688590.SH,keyword:隐私计算,semantic_association,0.470969,AR_688590_SH_2025,
company:688590.SH,keyword:数据资产,semantic_association,0.532077,AR_688590_SH_2025,
company:688590.SH,keyword:财务SaaS,semantic_association,0.517933,AR_688590_SH_2025,
company:688590.SH,keyword:多方安全计算,semantic_association,0.510483,AR_688590_SH_2025,
company:688590.SH,keyword:税务数字化,semantic_association,0.506456,AR_688590_SH_2025,
company:688590.SH,keyword:金融大数据,semantic_association,0.499503,AR_688590_SH_2025,
company:688590.SH,keyword:数字银行,semantic_association,0.499394,AR_688590_SH_2025,
company:688590.SH,keyword:数字人民币,semantic_association,0.498223,AR_688590_SH_2025,
company:688590.SH,keyword:支付清算,semantic_association,0.495496,AR_688590_SH_2025,
company:688590.SH,keyword:云计算,semantic_association,0.494771,AR_688590_SH_2025,
company:688590.SH,keyword:数据质量,semantic_association,0.494451,AR_688590_SH_2025,
company:688590.SH,keyword:财务共享,semantic_association,0.493302,AR_688590_SH_2025,
company:688590.SH,keyword:流式计算,semantic_association,0.485638,AR_688590_SH_2025,
company:688590.SH,keyword:多方安全计算,semantic_association,0.488181,AR_688590_SH_2025,
company:688590.SH,keyword:财务SaaS,semantic_association,0.486927,AR_688590_SH_2025,
company:688590.SH,keyword:信贷风控,semantic_association,0.469233,AR_688590_SH_2025,
company:688590.SH,keyword:财务共享,semantic_association,0.467521,AR_688590_SH_2025,
company:688590.SH,keyword:推荐系统,semantic_association,0.463835,AR_688590_SH_2025,
company:688590.SH,keyword:提示工程,semantic_association,0.463811,AR_688590_SH_2025,
company:688590.SH,keyword:资产管理,semantic_association,0.463594,AR_688590_SH_2025,
company:688590.SH,keyword:财富管理,semantic_association,0.463021,AR_688590_SH_2025,
company:688590.SH,keyword:授信审批,semantic_association,0.452511,AR_688590_SH_2025,
company:688590.SH,keyword:文本摘要,semantic_association,0.450658,AR_688590_SH_2025,
company:688590.SH,keyword:支付清算,semantic_association,0.447485,AR_688590_SH_2025,
company:688590.SH,keyword:业财一体化,semantic_association,0.441817,AR_688590_SH_2025,
company:002230.SZ,keyword:人工智能,semantic_association,0.546203,AR_002230_SZ_2025,
company:002230.SZ,keyword:合规科技,semantic_association,0.545465,AR_002230_SZ_2025,
company:002230.SZ,keyword:智能客服,semantic_association,0.538124,AR_002230_SZ_2025,
company:002230.SZ,keyword:数据质量,semantic_association,0.520931,AR_002230_SZ_2025,
company:002230.SZ,keyword:智能问答,semantic_association,0.520652,AR_002230_SZ_2025,
company:002230.SZ,keyword:智能合约,semantic_association,0.510217,AR_002230_SZ_2025,
company:002230.SZ,keyword:智能交易,semantic_association,0.508629,AR_002230_SZ_2025,
company:002230.SZ,keyword:智能风控,semantic_association,0.507455,AR_002230_SZ_2025,
company:002230.SZ,keyword:AIGC,semantic_association,0.499875,AR_002230_SZ_2025,
company:002230.SZ,keyword:推荐系统,semantic_association,0.49226,AR_002230_SZ_2025,
company:002230.SZ,keyword:银行IT,semantic_association,0.487232,AR_002230_SZ_2025,
company:002230.SZ,keyword:核心银行系统,semantic_association,0.483845,AR_002230_SZ_2025,
company:002230.SZ,keyword:人工智能,semantic_association,0.539413,AR_002230_SZ_2025,
company:002230.SZ,keyword:模型部署,semantic_association,0.536063,AR_002230_SZ_2025,
company:002230.SZ,keyword:大语言模型,semantic_association,0.522204,AR_002230_SZ_2025,
company:002230.SZ,keyword:AIGC,semantic_association,0.520195,AR_002230_SZ_2025,
company:002230.SZ,keyword:AIOps,semantic_association,0.517443,AR_002230_SZ_2025,
company:002230.SZ,keyword:智能问答,semantic_association,0.49132,AR_002230_SZ_2025,
company:002230.SZ,keyword:模型可解释性,semantic_association,0.490175,AR_002230_SZ_2025,
company:002230.SZ,keyword:模型治理,semantic_association,0.485621,AR_002230_SZ_2025,
company:002230.SZ,keyword:智能合约,semantic_association,0.4767,AR_002230_SZ_2025,
company:002230.SZ,keyword:模型训练,semantic_association,0.473043,AR_002230_SZ_2025,
company:002230.SZ,keyword:智能风控,semantic_association,0.470845,AR_002230_SZ_2025,
company:002230.SZ,keyword:金融大数据,semantic_association,0.469757,AR_002230_SZ_2025,
company:002230.SZ,keyword:语音识别,semantic_association,0.565166,AR_002230_SZ_2025,
company:002230.SZ,keyword:语音合成,semantic_association,0.536251,AR_002230_SZ_2025,
company:002230.SZ,keyword:智能问答,semantic_association,0.529385,AR_002230_SZ_2025,
company:002230.SZ,keyword:大语言模型,semantic_association,0.524091,AR_002230_SZ_2025,
company:002230.SZ,keyword:智能客服,semantic_association,0.503874,AR_002230_SZ_2025,
company:002230.SZ,keyword:合规科技,semantic_association,0.502642,AR_002230_SZ_2025,
company:002230.SZ,keyword:智能风控,semantic_association,0.478877,AR_002230_SZ_2025,
company:002230.SZ,keyword:智能合约,semantic_association,0.477316,AR_002230_SZ_2025,
company:002230.SZ,keyword:云计算,semantic_association,0.47533,AR_002230_SZ_2025,
company:002230.SZ,keyword:AIGC,semantic_association,0.472813,AR_002230_SZ_2025,
company:002230.SZ,keyword:人工智能,semantic_association,0.470328,AR_002230_SZ_2025,
company:002230.SZ,keyword:AIOps,semantic_association,0.466582,AR_002230_SZ_2025,
company:002230.SZ,keyword:资产管理,semantic_association,0.48367,AR_002230_SZ_2025,
company:002230.SZ,keyword:数据资产,semantic_association,0.455262,AR_002230_SZ_2025,
company:002230.SZ,keyword:财务共享,semantic_association,0.454637,AR_002230_SZ_2025,
company:002230.SZ,keyword:财务SaaS,semantic_association,0.449698,AR_002230_SZ_2025,
company:002230.SZ,keyword:财富管理,semantic_association,0.447712,AR_002230_SZ_2025,
company:002230.SZ,keyword:时序预测,semantic_association,0.446303,AR_002230_SZ_2025,
company:002230.SZ,keyword:提示工程,semantic_association,0.446096,AR_002230_SZ_2025,
company:002230.SZ,keyword:信贷风控,semantic_association,0.445683,AR_002230_SZ_2025,
company:002230.SZ,keyword:授信审批,semantic_association,0.441085,AR_002230_SZ_2025,
company:002230.SZ,keyword:信用评分,semantic_association,0.438318,AR_002230_SZ_2025,
company:002230.SZ,keyword:量化投资,semantic_association,0.432836,AR_002230_SZ_2025,
company:002230.SZ,keyword:实时计算,semantic_association,0.43181,AR_002230_SZ_2025,
company:300229.SZ,keyword:信息抽取,semantic_association,0.478722,AR_300229_SZ_2025,
company:300229.SZ,keyword:资产管理,semantic_association,0.454741,AR_300229_SZ_2025,
company:300229.SZ,keyword:信贷风控,semantic_association,0.4503,AR_300229_SZ_2025,
company:300229.SZ,keyword:信用评分,semantic_association,0.447338,AR_300229_SZ_2025,
company:300229.SZ,keyword:信创,semantic_association,0.441865,AR_300229_SZ_2025,
company:300229.SZ,keyword:量化投资,semantic_association,0.440901,AR_300229_SZ_2025,
company:300229.SZ,keyword:提示工程,semantic_association,0.43576,AR_300229_SZ_2025,
company:300229.SZ,keyword:主数据管理,semantic_association,0.434004,AR_300229_SZ_2025,
company:300229.SZ,keyword:云计算,semantic_association,0.433657,AR_300229_SZ_2025,
company:300229.SZ,keyword:数据资产,semantic_association,0.430998,AR_300229_SZ_2025,
company:300229.SZ,keyword:财富管理,semantic_association,0.430842,AR_300229_SZ_2025,
company:300229.SZ,keyword:核心银行系统,semantic_association,0.427109,AR_300229_SZ_2025,
company:300229.SZ,keyword:信创,semantic_association,0.564132,AR_300229_SZ_2025,
company:300229.SZ,keyword:决策引擎,semantic_association,0.534076,AR_300229_SZ_2025,
company:300229.SZ,keyword:推荐系统,semantic_association,0.52507,AR_300229_SZ_2025,
company:300229.SZ,keyword:信贷风控,semantic_association,0.522816,AR_300229_SZ_2025,
company:300229.SZ,keyword:主数据管理,semantic_association,0.512904,AR_300229_SZ_2025,
company:300229.SZ,keyword:AIOps,semantic_association,0.510048,AR_300229_SZ_2025,
company:300229.SZ,keyword:信息抽取,semantic_association,0.509738,AR_300229_SZ_2025,
company:300229.SZ,keyword:人工智能,semantic_association,0.509408,AR_300229_SZ_2025,
company:300229.SZ,keyword:深度学习,semantic_association,0.505756,AR_300229_SZ_2025,
company:300229.SZ,keyword:智能问答,semantic_association,0.500456,AR_300229_SZ_2025,
company:300229.SZ,keyword:核心银行系统,semantic_association,0.497737,AR_300229_SZ_2025,
company:300229.SZ,keyword:AIGC,semantic_association,0.496642,AR_300229_SZ_2025,
company:300229.SZ,keyword:人工智能,semantic_association,0.622784,AR_300229_SZ_2025,
company:300229.SZ,keyword:智能问答,semantic_association,0.588247,AR_300229_SZ_2025,
company:300229.SZ,keyword:智能客服,semantic_association,0.569437,AR_300229_SZ_2025,
company:300229.SZ,keyword:主数据管理,semantic_association,0.546104,AR_300229_SZ_2025,
company:300229.SZ,keyword:智能交易,semantic_association,0.544996,AR_300229_SZ_2025,
company:300229.SZ,keyword:决策引擎,semantic_association,0.542148,AR_300229_SZ_2025,
company:300229.SZ,keyword:AIOps,semantic_association,0.541152,AR_300229_SZ_2025,
company:300229.SZ,keyword:深度学习,semantic_association,0.540469,AR_300229_SZ_2025,
company:300229.SZ,keyword:智能风控,semantic_association,0.53796,AR_300229_SZ_2025,
company:300229.SZ,keyword:智能投顾,semantic_association,0.527888,AR_300229_SZ_2025,
company:300229.SZ,keyword:智能理赔,semantic_association,0.525593,AR_300229_SZ_2025,
company:300229.SZ,keyword:智能合约,semantic_association,0.525254,AR_300229_SZ_2025,
company:300229.SZ,keyword:信息抽取,semantic_association,0.478722,AR_300229_SZ_2025,
company:300229.SZ,keyword:资产管理,semantic_association,0.454741,AR_300229_SZ_2025,
company:300229.SZ,keyword:信贷风控,semantic_association,0.4503,AR_300229_SZ_2025,
company:300229.SZ,keyword:信用评分,semantic_association,0.447338,AR_300229_SZ_2025,
company:300229.SZ,keyword:信创,semantic_association,0.441865,AR_300229_SZ_2025,
company:300229.SZ,keyword:量化投资,semantic_association,0.440901,AR_300229_SZ_2025,
company:300229.SZ,keyword:提示工程,semantic_association,0.43576,AR_300229_SZ_2025,
company:300229.SZ,keyword:主数据管理,semantic_association,0.434004,AR_300229_SZ_2025,
company:300229.SZ,keyword:云计算,semantic_association,0.433657,AR_300229_SZ_2025,
company:300229.SZ,keyword:数据资产,semantic_association,0.430998,AR_300229_SZ_2025,
company:300229.SZ,keyword:财富管理,semantic_association,0.430842,AR_300229_SZ_2025,
company:300229.SZ,keyword:核心银行系统,semantic_association,0.427109,AR_300229_SZ_2025,
company:600570.SH,product_page:600570.SH,has_product_page,,https://www.hundsun.com/,link_provided
company:300033.SZ,product_page:300033.SZ,has_product_page,,https://www.thsyun.com/#/service/CustomerServiceBot,link_provided
company:300059.SZ,product_page:300059.SZ,has_product_page,,https://about.eastmoney.com/about/product,link_provided
company:600446.SH,product_page:600446.SH,has_product_page,,https://www.szkingdom.com/product/31,link_provided
company:300377.SZ,product_page:300377.SZ,has_product_page,,http://www.ysstech.com/solutions/financial-tech,link_provided
company:300674.SZ,product_page:300674.SZ,has_product_page,,https://www.yusys.com.cn/,link_provided
company:000555.SZ,product_page:000555.SZ,has_product_page,,https://www.dcits.com/product-and-solution/,link_provided
company:300348.SZ,product_page:300348.SZ,has_product_page,,https://www.sunline.cn/products.html,link_provided
company:300872.SZ,product_page:300872.SZ,has_product_page,,https://www.tansun.com.cn/product/222,link_provided
company:300663.SZ,product_page:300663.SZ,has_product_page,,https://www.csii.com.cn/proSolu.html,link_provided
company:002987.SZ,product_page:002987.SZ,has_product_page,,https://www.northking.net/page/cp/cp-3.html,link_provided
company:603927.SH,product_page:603927.SH,has_product_page,,https://www.sinosoft.com.cn/customer/ccbx/,link_provided
company:688590.SH,product_page:688590.SH,has_product_page,,https://www.newtouch.com/,link_provided
company:002230.SZ,product_page:002230.SZ,has_product_page,,http://fintech.iflytek.com/solution/18.html,link_provided
company:300229.SZ,product_page:300229.SZ,has_product_page,,https://www.trs.com.cn/,link_provided
company:600570.SH,product_line:600570.SH:LightGPT与WarrenQ智能投研平台,offers_stage1_product_line_claim,,第一部分1修改-2.docx 第4.1节,partial_distinctive_product_entity_text_verification
product_line:600570.SH:LightGPT与WarrenQ智能投研平台,technical_category:大模型与语言技术,maps_to_technical_category,,机构核心交易与投研,partial_distinctive_product_entity_text_verification
company:300033.SZ,product_line:300033.SZ:问财金融大模型与同创智能体平台,offers_stage1_product_line_claim,,第一部分1修改-2.docx 第4.1节,no_distinctive_product_entity_text_match_found
product_line:300033.SZ:问财金融大模型与同创智能体平台,technical_category:大模型与语言技术,maps_to_technical_category,,C端投顾与B端机构投研,no_distinctive_product_entity_text_match_found
company:300059.SZ,product_line:300059.SZ:妙想金融大模型与妙想投研助理,offers_stage1_product_line_claim,,第一部分1修改-2.docx 第4.1节,all_distinctive_product_entities_text_verified
product_line:300059.SZ:妙想金融大模型与妙想投研助理,technical_category:大模型与语言技术,maps_to_technical_category,,投研与交易闭环,all_distinctive_product_entities_text_verified
company:600446.SH,product_line:600446.SH:K-GPT与AI-KOCA平台,offers_stage1_product_line_claim,,第一部分1修改-2.docx 第4.1节,partial_distinctive_product_entity_text_verification
product_line:600446.SH:K-GPT与AI-KOCA平台,technical_category:大模型与语言技术,maps_to_technical_category,,证券IT与RPA,partial_distinctive_product_entity_text_verification
company:300377.SZ,product_line:300377.SZ:AI-Agent专业服务器,offers_stage1_product_line_claim,,第一部分1修改-2.docx 第4.1节,no_distinctive_product_entity_text_match_found
product_line:300377.SZ:AI-Agent专业服务器,technical_category:人工智能基础,maps_to_technical_category,,资管风控与投研决策,no_distinctive_product_entity_text_match_found
company:300674.SZ,product_line:300674.SZ:星睿智调信贷AI智能体与ChatBI,offers_stage1_product_line_claim,,第一部分1修改-2.docx 第4.1节,all_distinctive_product_entities_text_verified
product_line:300674.SZ:星睿智调信贷AI智能体与ChatBI,technical_category:人工智能基础,maps_to_technical_category,,信贷尽调、审批与数据分析,all_distinctive_product_entities_text_verified
company:000555.SZ,product_line:000555.SZ:企业级智能体中台与Skillbase Agent OS,offers_stage1_product_line_claim,,第一部分1修改-2.docx 第4.1节,no_distinctive_product_entity_text_match_found
product_line:000555.SZ:企业级智能体中台与Skillbase Agent OS,technical_category:人工智能基础,maps_to_technical_category,,银行业务流程,no_distinctive_product_entity_text_match_found
company:300348.SZ,product_line:300348.SZ:分布式AI核心系统,offers_stage1_product_line_claim,,第一部分1修改-2.docx 第4.1节,no_distinctive_product_entity_text_match_found
product_line:300348.SZ:分布式AI核心系统,technical_category:人工智能基础,maps_to_technical_category,,银行核心系统与金融垂域模型,no_distinctive_product_entity_text_match_found
company:300872.SZ,product_line:300872.SZ:天策/天元金融大模型,offers_stage1_product_line_claim,,第一部分1修改-2.docx 第4.1节,no_distinctive_product_entity_text_match_found
product_line:300872.SZ:天策/天元金融大模型,technical_category:大模型与语言技术,maps_to_technical_category,,信用卡、风控与信贷审批,no_distinctive_product_entity_text_match_found
company:300663.SZ,product_line:300663.SZ:魔聚企业级智能体底座,offers_stage1_product_line_claim,,第一部分1修改-2.docx 第4.1节,no_distinctive_product_entity_text_match_found
product_line:300663.SZ:魔聚企业级智能体底座,technical_category:人工智能基础,maps_to_technical_category,,手机银行与网点机器人,no_distinctive_product_entity_text_match_found
company:002987.SZ,product_line:002987.SZ:金融知识智能体与数字员工,offers_stage1_product_line_claim,,第一部分1修改-2.docx 第4.1节,no_distinctive_product_entity_text_match_found
product_line:002987.SZ:金融知识智能体与数字员工,technical_category:人工智能基础,maps_to_technical_category,,客服与风控,no_distinctive_product_entity_text_match_found
company:603927.SH,product_line:603927.SH:中科文澜大模型与AI+云原生寿险核心系统,offers_stage1_product_line_claim,,第一部分1修改-2.docx 第4.1节,no_distinctive_product_entity_text_match_found
product_line:603927.SH:中科文澜大模型与AI+云原生寿险核心系统,technical_category:大模型与语言技术,maps_to_technical_category,,智能核保与理赔,no_distinctive_product_entity_text_match_found
company:688590.SH,product_line:688590.SH:新知大模型与AI一体机,offers_stage1_product_line_claim,,第一部分1修改-2.docx 第4.1节,partial_distinctive_product_entity_text_verification
product_line:688590.SH:新知大模型与AI一体机,technical_category:大模型与语言技术,maps_to_technical_category,,智能理赔、双录质检与核保,partial_distinctive_product_entity_text_verification
company:002230.SZ,product_line:002230.SZ:星火大模型金融解决方案,offers_stage1_product_line_claim,,第一部分1修改-2.docx 第4.1节,no_distinctive_product_entity_text_match_found
product_line:002230.SZ:星火大模型金融解决方案,technical_category:大模型与语言技术,maps_to_technical_category,,金融客服、营销与投研,no_distinctive_product_entity_text_match_found
company:300229.SZ,product_line:300229.SZ:拓天金融大模型,offers_stage1_product_line_claim,,第一部分1修改-2.docx 第4.1节,no_distinctive_product_entity_text_match_found
product_line:300229.SZ:拓天金融大模型,technical_category:大模型与语言技术,maps_to_technical_category,,舆情监控、智能研报与风控预警,no_distinctive_product_entity_text_match_found
company:002987.SZ,product_screenshot_page:002987.SZ:1,has_product_screenshot_page,,data/raw/product_page_screenshots/002987.SZ/11.京北方-截图1.jpeg,user_provided_product_page_screenshot
company:002987.SZ,product_screenshot_page:002987.SZ:10,has_product_screenshot_page,,data/raw/product_page_screenshots/002987.SZ/11.京北方-截图10.jpeg,user_provided_product_page_screenshot
company:002987.SZ,product_screenshot_page:002987.SZ:11,has_product_screenshot_page,,data/raw/product_page_screenshots/002987.SZ/11.京北方-截图11.jpeg,user_provided_product_page_screenshot
company:002987.SZ,product_screenshot_page:002987.SZ:12,has_product_screenshot_page,,data/raw/product_page_screenshots/002987.SZ/11.京北方-截图12.jpeg,user_provided_product_page_screenshot
company:002987.SZ,product_screenshot_page:002987.SZ:13,has_product_screenshot_page,,data/raw/product_page_screenshots/002987.SZ/11.京北方-截图13.jpeg,user_provided_product_page_screenshot
company:002987.SZ,product_screenshot_page:002987.SZ:14,has_product_screenshot_page,,data/raw/product_page_screenshots/002987.SZ/11.京北方-截图14.jpeg,user_provided_product_page_screenshot
company:002987.SZ,product_screenshot_page:002987.SZ:15,has_product_screenshot_page,,data/raw/product_page_screenshots/002987.SZ/11.京北方-截图15.jpeg,user_provided_product_page_screenshot
company:002987.SZ,product_screenshot_page:002987.SZ:16,has_product_screenshot_page,,data/raw/product_page_screenshots/002987.SZ/11.京北方-截图16.jpeg,user_provided_product_page_screenshot
company:002987.SZ,product_screenshot_page:002987.SZ:17,has_product_screenshot_page,,data/raw/product_page_screenshots/002987.SZ/11.京北方-截图17.jpeg,user_provided_product_page_screenshot
company:002987.SZ,product_screenshot_page:002987.SZ:2,has_product_screenshot_page,,data/raw/product_page_screenshots/002987.SZ/11.京北方-截图2.jpeg,user_provided_product_page_screenshot
company:002987.SZ,product_screenshot_page:002987.SZ:3,has_product_screenshot_page,,data/raw/product_page_screenshots/002987.SZ/11.京北方-截图3.jpeg,user_provided_product_page_screenshot
company:002987.SZ,product_screenshot_page:002987.SZ:4,has_product_screenshot_page,,data/raw/product_page_screenshots/002987.SZ/11.京北方-截图4.jpeg,user_provided_product_page_screenshot
company:002987.SZ,product_screenshot_page:002987.SZ:5,has_product_screenshot_page,,data/raw/product_page_screenshots/002987.SZ/11.京北方-截图5.jpeg,user_provided_product_page_screenshot
company:002987.SZ,product_screenshot_page:002987.SZ:6,has_product_screenshot_page,,data/raw/product_page_screenshots/002987.SZ/11.京北方-截图6.jpeg,user_provided_product_page_screenshot
company:002987.SZ,product_screenshot_page:002987.SZ:7,has_product_screenshot_page,,data/raw/product_page_screenshots/002987.SZ/11.京北方-截图7.jpeg,user_provided_product_page_screenshot
company:002987.SZ,product_screenshot_page:002987.SZ:8,has_product_screenshot_page,,data/raw/product_page_screenshots/002987.SZ/11.京北方-截图8.jpeg,user_provided_product_page_screenshot
company:002987.SZ,product_screenshot_page:002987.SZ:9,has_product_screenshot_page,,data/raw/product_page_screenshots/002987.SZ/11.京北方-截图9.jpeg,user_provided_product_page_screenshot
company:300663.SZ,product_screenshot_page:300663.SZ:1,has_product_screenshot_page,,data/raw/product_page_screenshots/300663.SZ/10.科蓝软件-截图.jpeg,user_provided_product_page_screenshot
company:300872.SZ,product_screenshot_page:300872.SZ:1,has_product_screenshot_page,,data/raw/product_page_screenshots/300872.SZ/9.天阳科技-截图1.jpeg,user_provided_product_page_screenshot
company:300872.SZ,product_screenshot_page:300872.SZ:2,has_product_screenshot_page,,data/raw/product_page_screenshots/300872.SZ/9.天阳科技-截图2.jpeg,user_provided_product_page_screenshot
company:300872.SZ,product_screenshot_page:300872.SZ:3,has_product_screenshot_page,,data/raw/product_page_screenshots/300872.SZ/9.天阳科技-截图3.jpeg,user_provided_product_page_screenshot
company:300872.SZ,product_screenshot_page:300872.SZ:4,has_product_screenshot_page,,data/raw/product_page_screenshots/300872.SZ/9.天阳科技-截图4.jpeg,user_provided_product_page_screenshot
company:300872.SZ,product_screenshot_page:300872.SZ:5,has_product_screenshot_page,,data/raw/product_page_screenshots/300872.SZ/9.天阳科技-截图5.jpeg,user_provided_product_page_screenshot
company:603927.SH,product_screenshot_page:603927.SH:1,has_product_screenshot_page,,data/raw/product_page_screenshots/603927.SH/12.中科软-截图1.jpeg,user_provided_product_page_screenshot
company:603927.SH,product_screenshot_page:603927.SH:10,has_product_screenshot_page,,data/raw/product_page_screenshots/603927.SH/12.中科软-截图10.jpeg,user_provided_product_page_screenshot
company:603927.SH,product_screenshot_page:603927.SH:11,has_product_screenshot_page,,data/raw/product_page_screenshots/603927.SH/12.中科软-截图11.jpeg,user_provided_product_page_screenshot
company:603927.SH,product_screenshot_page:603927.SH:12,has_product_screenshot_page,,data/raw/product_page_screenshots/603927.SH/12.中科软-截图12.jpeg,user_provided_product_page_screenshot
company:603927.SH,product_screenshot_page:603927.SH:13,has_product_screenshot_page,,data/raw/product_page_screenshots/603927.SH/12.中科软-截图13.jpeg,user_provided_product_page_screenshot
company:603927.SH,product_screenshot_page:603927.SH:14,has_product_screenshot_page,,data/raw/product_page_screenshots/603927.SH/12.中科软-截图14.jpeg,user_provided_product_page_screenshot
company:603927.SH,product_screenshot_page:603927.SH:2,has_product_screenshot_page,,data/raw/product_page_screenshots/603927.SH/12.中科软-截图2.jpeg,user_provided_product_page_screenshot
company:603927.SH,product_screenshot_page:603927.SH:3,has_product_screenshot_page,,data/raw/product_page_screenshots/603927.SH/12.中科软-截图3.jpeg,user_provided_product_page_screenshot
company:603927.SH,product_screenshot_page:603927.SH:4,has_product_screenshot_page,,data/raw/product_page_screenshots/603927.SH/12.中科软-截图4.jpeg,user_provided_product_page_screenshot
company:603927.SH,product_screenshot_page:603927.SH:5,has_product_screenshot_page,,data/raw/product_page_screenshots/603927.SH/12.中科软-截图5.jpeg,user_provided_product_page_screenshot
company:603927.SH,product_screenshot_page:603927.SH:6,has_product_screenshot_page,,data/raw/product_page_screenshots/603927.SH/12.中科软-截图6.jpeg,user_provided_product_page_screenshot
company:603927.SH,product_screenshot_page:603927.SH:7,has_product_screenshot_page,,data/raw/product_page_screenshots/603927.SH/12.中科软-截图7.jpeg,user_provided_product_page_screenshot
company:603927.SH,product_screenshot_page:603927.SH:8,has_product_screenshot_page,,data/raw/product_page_screenshots/603927.SH/12.中科软-截图8.jpeg,user_provided_product_page_screenshot
company:603927.SH,product_screenshot_page:603927.SH:9,has_product_screenshot_page,,data/raw/product_page_screenshots/603927.SH/12.中科软-截图9.jpeg,user_provided_product_page_screenshot
company:002987.SZ,product_line:002987.SZ:盘庚测试平台类,offers_page_verified_ai_product_entity,,页面说明将人工智能和大数据技术引入测试平台。,page_verified_explicit_ai_financial_scope
product_line:002987.SZ:盘庚测试平台类,technical_category:工程与基础设施,maps_to_technical_category,,金融软件测试,page_verified_explicit_ai_financial_scope
product_screenshot_page:002987.SZ:1,product_line:002987.SZ:盘庚测试平台类,documents_product_entity,,页面说明将人工智能和大数据技术引入测试平台。,page_verified_explicit_ai_financial_scope
company:002987.SZ,product_line:002987.SZ:数字化协同办公平台,offers_page_verified_ai_product_entity,,页面说明使用 OCR、智能纠错和智能机器人。,page_verified_explicit_ai_financial_scope
product_line:002987.SZ:数字化协同办公平台,technical_category:视觉与智能决策,maps_to_technical_category,,金融运营协同,page_verified_explicit_ai_financial_scope
product_screenshot_page:002987.SZ:2,product_line:002987.SZ:数字化协同办公平台,documents_product_entity,,页面说明使用 OCR、智能纠错和智能机器人。,page_verified_explicit_ai_financial_scope
company:002987.SZ,product_line:002987.SZ:统一影像管理平台,offers_page_verified_ai_product_entity,,页面说明使用 OCR。,page_verified_explicit_ai_financial_scope
product_line:002987.SZ:统一影像管理平台,technical_category:视觉与智能决策,maps_to_technical_category,,金融影像管理,page_verified_explicit_ai_financial_scope
product_screenshot_page:002987.SZ:2,product_line:002987.SZ:统一影像管理平台,documents_product_entity,,页面说明使用 OCR。,page_verified_explicit_ai_financial_scope
company:002987.SZ,product_line:002987.SZ:综合档案管理系统,offers_page_verified_ai_product_entity,,页面说明使用自然语言处理技术和大模型算法。,page_verified_explicit_ai_financial_scope
product_line:002987.SZ:综合档案管理系统,technical_category:大模型与语言技术,maps_to_technical_category,,金融档案管理,page_verified_explicit_ai_financial_scope
product_screenshot_page:002987.SZ:2,product_line:002987.SZ:综合档案管理系统,documents_product_entity,,页面说明使用自然语言处理技术和大模型算法。,page_verified_explicit_ai_financial_scope
company:002987.SZ,product_line:002987.SZ:NLP及大模型算法服务平台,offers_page_verified_ai_product_entity,,页面直接列示 NLP 及大模型算法服务平台。,page_verified_explicit_ai_financial_scope
product_line:002987.SZ:NLP及大模型算法服务平台,technical_category:大模型与语言技术,maps_to_technical_category,,金融文本与知识处理,page_verified_explicit_ai_financial_scope
product_screenshot_page:002987.SZ:4,product_line:002987.SZ:NLP及大模型算法服务平台,documents_product_entity,,页面直接列示 NLP 及大模型算法服务平台。,page_verified_explicit_ai_financial_scope
company:002987.SZ,product_line:002987.SZ:OCR智能识别服务平台,offers_page_verified_ai_product_entity,,页面直接列示 OCR 智能识别服务平台。,page_verified_explicit_ai_financial_scope
product_line:002987.SZ:OCR智能识别服务平台,technical_category:视觉与智能决策,maps_to_technical_category,,金融文档识别,page_verified_explicit_ai_financial_scope
product_screenshot_page:002987.SZ:4,product_line:002987.SZ:OCR智能识别服务平台,documents_product_entity,,页面直接列示 OCR 智能识别服务平台。,page_verified_explicit_ai_financial_scope
company:002987.SZ,product_line:002987.SZ:RPA机器人流程自动化平台,offers_page_verified_ai_product_entity,,页面直接列示 RPA 机器人流程自动化平台。,page_verified_explicit_ai_financial_scope
product_line:002987.SZ:RPA机器人流程自动化平台,technical_category:工程与基础设施,maps_to_technical_category,,金融流程自动化,page_verified_explicit_ai_financial_scope
product_screenshot_page:002987.SZ:4,product_line:002987.SZ:RPA机器人流程自动化平台,documents_product_entity,,页面直接列示 RPA 机器人流程自动化平台。,page_verified_explicit_ai_financial_scope
company:002987.SZ,product_line:002987.SZ:企业知识助手,offers_page_verified_ai_product_entity,,页面直接列示企业知识助手。,page_verified_explicit_ai_financial_scope
product_line:002987.SZ:企业知识助手,technical_category:大模型与语言技术,maps_to_technical_category,,金融知识服务,page_verified_explicit_ai_financial_scope
product_screenshot_page:002987.SZ:4,product_line:002987.SZ:企业知识助手,documents_product_entity,,页面直接列示企业知识助手。,page_verified_explicit_ai_financial_scope
company:002987.SZ,product_line:002987.SZ:流程平台,offers_page_verified_ai_product_entity,,页面说明流程平台采用人工智能识别技术。,page_verified_explicit_ai_financial_scope
product_line:002987.SZ:流程平台,technical_category:工程与基础设施,maps_to_technical_category,,金融业务流程设计,page_verified_explicit_ai_financial_scope
product_screenshot_page:002987.SZ:5,product_line:002987.SZ:流程平台,documents_product_entity,,页面说明流程平台采用人工智能识别技术。,page_verified_explicit_ai_financial_scope
company:002987.SZ,product_line:002987.SZ:事后监督系统,offers_page_verified_ai_product_entity,,页面说明采用 OCR 和 AI 智能化手段识别凭证与记录。,page_verified_explicit_ai_financial_scope
product_line:002987.SZ:事后监督系统,technical_category:视觉与智能决策,maps_to_technical_category,,银行运营监督,page_verified_explicit_ai_financial_scope
product_screenshot_page:002987.SZ:6,product_line:002987.SZ:事后监督系统,documents_product_entity,,页面说明采用 OCR 和 AI 智能化手段识别凭证与记录。,page_verified_explicit_ai_financial_scope
company:002987.SZ,product_line:002987.SZ:数字化运营管理平台,offers_page_verified_ai_product_entity,,页面说明基于 AI 计算机视觉进行视频异常监控。,page_verified_explicit_ai_financial_scope
product_line:002987.SZ:数字化运营管理平台,technical_category:视觉与智能决策,maps_to_technical_category,,银行运营监控,page_verified_explicit_ai_financial_scope
product_screenshot_page:002987.SZ:6,product_line:002987.SZ:数字化运营管理平台,documents_product_entity,,页面说明基于 AI 计算机视觉进行视频异常监控。,page_verified_explicit_ai_financial_scope
company:002987.SZ,product_line:002987.SZ:运营风险监控系统,offers_page_verified_ai_product_entity,,页面说明使用大数据风险模型和机器学习。,page_verified_explicit_ai_financial_scope
product_line:002987.SZ:运营风险监控系统,technical_category:金融业务场景,maps_to_technical_category,,银行运营风险,page_verified_explicit_ai_financial_scope
product_screenshot_page:002987.SZ:6,product_line:002987.SZ:运营风险监控系统,documents_product_entity,,页面说明使用大数据风险模型和机器学习。,page_verified_explicit_ai_financial_scope
company:002987.SZ,product_line:002987.SZ:集约化运营系统（含集中授权）,offers_page_verified_ai_product_entity,,页面说明智能授权使用 AI-OCR。,page_verified_explicit_ai_financial_scope
product_line:002987.SZ:集约化运营系统（含集中授权）,technical_category:视觉与智能决策,maps_to_technical_category,,银行集中运营,page_verified_explicit_ai_financial_scope
product_screenshot_page:002987.SZ:6,product_line:002987.SZ:集约化运营系统（含集中授权）,documents_product_entity,,页面说明智能授权使用 AI-OCR。,page_verified_explicit_ai_financial_scope
company:002987.SZ,product_line:002987.SZ:基金代销系统,offers_page_verified_ai_product_entity,,页面说明提供智能推荐。,page_verified_explicit_ai_financial_scope
product_line:002987.SZ:基金代销系统,technical_category:金融业务场景,maps_to_technical_category,,基金代销,page_verified_explicit_ai_financial_scope
product_screenshot_page:002987.SZ:8,product_line:002987.SZ:基金代销系统,documents_product_entity,,页面说明提供智能推荐。,page_verified_explicit_ai_financial_scope
company:002987.SZ,product_line:002987.SZ:理财销售系统,offers_page_verified_ai_product_entity,,页面说明使用 OCR、NLP 等技术。,page_verified_explicit_ai_financial_scope
product_line:002987.SZ:理财销售系统,technical_category:金融业务场景,maps_to_technical_category,,理财销售,page_verified_explicit_ai_financial_scope
product_screenshot_page:002987.SZ:8,product_line:002987.SZ:理财销售系统,documents_product_entity,,页面说明使用 OCR、NLP 等技术。,page_verified_explicit_ai_financial_scope
company:002987.SZ,product_line:002987.SZ:资产管理系统,offers_page_verified_ai_product_entity,,页面说明融入人工智能和大数据，并使用 AI 模型。,page_verified_explicit_ai_financial_scope
product_line:002987.SZ:资产管理系统,technical_category:金融业务场景,maps_to_technical_category,,资产管理,page_verified_explicit_ai_financial_scope
product_screenshot_page:002987.SZ:8,product_line:002987.SZ:资产管理系统,documents_product_entity,,页面说明融入人工智能和大数据，并使用 AI 模型。,page_verified_explicit_ai_financial_scope
company:002987.SZ,product_line:002987.SZ:供应链金融服务平台,offers_page_verified_ai_product_entity,,页面说明采用人工智能并支持合同审查、OCR 等。,page_verified_explicit_ai_financial_scope
product_line:002987.SZ:供应链金融服务平台,technical_category:金融业务场景,maps_to_technical_category,,供应链金融与信贷,page_verified_explicit_ai_financial_scope
product_screenshot_page:002987.SZ:9,product_line:002987.SZ:供应链金融服务平台,documents_product_entity,,页面说明采用人工智能并支持合同审查、OCR 等。,page_verified_explicit_ai_financial_scope
company:002987.SZ,product_line:002987.SZ:反洗钱监测分析系统,offers_page_verified_ai_product_entity,,页面说明采用人工智能和大语言模型。,page_verified_explicit_ai_financial_scope
product_line:002987.SZ:反洗钱监测分析系统,technical_category:金融业务场景,maps_to_technical_category,,反洗钱与合规,page_verified_explicit_ai_financial_scope
product_screenshot_page:002987.SZ:10,product_line:002987.SZ:反洗钱监测分析系统,documents_product_entity,,页面说明采用人工智能和大语言模型。,page_verified_explicit_ai_financial_scope
company:300663.SZ,product_line:300663.SZ:AI原生手机银行,offers_page_verified_ai_product_entity,,页面列示“AI原生手机银行”。,page_verified_explicit_ai_financial_scope
product_line:300663.SZ:AI原生手机银行,technical_category:人工智能基础,maps_to_technical_category,,智能渠道与手机银行,page_verified_explicit_ai_financial_scope
product_screenshot_page:300663.SZ:1,product_line:300663.SZ:AI原生手机银行,documents_product_entity,,页面列示“AI原生手机银行”。,page_verified_explicit_ai_financial_scope
company:300663.SZ,product_line:300663.SZ:Galaxy OCR证件识别,offers_page_verified_ai_product_entity,,页面列示“Galaxy OCR证件识别”。,page_verified_explicit_ai_financial_scope
product_line:300663.SZ:Galaxy OCR证件识别,technical_category:视觉与智能决策,maps_to_technical_category,,证件识别与网点业务,page_verified_explicit_ai_financial_scope
product_screenshot_page:300663.SZ:1,product_line:300663.SZ:Galaxy OCR证件识别,documents_product_entity,,页面列示“Galaxy OCR证件识别”。,page_verified_explicit_ai_financial_scope
company:300663.SZ,product_line:300663.SZ:智能高柜数字机器人“小蓝”,offers_page_verified_ai_product_entity,,页面列示“智能高柜数字机器人‘小蓝’”。,page_verified_explicit_ai_financial_scope
product_line:300663.SZ:智能高柜数字机器人“小蓝”,technical_category:人工智能基础,maps_to_technical_category,,银行网点服务,page_verified_explicit_ai_financial_scope
product_screenshot_page:300663.SZ:1,product_line:300663.SZ:智能高柜数字机器人“小蓝”,documents_product_entity,,页面列示“智能高柜数字机器人‘小蓝’”。,page_verified_explicit_ai_financial_scope
company:603927.SH,product_line:603927.SH:人工智能平台,offers_page_verified_ai_product_entity,,财产保险产品体系中列示人工智能平台。,page_verified_explicit_ai_financial_scope
product_line:603927.SH:人工智能平台,technical_category:人工智能基础,maps_to_technical_category,,财产保险产品支撑,page_verified_explicit_ai_financial_scope
product_screenshot_page:603927.SH:1,product_line:603927.SH:人工智能平台,documents_product_entity,,财产保险产品体系中列示人工智能平台。,page_verified_explicit_ai_financial_scope
company:600570.SH,product_snapshot:600570.SH,has_product_evidence,,data/raw/product_page_snapshots/1-4 产品文字版.docx,raw_text_snapshot
company:300033.SZ,product_snapshot:300033.SZ,has_product_evidence,,data/raw/product_page_snapshots/1-4 产品文字版.docx,raw_text_snapshot
company:300059.SZ,product_snapshot:300059.SZ,has_product_evidence,,data/raw/product_page_snapshots/1-4 产品文字版.docx,raw_text_snapshot
company:600446.SH,product_snapshot:600446.SH,has_product_evidence,,data/raw/product_page_snapshots/1-4 产品文字版.docx,raw_text_snapshot
company:300377.SZ,product_snapshot:300377.SZ,has_product_evidence,,data/raw/product_page_snapshots/5-8产品全部.docx,raw_text_snapshot
company:300674.SZ,product_snapshot:300674.SZ,has_product_evidence,,data/raw/product_page_snapshots/5-8产品全部.docx,raw_text_snapshot
company:000555.SZ,product_snapshot:000555.SZ,has_product_evidence,,data/raw/product_page_snapshots/5-8产品全部.docx,raw_text_snapshot
company:300348.SZ,product_snapshot:300348.SZ,has_product_evidence,,data/raw/product_page_snapshots/5-8产品全部.docx,raw_text_snapshot
company:300872.SZ,product_screenshots:300872.SZ,has_product_evidence,,data/raw/product_page_screenshots/300872.SZ/9.天阳科技-截图1.jpeg；data/raw/product_page_screenshots/300872.SZ/9.天阳科技-截图2.jpeg；data/raw/product_page_screenshots/300872.SZ/9.天阳科技-截图3.jpeg；data/raw/product_page_screenshots/300872.SZ/9.天阳科技-截图4.jpeg；data/raw/product_page_screenshots/300872.SZ/9.天阳科技-截图5.jpeg,raw_image_snapshot
company:300663.SZ,product_screenshots:300663.SZ,has_product_evidence,,data/raw/product_page_screenshots/300663.SZ/10.科蓝软件-截图.jpeg,raw_image_snapshot
company:002987.SZ,product_screenshots:002987.SZ,has_product_evidence,,data/raw/product_page_screenshots/002987.SZ/11.京北方-截图1.jpeg；data/raw/product_page_screenshots/002987.SZ/11.京北方-截图2.jpeg；data/raw/product_page_screenshots/002987.SZ/11.京北方-截图3.jpeg；data/raw/product_page_screenshots/002987.SZ/11.京北方-截图4.jpeg；data/raw/product_page_screenshots/002987.SZ/11.京北方-截图5.jpeg；data/raw/product_page_screenshots/002987.SZ/11.京北方-截图6.jpeg；data/raw/product_page_screenshots/002987.SZ/11.京北方-截图7.jpeg；data/raw/product_page_screenshots/002987.SZ/11.京北方-截图8.jpeg；data/raw/product_page_screenshots/002987.SZ/11.京北方-截图9.jpeg；data/raw/product_page_screenshots/002987.SZ/11.京北方-截图10.jpeg；data/raw/product_page_screenshots/002987.SZ/11.京北方-截图11.jpeg；data/raw/product_page_screenshots/002987.SZ/11.京北方-截图12.jpeg；data/raw/product_page_screenshots/002987.SZ/11.京北方-截图13.jpeg；data/raw/product_page_screenshots/002987.SZ/11.京北方-截图14.jpeg；data/raw/product_page_screenshots/002987.SZ/11.京北方-截图15.jpeg；data/raw/product_page_screenshots/002987.SZ/11.京北方-截图16.jpeg；data/raw/product_page_screenshots/002987.SZ/11.京北方-截图17.jpeg,raw_image_snapshot
company:603927.SH,product_screenshots:603927.SH,has_product_evidence,,data/raw/product_page_screenshots/603927.SH/12.中科软-截图1.jpeg；data/raw/product_page_screenshots/603927.SH/12.中科软-截图2.jpeg；data/raw/product_page_screenshots/603927.SH/12.中科软-截图3.jpeg；data/raw/product_page_screenshots/603927.SH/12.中科软-截图4.jpeg；data/raw/product_page_screenshots/603927.SH/12.中科软-截图5.jpeg；data/raw/product_page_screenshots/603927.SH/12.中科软-截图6.jpeg；data/raw/product_page_screenshots/603927.SH/12.中科软-截图7.jpeg；data/raw/product_page_screenshots/603927.SH/12.中科软-截图8.jpeg；data/raw/product_page_screenshots/603927.SH/12.中科软-截图9.jpeg；data/raw/product_page_screenshots/603927.SH/12.中科软-截图10.jpeg；data/raw/product_page_screenshots/603927.SH/12.中科软-截图11.jpeg；data/raw/product_page_screenshots/603927.SH/12.中科软-截图12.jpeg；data/raw/product_page_screenshots/603927.SH/12.中科软-截图13.jpeg；data/raw/product_page_screenshots/603927.SH/12.中科软-截图14.jpeg,raw_image_snapshot
company:688590.SH,product_snapshot:688590.SH,has_product_evidence,,data/raw/product_page_snapshots/13-15产品.docx,raw_text_snapshot
company:002230.SZ,product_snapshot:002230.SZ,has_product_evidence,,data/raw/product_page_snapshots/13-15产品.docx,raw_text_snapshot
company:300229.SZ,product_snapshot:300229.SZ,has_product_evidence,,data/raw/product_page_snapshots/13-15产品.docx,raw_text_snapshot
company:300059.SZ,asset_group:高资产组,belongs_to_asset_size_group,392933744976.2,2025 annual-report financial summary table,descriptive_grouping
company:002230.SZ,asset_group:高资产组,belongs_to_asset_size_group,44857109349.34,2025 annual-report financial summary table,descriptive_grouping
company:600570.SH,asset_group:高资产组,belongs_to_asset_size_group,15907117992.47,2025 annual-report financial summary table,descriptive_grouping
company:300033.SZ,asset_group:高资产组,belongs_to_asset_size_group,15832994333.52,2025 annual-report financial summary table,descriptive_grouping
company:000555.SZ,asset_group:高资产组,belongs_to_asset_size_group,12525575558.1,2025 annual-report financial summary table,descriptive_grouping
company:603927.SH,asset_group:中资产组,belongs_to_asset_size_group,7994112191.21,2025 annual-report financial summary table,descriptive_grouping
company:300674.SZ,asset_group:中资产组,belongs_to_asset_size_group,6818799864.19,2025 annual-report financial summary table,descriptive_grouping
company:600446.SH,asset_group:中资产组,belongs_to_asset_size_group,5458738027.91,2025 annual-report financial summary table,descriptive_grouping
company:300872.SZ,asset_group:中资产组,belongs_to_asset_size_group,4784424654.8,2025 annual-report financial summary table,descriptive_grouping
company:300229.SZ,asset_group:中资产组,belongs_to_asset_size_group,4207791883.05,2025 annual-report financial summary table,descriptive_grouping
company:002987.SZ,asset_group:低资产组,belongs_to_asset_size_group,3560501383.8,2025 annual-report financial summary table,descriptive_grouping
company:688590.SH,asset_group:低资产组,belongs_to_asset_size_group,3210084146.61,2025 annual-report financial summary table,descriptive_grouping
company:300348.SZ,asset_group:低资产组,belongs_to_asset_size_group,2951093993.73,2025 annual-report financial summary table,descriptive_grouping
company:300377.SZ,asset_group:低资产组,belongs_to_asset_size_group,2754606206.17,2025 annual-report financial summary table,descriptive_grouping
company:300663.SZ,asset_group:低资产组,belongs_to_asset_size_group,1766409273.43,2025 annual-report financial summary table,descriptive_grouping
