company_code,company_name,short_name,segment,screening_status,inclusion_reason,evidence_url,evidence_access_date,reviewer,notes
300674,北京宇信科技集团股份有限公司,宇信科技,银行IT与智能风控,verified,"2025年年报披露其银行IT解决方案收入及AI大模型驱动的银行智能风控案例，符合银行IT与AI金融科技业务的联合纳入标准。",https://static.cninfo.com.cn/finalpage/2026-03-30/1225050258.pdf,2026-08-11,待复核,"仅表示已通过初步证据复核；须补充官网产品页和招聘样本。"
002987,京北方信息技术股份有限公司,京北方,银行IT与数字人民币,verified,"2025年年报披露面向银行的数字人民币系统建设能力，并披露AI Agent在金融营销、风控、运维场景的研发与对接方向。",https://static.cninfo.com.cn/finalpage/2026-04-18/1225117058.PDF,2026-08-11,待复核,"仅表示已通过初步证据复核；须补充官网产品页和招聘样本。"
300465,高伟达软件股份有限公司,高伟达,银行IT与数据智能,verified,"2025年年报披露公司以银行业为主的金融信息化服务，并说明研发和业务升级向人工智能等方向倾斜；产品线包括核心业务系统、数据智能应用与服务、全面风险管理等。",https://static.cninfo.com.cn/finalpage/2026-03-27/1225034599.PDF,2026-08-11,待复核,"巨潮资讯网2025年年度报告全文；待下载原件并补充官网产品页。"
300339,江苏润和软件股份有限公司,润和软件,金融科技AI测试与解决方案,verified,"2025年年报摘要披露其面向银行、证券等金融机构开展金融科技AI测试相关拓展；该条目须在完整年报下载后复核具体产品、收入和技术表述。",https://static.cninfo.com.cn/finalpage/2026-04-22/1225141882.PDF,2026-08-11,待复核,"巨潮资讯网2025年年报摘要，来源级别低于完整年报；不用于财务或产品强结论。"
300059,东方财富信息股份有限公司,东方财富,智能投研与金融数据服务,verified,"2025年度董事会工作报告披露AI研究员及妙想大模型的金融业务适配，属于金融数据、投研与财富管理场景。",https://static.cninfo.com.cn/finalpage/2026-03-20/1225019531.PDF,2026-08-11,待复核,"巨潮资讯网董事会工作报告；需补录完整2025年报和官网产品页。"
600570,恒生电子股份有限公司,恒生电子,资本市场金融科技与智能投顾,verified,"2025年年报披露其面向证券、基金、银行、保险等提供金融科技方案；资产配置平台融合AI大模型场景并覆盖投研支持、智能配置和投后陪伴。",https://www.fxbaogao.com/detail/5321650,2026-08-11,待复核,"当前检索到年报镜像文本，提交前必须替换为上交所或公司官网的原始年报链接。"
300377,深圳市赢时胜信息技术股份有限公司,赢时胜,金融资产管理与AI数字员工,verified,"2025年年报披露公司面向金融资产管理的AI数字员工平台，并将大模型应用于托管业务价值链。",https://static.cninfo.com.cn/finalpage/2026-04-21/1225129499.PDF,2026-08-11,待复核,"巨潮资讯网2025年年度报告全文；待下载原件并补充官网产品页。"
300348,深圳市长亮科技股份有限公司,长亮科技,银行核心系统与智能风控,verified,"2025年年报披露AI与金融的融合，包括AI银行核心系统、RAG解决方案和金融大数据智能风控实践。",https://300348.irlianmeng.com/News/ggDetail/id/285235828.html,2026-08-11,待复核,"公司投资者关系站点的2025年年度报告页面；应补存巨潮或公司原始PDF。"
300033,浙江核新同花顺网络信息股份有限公司,同花顺,金融数据与AI投研平台,verified,"2025年年报摘要披露公司将人工智能技术与主营业务融合，并向AI驱动型金融科技平台转型。",https://money.finance.sina.com.cn/corp/view/vCB_AllBulletinDetail.php?id=11987625&stockid=300033,2026-08-11,待复核,"当前为年报摘要镜像，提交前必须替换为巨潮或公司官网完整年报。"
